file,canon_target,status_bucket,http_status,notes
404.html,https://canalizador-norte-reparos.pt/404,self-ref-ok,,canonical matches source route
admin/index.html,,no-canonical,,no canonical link found
admin/preview-carte.html,,no-canonical,,no canonical link found
admin/track.html,https://canalizador-norte-reparos.pt/admin/track,self-ref-ok,,canonical matches source route
areas-atuacao.html,https://canalizador-norte-reparos.pt/areas-atuacao,self-ref-ok,,canonical matches source route
aumento-pressao-agua-casa.html,https://canalizador-norte-reparos.pt/aumento-pressao-agua-casa,self-ref-ok,,canonical matches source route
autoclismo-perder-agua.html,https://canalizador-norte-reparos.pt/autoclismo-perder-agua,self-ref-ok,,canonical matches source route
avaliacoes-clientes.html,https://canalizador-norte-reparos.pt/avaliacoes-clientes,self-ref-ok,,canonical matches source route
blog/agua-amarela-torneira-causa.html,https://canalizador-norte-reparos.pt/blog/agua-amarela-torneira-causa,self-ref-ok,,canonical matches source route
blog/agua-amarela-torneira.html,https://canalizador-norte-reparos.pt/blog/agua-amarela-torneira,self-ref-ok,,canonical matches source route
blog/agua-calcario-solucoes.html,https://canalizador-norte-reparos.pt/blog/agua-calcario-solucoes,self-ref-ok,,canonical matches source route
blog/agua-castanha-torneira-causas.html,https://canalizador-norte-reparos.pt/blog/agua-castanha-torneira-causas,self-ref-ok,,canonical matches source route
blog/agua-castanha-torneira-o-que-fazer.html,https://canalizador-norte-reparos.pt/blog/agua-castanha-torneira-o-que-fazer,self-ref-ok,,canonical matches source route
blog/agua-com-cor-cheiro.html,https://canalizador-norte-reparos.pt/blog/agua-com-cor-cheiro,self-ref-ok,,canonical matches source route
blog/agua-dura-calcario-solucoes.html,https://canalizador-norte-reparos.pt/blog/agua-dura-calcario-solucoes,self-ref-ok,,canonical matches source route
blog/agua-fria-funciona-agua-quente-nao.html,https://canalizador-norte-reparos.pt/blog/agua-fria-funciona-agua-quente-nao,self-ref-ok,,canonical matches source route
blog/agua-morna-nao-fica-quente.html,https://canalizador-norte-reparos.pt/blog/agua-morna-nao-fica-quente,self-ref-ok,,canonical matches source route
blog/agua-no-teto-vizinho-cima.html,https://canalizador-norte-reparos.pt/blog/agua-no-teto-vizinho-cima,self-ref-ok,,canonical matches source route
blog/agua-poco-vs-rede-publica.html,https://canalizador-norte-reparos.pt/blog/agua-poco-vs-rede-publica,self-ref-ok,,canonical matches source route
blog/agua-quente-demora-chegar-causa.html,https://canalizador-norte-reparos.pt/blog/agua-quente-demora-chegar-causa,self-ref-ok,,canonical matches source route
blog/agua-quente-demora-chegar.html,https://canalizador-norte-reparos.pt/blog/agua-quente-demora-chegar,self-ref-ok,,canonical matches source route
blog/agua-quente-nao-chega.html,https://canalizador-norte-reparos.pt/blog/agua-quente-nao-chega,self-ref-ok,,canonical matches source route
blog/agua-quente-sem-pressao-chuveiro.html,https://canalizador-norte-reparos.pt/blog/agua-quente-sem-pressao-chuveiro,self-ref-ok,,canonical matches source route
blog/ampliar-casa-banho-dicas.html,https://canalizador-norte-reparos.pt/blog/ampliar-casa-banho-dicas,self-ref-ok,,canonical matches source route
blog/aquecimento-central-manutencao-inverno.html,https://canalizador-norte-reparos.pt/blog/aquecimento-central-manutencao-inverno,self-ref-ok,,canonical matches source route
blog/autoclismo-corre-sempre.html,https://canalizador-norte-reparos.pt/blog/autoclismo-corre-sempre,self-ref-ok,,canonical matches source route
blog/autoclismo-correr-agua-causa-solucao.html,https://canalizador-norte-reparos.pt/blog/autoclismo-correr-agua-causa-solucao,self-ref-ok,,canonical matches source route
blog/autoclismo-embutido-vs-exterior.html,https://canalizador-norte-reparos.pt/blog/autoclismo-embutido-vs-exterior,self-ref-ok,,canonical matches source route
blog/autoclismo-enche-devagar.html,https://canalizador-norte-reparos.pt/blog/autoclismo-enche-devagar,self-ref-ok,,canonical matches source route
blog/autoclismo-nao-enche-causas.html,https://canalizador-norte-reparos.pt/blog/autoclismo-nao-enche-causas,self-ref-ok,,canonical matches source route
blog/autoclismo-nao-enche-solucao.html,https://canalizador-norte-reparos.pt/blog/autoclismo-nao-enche-solucao,self-ref-ok,,canonical matches source route
blog/autoclismo-nao-para-correr-solucoes.html,https://canalizador-norte-reparos.pt/blog/autoclismo-nao-para-correr-solucoes,self-ref-ok,,canonical matches source route
blog/autoclismo-nao-para-correr.html,https://canalizador-norte-reparos.pt/blog/autoclismo-nao-para-correr,self-ref-ok,,canonical matches source route
blog/azulejos-soltos-casa-banho.html,https://canalizador-norte-reparos.pt/blog/azulejos-soltos-casa-banho,self-ref-ok,,canonical matches source route
blog/banheira-nao-esgota-solucao.html,https://canalizador-norte-reparos.pt/blog/banheira-nao-esgota-solucao,self-ref-ok,,canonical matches source route
blog/banheira-nao-esvazia.html,https://canalizador-norte-reparos.pt/blog/banheira-nao-esvazia,self-ref-ok,,canonical matches source route
blog/banheira-vs-base-duche.html,https://canalizador-norte-reparos.pt/blog/banheira-vs-base-duche,self-ref-ok,,canonical matches source route
blog/barulho-canos-agua-causas.html,https://canalizador-norte-reparos.pt/blog/barulho-canos-agua-causas,self-ref-ok,,canonical matches source route
blog/barulho-canos-agua-noite-causa.html,https://canalizador-norte-reparos.pt/blog/barulho-canos-agua-noite-causa,self-ref-ok,,canonical matches source route
blog/barulho-canos-dentro-parede.html,https://canalizador-norte-reparos.pt/blog/barulho-canos-dentro-parede,self-ref-ok,,canonical matches source route
blog/base-duche-entupida.html,https://canalizador-norte-reparos.pt/blog/base-duche-entupida,self-ref-ok,,canonical matches source route
blog/bidet-fuga-agua.html,https://canalizador-norte-reparos.pt/blog/bidet-fuga-agua,self-ref-ok,,canonical matches source route
blog/blog-desentupir-sem-quimicos.html,https://canalizador-norte-reparos.pt/blog/blog-desentupir-sem-quimicos,self-ref-ok,,canonical matches source route
blog/bolhas-ar-canalizacao.html,https://canalizador-norte-reparos.pt/blog/bolhas-ar-canalizacao,self-ref-ok,,canonical matches source route
blog/bomba-agua-jardim-escolher.html,https://canalizador-norte-reparos.pt/blog/bomba-agua-jardim-escolher,self-ref-ok,,canonical matches source route
blog/bomba-piscina-como-escolher.html,https://canalizador-norte-reparos.pt/blog/bomba-piscina-como-escolher,self-ref-ok,,canonical matches source route
blog/caixa-gordura-limpeza.html,https://canalizador-norte-reparos.pt/blog/caixa-gordura-limpeza,self-ref-ok,,canonical matches source route
blog/caldeira-condensacao-vs-convencional.html,https://canalizador-norte-reparos.pt/blog/caldeira-condensacao-vs-convencional,self-ref-ok,,canonical matches source route
blog/caldeira-erro-codigos-comuns.html,https://canalizador-norte-reparos.pt/blog/caldeira-erro-codigos-comuns,self-ref-ok,,canonical matches source route
blog/caldeira-faz-barulho-causas.html,https://canalizador-norte-reparos.pt/blog/caldeira-faz-barulho-causas,self-ref-ok,,canonical matches source route
blog/caldeira-perde-pressao.html,https://canalizador-norte-reparos.pt/blog/caldeira-perde-pressao,self-ref-ok,,canonical matches source route
blog/canalizacao-antiga-casa.html,https://canalizador-norte-reparos.pt/blog/canalizacao-antiga-casa,self-ref-ok,,canonical matches source route
blog/canalizacao-casa-pedra-granito.html,https://canalizador-norte-reparos.pt/blog/canalizacao-casa-pedra-granito,self-ref-ok,,canonical matches source route
blog/canalizacao-congelada-inverno.html,https://canalizador-norte-reparos.pt/blog/canalizacao-congelada-inverno,self-ref-ok,,canonical matches source route
blog/canalizacao-piscina-guia.html,https://canalizador-norte-reparos.pt/blog/canalizacao-piscina-guia,self-ref-ok,,canonical matches source route
blog/canalizacao-turismo-rural.html,https://canalizador-norte-reparos.pt/blog/canalizacao-turismo-rural,self-ref-ok,,canonical matches source route
blog/canalizador-urgencia-alfandega-fe-guia.html,https://canalizador-norte-reparos.pt/blog/canalizador-urgencia-alfandega-fe-guia,self-ref-ok,,canonical matches source route
blog/canalizador-urgencia-alijo-guia.html,https://canalizador-norte-reparos.pt/blog/canalizador-urgencia-alijo-guia,self-ref-ok,,canonical matches source route
blog/canalizador-urgencia-boticas-guia.html,https://canalizador-norte-reparos.pt/blog/canalizador-urgencia-boticas-guia,self-ref-ok,,canonical matches source route
blog/canalizador-urgencia-braganca-guia.html,https://canalizador-norte-reparos.pt/blog/canalizador-urgencia-braganca-guia,self-ref-ok,,canonical matches source route
blog/canalizador-urgencia-carrazeda-ansiaes-guia.html,https://canalizador-norte-reparos.pt/blog/canalizador-urgencia-carrazeda-ansiaes-guia,self-ref-ok,,canonical matches source route
blog/canalizador-urgencia-chaves-guia.html,https://canalizador-norte-reparos.pt/blog/canalizador-urgencia-chaves-guia,self-ref-ok,,canonical matches source route
blog/canalizador-urgencia-freixo-espada-cinta-guia.html,https://canalizador-norte-reparos.pt/blog/canalizador-urgencia-freixo-espada-cinta-guia,self-ref-ok,,canonical matches source route
blog/canalizador-urgencia-lamego-guia.html,https://canalizador-norte-reparos.pt/blog/canalizador-urgencia-lamego-guia,self-ref-ok,,canonical matches source route
blog/canalizador-urgencia-macedo-cavaleiros-guia.html,https://canalizador-norte-reparos.pt/blog/canalizador-urgencia-macedo-cavaleiros-guia,self-ref-ok,,canonical matches source route
blog/canalizador-urgencia-miranda-douro-guia.html,https://canalizador-norte-reparos.pt/blog/canalizador-urgencia-miranda-douro-guia,self-ref-ok,,canonical matches source route
blog/canalizador-urgencia-mirandela-guia.html,https://canalizador-norte-reparos.pt/blog/canalizador-urgencia-mirandela-guia,self-ref-ok,,canonical matches source route
blog/canalizador-urgencia-mogadouro-guia.html,https://canalizador-norte-reparos.pt/blog/canalizador-urgencia-mogadouro-guia,self-ref-ok,,canonical matches source route
blog/canalizador-urgencia-regua-guia.html,https://canalizador-norte-reparos.pt/blog/canalizador-urgencia-regua-guia,self-ref-ok,,canonical matches source route
blog/canalizador-urgencia-torre-moncorvo-guia.html,https://canalizador-norte-reparos.pt/blog/canalizador-urgencia-torre-moncorvo-guia,self-ref-ok,,canonical matches source route
blog/canalizador-urgencia-vila-flor-guia.html,https://canalizador-norte-reparos.pt/blog/canalizador-urgencia-vila-flor-guia,self-ref-ok,,canonical matches source route
blog/canalizador-urgencia-vila-real-guia.html,https://canalizador-norte-reparos.pt/blog/canalizador-urgencia-vila-real-guia,self-ref-ok,,canonical matches source route
blog/canalizador-urgencia-vimioso-guia.html,https://canalizador-norte-reparos.pt/blog/canalizador-urgencia-vimioso-guia,self-ref-ok,,canonical matches source route
blog/canalizador-urgencia-vinhais-guia.html,https://canalizador-norte-reparos.pt/blog/canalizador-urgencia-vinhais-guia,self-ref-ok,,canonical matches source route
blog/canalizador-zona-rural-desafios.html,https://canalizador-norte-reparos.pt/blog/canalizador-zona-rural-desafios,self-ref-ok,,canonical matches source route
blog/cano-a-bater-parede-solucao.html,https://canalizador-norte-reparos.pt/blog/cano-a-bater-parede-solucao,self-ref-ok,,canonical matches source route
blog/cano-congelado-descongelar-seguro.html,https://canalizador-norte-reparos.pt/blog/cano-congelado-descongelar-seguro,self-ref-ok,,canonical matches source route
blog/cano-congelado-descongelar.html,https://canalizador-norte-reparos.pt/blog/cano-congelado-descongelar,self-ref-ok,,canonical matches source route
blog/cano-entupido-gordura-solucoes.html,https://canalizador-norte-reparos.pt/blog/cano-entupido-gordura-solucoes,self-ref-ok,,canonical matches source route
blog/cano-ferrugem-oxidado-substituir.html,https://canalizador-norte-reparos.pt/blog/cano-ferrugem-oxidado-substituir,self-ref-ok,,canonical matches source route
blog/cano-furado-parede-reparar.html,https://canalizador-norte-reparos.pt/blog/cano-furado-parede-reparar,self-ref-ok,,canonical matches source route
blog/cano-rebentado-o-que-fazer-urgente.html,https://canalizador-norte-reparos.pt/blog/cano-rebentado-o-que-fazer-urgente,self-ref-ok,,canonical matches source route
blog/cano-rebentado-urgencia-o-que-fazer.html,https://canalizador-norte-reparos.pt/blog/cano-rebentado-urgencia-o-que-fazer,self-ref-ok,,canonical matches source route
blog/cano-rebentou-o-que-fazer-agora.html,https://canalizador-norte-reparos.pt/blog/cano-rebentou-o-que-fazer-agora,self-ref-ok,,canonical matches source route
blog/canos-ppr-vs-multicamada-vs-cobre.html,https://canalizador-norte-reparos.pt/blog/canos-ppr-vs-multicamada-vs-cobre,self-ref-ok,,canonical matches source route
blog/casa-banho-acessivel-idosos.html,https://canalizador-norte-reparos.pt/blog/casa-banho-acessivel-idosos,self-ref-ok,,canonical matches source route
blog/certificado-instalacao-gas.html,https://canalizador-norte-reparos.pt/blog/certificado-instalacao-gas,self-ref-ok,,canonical matches source route
blog/chao-molhado-casa-banho-causa.html,https://canalizador-norte-reparos.pt/blog/chao-molhado-casa-banho-causa,self-ref-ok,,canonical matches source route
blog/cheiro-agua-podre-casa-causa.html,https://canalizador-norte-reparos.pt/blog/cheiro-agua-podre-casa-causa,self-ref-ok,,canonical matches source route
blog/cheiro-esgoto-casa-banho-causa.html,https://canalizador-norte-reparos.pt/blog/cheiro-esgoto-casa-banho-causa,self-ref-ok,,canonical matches source route
blog/cheiro-esgoto-casa.html,https://canalizador-norte-reparos.pt/blog/cheiro-esgoto-casa,self-ref-ok,,canonical matches source route
blog/cheiro-esgoto-cozinha-causa.html,https://canalizador-norte-reparos.pt/blog/cheiro-esgoto-cozinha-causa,self-ref-ok,,canonical matches source route
blog/cheiro-esgoto-em-casa-causas.html,https://canalizador-norte-reparos.pt/blog/cheiro-esgoto-em-casa-causas,self-ref-ok,,canonical matches source route
blog/cheiro-esgoto-quando-chove-causa.html,https://canalizador-norte-reparos.pt/blog/cheiro-esgoto-quando-chove-causa,self-ref-ok,,canonical matches source route
blog/cheiro-esgoto-ralo.html,https://canalizador-norte-reparos.pt/blog/cheiro-esgoto-ralo,self-ref-ok,,canonical matches source route
blog/chuveiro-pressao-fraca-solucoes.html,https://canalizador-norte-reparos.pt/blog/chuveiro-pressao-fraca-solucoes,self-ref-ok,,canonical matches source route
blog/chuveiro-so-agua-fria-causa.html,https://canalizador-norte-reparos.pt/blog/chuveiro-so-agua-fria-causa,self-ref-ok,,canonical matches source route
blog/cobertura-piscina-vantagens.html,https://canalizador-norte-reparos.pt/blog/cobertura-piscina-vantagens,self-ref-ok,,canonical matches source route
blog/como-ajustar-boia-autoclismo.html,https://canalizador-norte-reparos.pt/blog/como-ajustar-boia-autoclismo,self-ref-ok,,canonical matches source route
blog/como-desentupir-banheira.html,https://canalizador-norte-reparos.pt/blog/como-desentupir-banheira,self-ref-ok,,canonical matches source route
blog/como-desentupir-cano-gordura.html,https://canalizador-norte-reparos.pt/blog/como-desentupir-cano-gordura,self-ref-ok,,canonical matches source route
blog/como-desentupir-canos-guia-completo.html,https://canalizador-norte-reparos.pt/blog/como-desentupir-canos-guia-completo,self-ref-ok,,canonical matches source route
blog/como-desentupir-cozinha-naturalmente.html,https://canalizador-norte-reparos.pt/blog/como-desentupir-cozinha-naturalmente,self-ref-ok,,canonical matches source route
blog/como-desentupir-lava-loica-cozinha.html,https://canalizador-norte-reparos.pt/blog/como-desentupir-lava-loica-cozinha,self-ref-ok,,canonical matches source route
blog/como-desentupir-lava-loica-passos.html,https://canalizador-norte-reparos.pt/blog/como-desentupir-lava-loica-passos,self-ref-ok,,canonical matches source route
blog/como-desentupir-lava-loica.html,https://canalizador-norte-reparos.pt/blog/como-desentupir-lava-loica,self-ref-ok,,canonical matches source route
blog/como-desentupir-ralo-chuveiro.html,https://canalizador-norte-reparos.pt/blog/como-desentupir-ralo-chuveiro,self-ref-ok,,canonical matches source route
blog/como-desentupir-ralo-duche.html,https://canalizador-norte-reparos.pt/blog/como-desentupir-ralo-duche,self-ref-ok,,canonical matches source route
blog/como-desentupir-sanita.html,https://canalizador-norte-reparos.pt/blog/como-desentupir-sanita,self-ref-ok,,canonical matches source route
blog/como-desentupir-sifao.html,https://canalizador-norte-reparos.pt/blog/como-desentupir-sifao,self-ref-ok,,canonical matches source route
blog/como-desentupir-tubo-queda.html,https://canalizador-norte-reparos.pt/blog/como-desentupir-tubo-queda,self-ref-ok,,canonical matches source route
blog/como-detectar-fuga-agua-sem-partir-paredes.html,https://canalizador-norte-reparos.pt/blog/como-detectar-fuga-agua-sem-partir-paredes,self-ref-ok,,canonical matches source route
blog/como-detectar-fuga-contador.html,https://canalizador-norte-reparos.pt/blog/como-detectar-fuga-contador,self-ref-ok,,canonical matches source route
blog/como-detectar-fuga-escondida.html,https://canalizador-norte-reparos.pt/blog/como-detectar-fuga-escondida,self-ref-ok,,canonical matches source route
blog/como-drenar-sistema-aquecimento.html,https://canalizador-norte-reparos.pt/blog/como-drenar-sistema-aquecimento,self-ref-ok,,canonical matches source route
blog/como-encontrar-fuga-agua-escondida.html,https://canalizador-norte-reparos.pt/blog/como-encontrar-fuga-agua-escondida,self-ref-ok,,canonical matches source route
blog/como-escolher-autoclismo.html,https://canalizador-norte-reparos.pt/blog/como-escolher-autoclismo,self-ref-ok,,canonical matches source route
blog/como-escolher-banheira.html,https://canalizador-norte-reparos.pt/blog/como-escolher-banheira,self-ref-ok,,canonical matches source route
blog/como-escolher-base-duche.html,https://canalizador-norte-reparos.pt/blog/como-escolher-base-duche,self-ref-ok,,canonical matches source route
blog/como-escolher-caldeira.html,https://canalizador-norte-reparos.pt/blog/como-escolher-caldeira,self-ref-ok,,canonical matches source route
blog/como-escolher-canalizador-alfandega-fe.html,https://canalizador-norte-reparos.pt/blog/como-escolher-canalizador-alfandega-fe,self-ref-ok,,canonical matches source route
blog/como-escolher-canalizador-alijo.html,https://canalizador-norte-reparos.pt/reparacao-fugas-pressao-baixa-alijo,hub-money-same-concelho,,same official concelho=alijo; target retained
blog/como-escolher-canalizador-boticas.html,https://canalizador-norte-reparos.pt/blog/como-escolher-canalizador-boticas,self-ref-ok,,canonical matches source route
blog/como-escolher-canalizador-braganca.html,https://canalizador-norte-reparos.pt/urgencia-canalizador-braganca,hub-money-same-concelho,,same official concelho=braganca; target retained
blog/como-escolher-canalizador-carrazeda-ansiaes.html,https://canalizador-norte-reparos.pt/blog/como-escolher-canalizador-carrazeda-ansiaes,self-ref-ok,,canonical matches source route
blog/como-escolher-canalizador-chaves.html,https://canalizador-norte-reparos.pt/urgencia-canalizador-chaves,hub-money-same-concelho,,same official concelho=chaves; target retained
blog/como-escolher-canalizador-freixo-espada-cinta.html,https://canalizador-norte-reparos.pt/blog/como-escolher-canalizador-freixo-espada-cinta,self-ref-ok,,canonical matches source route
blog/como-escolher-canalizador-lamego.html,https://canalizador-norte-reparos.pt/sem-agua-quente-lamego,hub-money-same-concelho,,same official concelho=lamego; target retained
blog/como-escolher-canalizador-macedo-cavaleiros.html,https://canalizador-norte-reparos.pt/blog/como-escolher-canalizador-macedo-cavaleiros,self-ref-ok,,canonical matches source route
blog/como-escolher-canalizador-miranda-douro.html,https://canalizador-norte-reparos.pt/blog/como-escolher-canalizador-miranda-douro,self-ref-ok,,canonical matches source route
blog/como-escolher-canalizador-mirandela.html,https://canalizador-norte-reparos.pt/urgencia-canalizador-mirandela,hub-money-same-concelho,,same official concelho=mirandela; target retained
blog/como-escolher-canalizador-mogadouro.html,https://canalizador-norte-reparos.pt/urgencia-canalizador-mogadouro,hub-money-same-concelho,,same official concelho=mogadouro; target retained
blog/como-escolher-canalizador-profissional.html,https://canalizador-norte-reparos.pt/blog/como-escolher-canalizador-profissional,self-ref-ok,,canonical matches source route
blog/como-escolher-canalizador-regua.html,https://canalizador-norte-reparos.pt/blog/como-escolher-canalizador-regua,self-ref-ok,,canonical matches source route
blog/como-escolher-canalizador-torre-moncorvo.html,https://canalizador-norte-reparos.pt/blog/como-escolher-canalizador-torre-moncorvo,self-ref-ok,,canonical matches source route
blog/como-escolher-canalizador-vila-flor.html,https://canalizador-norte-reparos.pt/blog/como-escolher-canalizador-vila-flor,self-ref-ok,,canonical matches source route
blog/como-escolher-canalizador-vila-real.html,https://canalizador-norte-reparos.pt/urgencia-canalizador-vila-real,hub-money-same-concelho,,same official concelho=vila-real; target retained
blog/como-escolher-canalizador-vimioso.html,https://canalizador-norte-reparos.pt/blog/como-escolher-canalizador-vimioso,self-ref-ok,,canonical matches source route
blog/como-escolher-canalizador-vinhais.html,https://canalizador-norte-reparos.pt/urgencia-canalizador-vinhais,hub-money-same-concelho,,same official concelho=vinhais; target retained
blog/como-escolher-esquentador-guia.html,https://canalizador-norte-reparos.pt/blog/como-escolher-esquentador-guia,self-ref-ok,,canonical matches source route
blog/como-escolher-radiadores.html,https://canalizador-norte-reparos.pt/blog/como-escolher-radiadores,self-ref-ok,,canonical matches source route
blog/como-escolher-sanita.html,https://canalizador-norte-reparos.pt/blog/como-escolher-sanita,self-ref-ok,,canonical matches source route
blog/como-escolher-termoacumulador.html,https://canalizador-norte-reparos.pt/blog/como-escolher-termoacumulador,self-ref-ok,,canonical matches source route
blog/como-escolher-torneira-guia.html,https://canalizador-norte-reparos.pt/blog/como-escolher-torneira-guia,self-ref-ok,,canonical matches source route
blog/como-evitar-entupimentos-casa-campo.html,https://canalizador-norte-reparos.pt/blog/como-evitar-entupimentos-casa-campo,self-ref-ok,,canonical matches source route
blog/como-fechar-agua-casa.html,https://canalizador-norte-reparos.pt/blog/como-fechar-agua-casa,self-ref-ok,,canonical matches source route
blog/como-instalar-aquecimento-central.html,https://canalizador-norte-reparos.pt/blog/como-instalar-aquecimento-central,self-ref-ok,,canonical matches source route
blog/como-instalar-banheira.html,https://canalizador-norte-reparos.pt/blog/como-instalar-banheira,self-ref-ok,,canonical matches source route
blog/como-instalar-base-duche.html,https://canalizador-norte-reparos.pt/blog/como-instalar-base-duche,self-ref-ok,,canonical matches source route
blog/como-instalar-bide.html,https://canalizador-norte-reparos.pt/blog/como-instalar-bide,self-ref-ok,,canonical matches source route
blog/como-instalar-bomba-agua.html,https://canalizador-norte-reparos.pt/blog/como-instalar-bomba-agua,self-ref-ok,,canonical matches source route
blog/como-instalar-contador-agua.html,https://canalizador-norte-reparos.pt/blog/como-instalar-contador-agua,self-ref-ok,,canonical matches source route
blog/como-instalar-esquentador-gas.html,https://canalizador-norte-reparos.pt/blog/como-instalar-esquentador-gas,self-ref-ok,,canonical matches source route
blog/como-instalar-filtro-agua.html,https://canalizador-norte-reparos.pt/blog/como-instalar-filtro-agua,self-ref-ok,,canonical matches source route
blog/como-instalar-maquina-lavar-loica.html,https://canalizador-norte-reparos.pt/blog/como-instalar-maquina-lavar-loica,self-ref-ok,,canonical matches source route
blog/como-instalar-maquina-lavar-roupa.html,https://canalizador-norte-reparos.pt/blog/como-instalar-maquina-lavar-roupa,self-ref-ok,,canonical matches source route
blog/como-instalar-redutor-pressao.html,https://canalizador-norte-reparos.pt/blog/como-instalar-redutor-pressao,self-ref-ok,,canonical matches source route
blog/como-instalar-rega-automatica.html,https://canalizador-norte-reparos.pt/blog/como-instalar-rega-automatica,self-ref-ok,,canonical matches source route
blog/como-instalar-sifao-cozinha.html,https://canalizador-norte-reparos.pt/blog/como-instalar-sifao-cozinha,self-ref-ok,,canonical matches source route
blog/como-instalar-sistema-osmose-inversa.html,https://canalizador-norte-reparos.pt/blog/como-instalar-sistema-osmose-inversa,self-ref-ok,,canonical matches source route
blog/como-instalar-sistema-reaproveitamento-agua.html,https://canalizador-norte-reparos.pt/blog/como-instalar-sistema-reaproveitamento-agua,self-ref-ok,,canonical matches source route
blog/como-instalar-termoacumulador.html,https://canalizador-norte-reparos.pt/blog/como-instalar-termoacumulador,self-ref-ok,,canonical matches source route
blog/como-instalar-torneira-cozinha.html,https://canalizador-norte-reparos.pt/blog/como-instalar-torneira-cozinha,self-ref-ok,,canonical matches source route
blog/como-instalar-torneira-jardim.html,https://canalizador-norte-reparos.pt/blog/como-instalar-torneira-jardim,self-ref-ok,,canonical matches source route
blog/como-instalar-torneira-termostatica.html,https://canalizador-norte-reparos.pt/blog/como-instalar-torneira-termostatica,self-ref-ok,,canonical matches source route
blog/como-instalar-triturador-sanita.html,https://canalizador-norte-reparos.pt/blog/como-instalar-triturador-sanita,self-ref-ok,,canonical matches source route
blog/como-instalar-valvula-retencao.html,https://canalizador-norte-reparos.pt/blog/como-instalar-valvula-retencao,self-ref-ok,,canonical matches source route
blog/como-instalar-valvula-seguranca.html,https://canalizador-norte-reparos.pt/blog/como-instalar-valvula-seguranca,self-ref-ok,,canonical matches source route
blog/como-isolar-canos-frio.html,https://canalizador-norte-reparos.pt/blog/como-isolar-canos-frio,self-ref-ok,,canonical matches source route
blog/como-ler-contador-agua-dicas.html,https://canalizador-norte-reparos.pt/blog/como-ler-contador-agua-dicas,self-ref-ok,,canonical matches source route
blog/como-limpar-caixa-gordura.html,https://canalizador-norte-reparos.pt/blog/como-limpar-caixa-gordura,self-ref-ok,,canonical matches source route
blog/como-limpar-esquentador.html,https://canalizador-norte-reparos.pt/blog/como-limpar-esquentador,self-ref-ok,,canonical matches source route
blog/como-limpar-filtro-torneira.html,https://canalizador-norte-reparos.pt/blog/como-limpar-filtro-torneira,self-ref-ok,,canonical matches source route
blog/como-poupar-agua-casa.html,https://canalizador-norte-reparos.pt/blog/como-poupar-agua-casa,self-ref-ok,,canonical matches source route
blog/como-poupar-agua-dicas-praticas.html,https://canalizador-norte-reparos.pt/blog/como-poupar-agua-dicas-praticas,self-ref-ok,,canonical matches source route
blog/como-prevenir-canos-rebentados-inverno.html,https://canalizador-norte-reparos.pt/blog/como-prevenir-canos-rebentados-inverno,self-ref-ok,,canonical matches source route
blog/como-prevenir-humidade-paredes-casa.html,https://canalizador-norte-reparos.pt/blog/como-prevenir-humidade-paredes-casa,self-ref-ok,,canonical matches source route
blog/como-proteger-canos-gelo-inverno.html,https://canalizador-norte-reparos.pt/blog/como-proteger-canos-gelo-inverno,self-ref-ok,,canonical matches source route
blog/como-purgar-radiadores.html,https://canalizador-norte-reparos.pt/blog/como-purgar-radiadores,self-ref-ok,,canonical matches source route
blog/como-regular-pressao-agua.html,https://canalizador-norte-reparos.pt/blog/como-regular-pressao-agua,self-ref-ok,,canonical matches source route
blog/como-reparar-autoclismo.html,https://canalizador-norte-reparos.pt/blog/como-reparar-autoclismo,self-ref-ok,,canonical matches source route
blog/como-reparar-cano-furado.html,https://canalizador-norte-reparos.pt/blog/como-reparar-cano-furado,self-ref-ok,,canonical matches source route
blog/como-reparar-fuga-junta-cano.html,https://canalizador-norte-reparos.pt/blog/como-reparar-fuga-junta-cano,self-ref-ok,,canonical matches source route
blog/como-reparar-fuga-radiador.html,https://canalizador-norte-reparos.pt/blog/como-reparar-fuga-radiador,self-ref-ok,,canonical matches source route
blog/como-reparar-torneira-pingar.html,https://canalizador-norte-reparos.pt/blog/como-reparar-torneira-pingar,self-ref-ok,,canonical matches source route
blog/como-reparar-valvula-autoclismo.html,https://canalizador-norte-reparos.pt/blog/como-reparar-valvula-autoclismo,self-ref-ok,,canonical matches source route
blog/como-saber-se-tem-fuga-agua-escondida.html,https://canalizador-norte-reparos.pt/blog/como-saber-se-tem-fuga-agua-escondida,self-ref-ok,,canonical matches source route
blog/como-substituir-chuveiro.html,https://canalizador-norte-reparos.pt/blog/como-substituir-chuveiro,self-ref-ok,,canonical matches source route
blog/como-trocar-flexivel-torneira.html,https://canalizador-norte-reparos.pt/blog/como-trocar-flexivel-torneira,self-ref-ok,,canonical matches source route
blog/como-trocar-resistencia-termoacumulador.html,https://canalizador-norte-reparos.pt/blog/como-trocar-resistencia-termoacumulador,self-ref-ok,,canonical matches source route
blog/como-verificar-pressao-caldeira.html,https://canalizador-norte-reparos.pt/blog/como-verificar-pressao-caldeira,self-ref-ok,,canonical matches source route
blog/condensacao-canos-solucoes.html,https://canalizador-norte-reparos.pt/blog/condensacao-canos-solucoes,self-ref-ok,,canonical matches source route
blog/conta-agua-subiu-causa-fuga.html,https://canalizador-norte-reparos.pt/blog/conta-agua-subiu-causa-fuga,self-ref-ok,,canonical matches source route
blog/contador-agua-move-sem-usar.html,https://canalizador-norte-reparos.pt/blog/contador-agua-move-sem-usar,self-ref-ok,,canonical matches source route
blog/custo-canalizador-tras-os-montes-precos.html,https://canalizador-norte-reparos.pt/blog/custo-canalizador-tras-os-montes-precos,self-ref-ok,,canonical matches source route
blog/custo-reparacao-canalizacao-alfandega-fe.html,https://canalizador-norte-reparos.pt/blog/custo-reparacao-canalizacao-alfandega-fe,self-ref-ok,,canonical matches source route
blog/custo-reparacao-canalizacao-alijo.html,https://canalizador-norte-reparos.pt/reparacao-fugas-pressao-baixa-alijo,hub-money-same-concelho,,same official concelho=alijo; target retained
blog/custo-reparacao-canalizacao-armamar.html,https://canalizador-norte-reparos.pt/blog/custo-reparacao-canalizacao-armamar,self-ref-ok,,canonical matches source route
blog/custo-reparacao-canalizacao-boticas.html,https://canalizador-norte-reparos.pt/blog/custo-reparacao-canalizacao-boticas,self-ref-ok,,canonical matches source route
blog/custo-reparacao-canalizacao-carrazeda-ansiaes.html,https://canalizador-norte-reparos.pt/blog/custo-reparacao-canalizacao-carrazeda-ansiaes,self-ref-ok,,canonical matches source route
blog/custo-reparacao-canalizacao-freixo-espada-cinta.html,https://canalizador-norte-reparos.pt/blog/custo-reparacao-canalizacao-freixo-espada-cinta,self-ref-ok,,canonical matches source route
blog/custo-reparacao-canalizacao-mesao-frio.html,https://canalizador-norte-reparos.pt/blog/custo-reparacao-canalizacao-mesao-frio,self-ref-ok,,canonical matches source route
blog/custo-reparacao-canalizacao-moimenta-beira.html,https://canalizador-norte-reparos.pt/blog/custo-reparacao-canalizacao-moimenta-beira,self-ref-ok,,canonical matches source route
blog/custo-reparacao-canalizacao-mondim-basto.html,https://canalizador-norte-reparos.pt/blog/custo-reparacao-canalizacao-mondim-basto,self-ref-ok,,canonical matches source route
blog/custo-reparacao-canalizacao-montalegre.html,https://canalizador-norte-reparos.pt/blog/custo-reparacao-canalizacao-montalegre,self-ref-ok,,canonical matches source route
blog/custo-reparacao-canalizacao-murca.html,https://canalizador-norte-reparos.pt/blog/custo-reparacao-canalizacao-murca,self-ref-ok,,canonical matches source route
blog/custo-reparacao-canalizacao-penedono.html,https://canalizador-norte-reparos.pt/blog/custo-reparacao-canalizacao-penedono,self-ref-ok,,canonical matches source route
blog/custo-reparacao-canalizacao-ribeira-pena.html,https://canalizador-norte-reparos.pt/blog/custo-reparacao-canalizacao-ribeira-pena,self-ref-ok,,canonical matches source route
blog/custo-reparacao-canalizacao-sabrosa.html,https://canalizador-norte-reparos.pt/blog/custo-reparacao-canalizacao-sabrosa,self-ref-ok,,canonical matches source route
blog/custo-reparacao-canalizacao-santa-marta-penaguiao.html,https://canalizador-norte-reparos.pt/blog/custo-reparacao-canalizacao-santa-marta-penaguiao,self-ref-ok,,canonical matches source route
blog/custo-reparacao-canalizacao-torre-moncorvo.html,https://canalizador-norte-reparos.pt/blog/custo-reparacao-canalizacao-torre-moncorvo,self-ref-ok,,canonical matches source route
blog/custo-reparacao-canalizacao-valpacos.html,https://canalizador-norte-reparos.pt/urgencia-canalizador-valpacos,hub-money-same-concelho,,same official concelho=valpacos; target retained
blog/custo-reparacao-canalizacao-vila-flor.html,https://canalizador-norte-reparos.pt/blog/custo-reparacao-canalizacao-vila-flor,self-ref-ok,,canonical matches source route
blog/custo-reparacao-canalizacao-vila-pouca-aguiar.html,https://canalizador-norte-reparos.pt/blog/custo-reparacao-canalizacao-vila-pouca-aguiar,self-ref-ok,,canonical matches source route
blog/custo-reparacao-canalizacao-vimioso.html,https://canalizador-norte-reparos.pt/blog/custo-reparacao-canalizacao-vimioso,self-ref-ok,,canonical matches source route
blog/deposito-agua-casa-campo.html,https://canalizador-norte-reparos.pt/blog/deposito-agua-casa-campo,self-ref-ok,,canonical matches source route
blog/desentupimento-cano-alfandega-fe.html,https://canalizador-norte-reparos.pt/blog/desentupimento-cano-alfandega-fe,self-ref-ok,,canonical matches source route
blog/desentupimento-cano-algoso.html,https://canalizador-norte-reparos.pt/blog/desentupimento-cano-algoso,self-ref-ok,,canonical matches source route
blog/desentupimento-cano-alijo.html,https://canalizador-norte-reparos.pt/reparacao-fugas-pressao-baixa-alijo,hub-money-same-concelho,,same official concelho=alijo; target retained
blog/desentupimento-cano-armamar.html,https://canalizador-norte-reparos.pt/blog/desentupimento-cano-armamar,self-ref-ok,,canonical matches source route
blog/desentupimento-cano-boticas.html,https://canalizador-norte-reparos.pt/blog/desentupimento-cano-boticas,self-ref-ok,,canonical matches source route
blog/desentupimento-cano-braganca.html,https://canalizador-norte-reparos.pt/urgencia-canalizador-braganca,hub-money-same-concelho,,same official concelho=braganca; target retained
blog/desentupimento-cano-carrazeda-ansiaes.html,https://canalizador-norte-reparos.pt/blog/desentupimento-cano-carrazeda-ansiaes,self-ref-ok,,canonical matches source route
blog/desentupimento-cano-chaves.html,https://canalizador-norte-reparos.pt/urgencia-canalizador-chaves,hub-money-same-concelho,,same official concelho=chaves; target retained
blog/desentupimento-cano-duas-igrejas.html,https://canalizador-norte-reparos.pt/blog/desentupimento-cano-duas-igrejas,self-ref-ok,,canonical matches source route
blog/desentupimento-cano-figueira-castelo-rodrigo.html,https://canalizador-norte-reparos.pt/blog/desentupimento-cano-figueira-castelo-rodrigo,self-ref-ok,,canonical matches source route
blog/desentupimento-cano-foz-coa.html,https://canalizador-norte-reparos.pt/blog/desentupimento-cano-foz-coa,self-ref-ok,,canonical matches source route
blog/desentupimento-cano-freixo-espada-cinta.html,https://canalizador-norte-reparos.pt/blog/desentupimento-cano-freixo-espada-cinta,self-ref-ok,,canonical matches source route
blog/desentupimento-cano-lagoaca.html,https://canalizador-norte-reparos.pt/blog/desentupimento-cano-lagoaca,self-ref-ok,,canonical matches source route
blog/desentupimento-cano-lamego.html,https://canalizador-norte-reparos.pt/sem-agua-quente-lamego,hub-money-same-concelho,,same official concelho=lamego; target retained
blog/desentupimento-cano-macedo-cavaleiros.html,https://canalizador-norte-reparos.pt/blog/desentupimento-cano-macedo-cavaleiros,self-ref-ok,,canonical matches source route
blog/desentupimento-cano-meda.html,https://canalizador-norte-reparos.pt/blog/desentupimento-cano-meda,self-ref-ok,,canonical matches source route
blog/desentupimento-cano-mesao-frio.html,https://canalizador-norte-reparos.pt/blog/desentupimento-cano-mesao-frio,self-ref-ok,,canonical matches source route
blog/desentupimento-cano-miranda-douro.html,https://canalizador-norte-reparos.pt/blog/desentupimento-cano-miranda-douro,self-ref-ok,,canonical matches source route
blog/desentupimento-cano-mirandela.html,https://canalizador-norte-reparos.pt/urgencia-canalizador-mirandela,hub-money-same-concelho,,same official concelho=mirandela; target retained
blog/desentupimento-cano-mogadouro.html,https://canalizador-norte-reparos.pt/urgencia-canalizador-mogadouro,hub-money-same-concelho,,same official concelho=mogadouro; target retained
blog/desentupimento-cano-moimenta-beira.html,https://canalizador-norte-reparos.pt/blog/desentupimento-cano-moimenta-beira,self-ref-ok,,canonical matches source route
blog/desentupimento-cano-moncorvo.html,https://canalizador-norte-reparos.pt/blog/desentupimento-cano-moncorvo,self-ref-ok,,canonical matches source route
blog/desentupimento-cano-mondim-basto.html,https://canalizador-norte-reparos.pt/blog/desentupimento-cano-mondim-basto,self-ref-ok,,canonical matches source route
blog/desentupimento-cano-monforte-rio-livre.html,https://canalizador-norte-reparos.pt/blog/desentupimento-cano-monforte-rio-livre,self-ref-ok,,canonical matches source route
blog/desentupimento-cano-montalegre.html,https://canalizador-norte-reparos.pt/blog/desentupimento-cano-montalegre,self-ref-ok,,canonical matches source route
blog/desentupimento-cano-murca.html,https://canalizador-norte-reparos.pt/blog/desentupimento-cano-murca,self-ref-ok,,canonical matches source route
blog/desentupimento-cano-penedono.html,https://canalizador-norte-reparos.pt/blog/desentupimento-cano-penedono,self-ref-ok,,canonical matches source route
blog/desentupimento-cano-rebordelo.html,https://canalizador-norte-reparos.pt/blog/desentupimento-cano-rebordelo,self-ref-ok,,canonical matches source route
blog/desentupimento-cano-regua.html,https://canalizador-norte-reparos.pt/blog/desentupimento-cano-regua,self-ref-ok,,canonical matches source route
blog/desentupimento-cano-ribeira-pena.html,https://canalizador-norte-reparos.pt/blog/desentupimento-cano-ribeira-pena,self-ref-ok,,canonical matches source route
blog/desentupimento-cano-sabrosa.html,https://canalizador-norte-reparos.pt/blog/desentupimento-cano-sabrosa,self-ref-ok,,canonical matches source route
blog/desentupimento-cano-santa-marta-penaguiao.html,https://canalizador-norte-reparos.pt/blog/desentupimento-cano-santa-marta-penaguiao,self-ref-ok,,canonical matches source route
blog/desentupimento-cano-sao-joao-pesqueira.html,https://canalizador-norte-reparos.pt/blog/desentupimento-cano-sao-joao-pesqueira,self-ref-ok,,canonical matches source route
blog/desentupimento-cano-sendim.html,https://canalizador-norte-reparos.pt/blog/desentupimento-cano-sendim,self-ref-ok,,canonical matches source route
blog/desentupimento-cano-sernancelhe.html,https://canalizador-norte-reparos.pt/blog/desentupimento-cano-sernancelhe,self-ref-ok,,canonical matches source route
blog/desentupimento-cano-tabuaco.html,https://canalizador-norte-reparos.pt/blog/desentupimento-cano-tabuaco,self-ref-ok,,canonical matches source route
blog/desentupimento-cano-torre-moncorvo.html,https://canalizador-norte-reparos.pt/blog/desentupimento-cano-torre-moncorvo,self-ref-ok,,canonical matches source route
blog/desentupimento-cano-valpacos.html,https://canalizador-norte-reparos.pt/urgencia-canalizador-valpacos,hub-money-same-concelho,,same official concelho=valpacos; target retained
blog/desentupimento-cano-vila-flor.html,https://canalizador-norte-reparos.pt/blog/desentupimento-cano-vila-flor,self-ref-ok,,canonical matches source route
blog/desentupimento-cano-vila-pouca-aguiar.html,https://canalizador-norte-reparos.pt/blog/desentupimento-cano-vila-pouca-aguiar,self-ref-ok,,canonical matches source route
blog/desentupimento-cano-vila-real.html,https://canalizador-norte-reparos.pt/urgencia-canalizador-vila-real,hub-money-same-concelho,,same official concelho=vila-real; target retained
blog/desentupimento-cano-vimioso.html,https://canalizador-norte-reparos.pt/blog/desentupimento-cano-vimioso,self-ref-ok,,canonical matches source route
blog/desentupimento-cano-vinhais.html,https://canalizador-norte-reparos.pt/urgencia-canalizador-vinhais,hub-money-same-concelho,,same official concelho=vinhais; target retained
blog/desentupimento-sanita-alfandega-fe.html,https://canalizador-norte-reparos.pt/blog/desentupimento-sanita-alfandega-fe,self-ref-ok,,canonical matches source route
blog/desentupimento-sanita-algoso.html,https://canalizador-norte-reparos.pt/blog/desentupimento-sanita-algoso,self-ref-ok,,canonical matches source route
blog/desentupimento-sanita-alijo.html,https://canalizador-norte-reparos.pt/reparacao-fugas-pressao-baixa-alijo,hub-money-same-concelho,,same official concelho=alijo; target retained
blog/desentupimento-sanita-armamar.html,https://canalizador-norte-reparos.pt/blog/desentupimento-sanita-armamar,self-ref-ok,,canonical matches source route
blog/desentupimento-sanita-boticas.html,https://canalizador-norte-reparos.pt/blog/desentupimento-sanita-boticas,self-ref-ok,,canonical matches source route
blog/desentupimento-sanita-braganca.html,https://canalizador-norte-reparos.pt/urgencia-canalizador-braganca,hub-money-same-concelho,,same official concelho=braganca; target retained
blog/desentupimento-sanita-carrazeda-ansiaes.html,https://canalizador-norte-reparos.pt/blog/desentupimento-sanita-carrazeda-ansiaes,self-ref-ok,,canonical matches source route
blog/desentupimento-sanita-chaves.html,https://canalizador-norte-reparos.pt/urgencia-canalizador-chaves,hub-money-same-concelho,,same official concelho=chaves; target retained
blog/desentupimento-sanita-duas-igrejas.html,https://canalizador-norte-reparos.pt/blog/desentupimento-sanita-duas-igrejas,self-ref-ok,,canonical matches source route
blog/desentupimento-sanita-figueira-castelo-rodrigo.html,https://canalizador-norte-reparos.pt/blog/desentupimento-sanita-figueira-castelo-rodrigo,self-ref-ok,,canonical matches source route
blog/desentupimento-sanita-foz-coa.html,https://canalizador-norte-reparos.pt/blog/desentupimento-sanita-foz-coa,self-ref-ok,,canonical matches source route
blog/desentupimento-sanita-freixo-espada-cinta.html,https://canalizador-norte-reparos.pt/blog/desentupimento-sanita-freixo-espada-cinta,self-ref-ok,,canonical matches source route
blog/desentupimento-sanita-lagoaca.html,https://canalizador-norte-reparos.pt/blog/desentupimento-sanita-lagoaca,self-ref-ok,,canonical matches source route
blog/desentupimento-sanita-lamego.html,https://canalizador-norte-reparos.pt/sem-agua-quente-lamego,hub-money-same-concelho,,same official concelho=lamego; target retained
blog/desentupimento-sanita-macedo-cavaleiros.html,https://canalizador-norte-reparos.pt/blog/desentupimento-sanita-macedo-cavaleiros,self-ref-ok,,canonical matches source route
blog/desentupimento-sanita-meda.html,https://canalizador-norte-reparos.pt/blog/desentupimento-sanita-meda,self-ref-ok,,canonical matches source route
blog/desentupimento-sanita-mesao-frio.html,https://canalizador-norte-reparos.pt/blog/desentupimento-sanita-mesao-frio,self-ref-ok,,canonical matches source route
blog/desentupimento-sanita-miranda-douro.html,https://canalizador-norte-reparos.pt/blog/desentupimento-sanita-miranda-douro,self-ref-ok,,canonical matches source route
blog/desentupimento-sanita-mirandela.html,https://canalizador-norte-reparos.pt/urgencia-canalizador-mirandela,hub-money-same-concelho,,same official concelho=mirandela; target retained
blog/desentupimento-sanita-mogadouro.html,https://canalizador-norte-reparos.pt/urgencia-canalizador-mogadouro,hub-money-same-concelho,,same official concelho=mogadouro; target retained
blog/desentupimento-sanita-moimenta-beira.html,https://canalizador-norte-reparos.pt/blog/desentupimento-sanita-moimenta-beira,self-ref-ok,,canonical matches source route
blog/desentupimento-sanita-moncorvo.html,https://canalizador-norte-reparos.pt/blog/desentupimento-sanita-moncorvo,self-ref-ok,,canonical matches source route
blog/desentupimento-sanita-mondim-basto.html,https://canalizador-norte-reparos.pt/blog/desentupimento-sanita-mondim-basto,self-ref-ok,,canonical matches source route
blog/desentupimento-sanita-monforte-rio-livre.html,https://canalizador-norte-reparos.pt/blog/desentupimento-sanita-monforte-rio-livre,self-ref-ok,,canonical matches source route
blog/desentupimento-sanita-montalegre.html,https://canalizador-norte-reparos.pt/blog/desentupimento-sanita-montalegre,self-ref-ok,,canonical matches source route
blog/desentupimento-sanita-murca.html,https://canalizador-norte-reparos.pt/blog/desentupimento-sanita-murca,self-ref-ok,,canonical matches source route
blog/desentupimento-sanita-penedono.html,https://canalizador-norte-reparos.pt/blog/desentupimento-sanita-penedono,self-ref-ok,,canonical matches source route
blog/desentupimento-sanita-rebordelo.html,https://canalizador-norte-reparos.pt/blog/desentupimento-sanita-rebordelo,self-ref-ok,,canonical matches source route
blog/desentupimento-sanita-regua.html,https://canalizador-norte-reparos.pt/blog/desentupimento-sanita-regua,self-ref-ok,,canonical matches source route
blog/desentupimento-sanita-ribeira-pena.html,https://canalizador-norte-reparos.pt/blog/desentupimento-sanita-ribeira-pena,self-ref-ok,,canonical matches source route
blog/desentupimento-sanita-sabrosa.html,https://canalizador-norte-reparos.pt/blog/desentupimento-sanita-sabrosa,self-ref-ok,,canonical matches source route
blog/desentupimento-sanita-santa-marta-penaguiao.html,https://canalizador-norte-reparos.pt/blog/desentupimento-sanita-santa-marta-penaguiao,self-ref-ok,,canonical matches source route
blog/desentupimento-sanita-sao-joao-pesqueira.html,https://canalizador-norte-reparos.pt/blog/desentupimento-sanita-sao-joao-pesqueira,self-ref-ok,,canonical matches source route
blog/desentupimento-sanita-sendim.html,https://canalizador-norte-reparos.pt/blog/desentupimento-sanita-sendim,self-ref-ok,,canonical matches source route
blog/desentupimento-sanita-sernancelhe.html,https://canalizador-norte-reparos.pt/blog/desentupimento-sanita-sernancelhe,self-ref-ok,,canonical matches source route
blog/desentupimento-sanita-tabuaco.html,https://canalizador-norte-reparos.pt/blog/desentupimento-sanita-tabuaco,self-ref-ok,,canonical matches source route
blog/desentupimento-sanita-torre-moncorvo.html,https://canalizador-norte-reparos.pt/blog/desentupimento-sanita-torre-moncorvo,self-ref-ok,,canonical matches source route
blog/desentupimento-sanita-valpacos.html,https://canalizador-norte-reparos.pt/urgencia-canalizador-valpacos,hub-money-same-concelho,,same official concelho=valpacos; target retained
blog/desentupimento-sanita-vila-flor.html,https://canalizador-norte-reparos.pt/blog/desentupimento-sanita-vila-flor,self-ref-ok,,canonical matches source route
blog/desentupimento-sanita-vila-pouca-aguiar.html,https://canalizador-norte-reparos.pt/blog/desentupimento-sanita-vila-pouca-aguiar,self-ref-ok,,canonical matches source route
blog/desentupimento-sanita-vila-real.html,https://canalizador-norte-reparos.pt/urgencia-canalizador-vila-real,hub-money-same-concelho,,same official concelho=vila-real; target retained
blog/desentupimento-sanita-vimioso.html,https://canalizador-norte-reparos.pt/blog/desentupimento-sanita-vimioso,self-ref-ok,,canonical matches source route
blog/desentupimento-sanita-vinhais.html,https://canalizador-norte-reparos.pt/urgencia-canalizador-vinhais,hub-money-same-concelho,,same official concelho=vinhais; target retained
blog/desentupimento-urgente-guia.html,https://canalizador-norte-reparos.pt/blog/desentupimento-urgente-guia,self-ref-ok,,canonical matches source route
blog/desentupimentos-profissionais.html,https://canalizador-norte-reparos.pt/blog/desentupimentos-profissionais,self-ref-ok,,canonical matches source route
blog/desentupir-canos-camera-inspecao.html,https://canalizador-norte-reparos.pt/blog/desentupir-canos-camera-inspecao,self-ref-ok,,canonical matches source route
blog/desentupir-wc-metodos-caseiros.html,https://canalizador-norte-reparos.pt/blog/desentupir-wc-metodos-caseiros,self-ref-ok,,canonical matches source route
blog/detecao-fugas-agua-macedo-cavaleiros.html,https://canalizador-norte-reparos.pt/blog/detecao-fugas-agua-macedo-cavaleiros,self-ref-ok,,canonical matches source route
blog/detecao-fugas-agua-sem-partir-paredes.html,https://canalizador-norte-reparos.pt/blog/detecao-fugas-agua-sem-partir-paredes,self-ref-ok,,canonical matches source route
blog/detecao-fugas-nao-invasiva.html,https://canalizador-norte-reparos.pt/blog/detecao-fugas-nao-invasiva,self-ref-ok,,canonical matches source route
blog/detecao-uv-fugas-agua-sem-partir-paredes.html,https://canalizador-norte-reparos.pt/blog/detecao-uv-fugas-agua-sem-partir-paredes,self-ref-ok,,canonical matches source route
blog/dimensionar-canalizacao-casa-nova.html,https://canalizador-norte-reparos.pt/blog/dimensionar-canalizacao-casa-nova,self-ref-ok,,canonical matches source route
blog/entupimento-pia-cozinha.html,https://canalizador-norte-reparos.pt/blog/entupimento-pia-cozinha,self-ref-ok,,canonical matches source route
blog/escolher-canalizador-profissional-alfandega-fe.html,https://canalizador-norte-reparos.pt/blog/escolher-canalizador-profissional-alfandega-fe,self-ref-ok,,canonical matches source route
blog/escolher-canalizador-profissional-alijo.html,https://canalizador-norte-reparos.pt/reparacao-fugas-pressao-baixa-alijo,hub-money-same-concelho,,same official concelho=alijo; target retained
blog/escolher-canalizador-profissional-armamar.html,https://canalizador-norte-reparos.pt/blog/escolher-canalizador-profissional-armamar,self-ref-ok,,canonical matches source route
blog/escolher-canalizador-profissional-boticas.html,https://canalizador-norte-reparos.pt/blog/escolher-canalizador-profissional-boticas,self-ref-ok,,canonical matches source route
blog/escolher-canalizador-profissional-carrazeda-ansiaes.html,https://canalizador-norte-reparos.pt/blog/escolher-canalizador-profissional-carrazeda-ansiaes,self-ref-ok,,canonical matches source route
blog/escolher-canalizador-profissional-freixo-espada-cinta.html,https://canalizador-norte-reparos.pt/blog/escolher-canalizador-profissional-freixo-espada-cinta,self-ref-ok,,canonical matches source route
blog/escolher-canalizador-profissional-mesao-frio.html,https://canalizador-norte-reparos.pt/blog/escolher-canalizador-profissional-mesao-frio,self-ref-ok,,canonical matches source route
blog/escolher-canalizador-profissional-moimenta-beira.html,https://canalizador-norte-reparos.pt/blog/escolher-canalizador-profissional-moimenta-beira,self-ref-ok,,canonical matches source route
blog/escolher-canalizador-profissional-mondim-basto.html,https://canalizador-norte-reparos.pt/blog/escolher-canalizador-profissional-mondim-basto,self-ref-ok,,canonical matches source route
blog/escolher-canalizador-profissional-montalegre.html,https://canalizador-norte-reparos.pt/blog/escolher-canalizador-profissional-montalegre,self-ref-ok,,canonical matches source route
blog/escolher-canalizador-profissional-murca.html,https://canalizador-norte-reparos.pt/blog/escolher-canalizador-profissional-murca,self-ref-ok,,canonical matches source route
blog/escolher-canalizador-profissional-penedono.html,https://canalizador-norte-reparos.pt/blog/escolher-canalizador-profissional-penedono,self-ref-ok,,canonical matches source route
blog/escolher-canalizador-profissional-ribeira-pena.html,https://canalizador-norte-reparos.pt/blog/escolher-canalizador-profissional-ribeira-pena,self-ref-ok,,canonical matches source route
blog/escolher-canalizador-profissional-sabrosa.html,https://canalizador-norte-reparos.pt/blog/escolher-canalizador-profissional-sabrosa,self-ref-ok,,canonical matches source route
blog/escolher-canalizador-profissional-santa-marta-penaguiao.html,https://canalizador-norte-reparos.pt/blog/escolher-canalizador-profissional-santa-marta-penaguiao,self-ref-ok,,canonical matches source route
blog/escolher-canalizador-profissional-torre-moncorvo.html,https://canalizador-norte-reparos.pt/blog/escolher-canalizador-profissional-torre-moncorvo,self-ref-ok,,canonical matches source route
blog/escolher-canalizador-profissional-valpacos.html,https://canalizador-norte-reparos.pt/urgencia-canalizador-valpacos,hub-money-same-concelho,,same official concelho=valpacos; target retained
blog/escolher-canalizador-profissional-vila-flor.html,https://canalizador-norte-reparos.pt/blog/escolher-canalizador-profissional-vila-flor,self-ref-ok,,canonical matches source route
blog/escolher-canalizador-profissional-vila-pouca-aguiar.html,https://canalizador-norte-reparos.pt/blog/escolher-canalizador-profissional-vila-pouca-aguiar,self-ref-ok,,canonical matches source route
blog/escolher-canalizador-profissional-vimioso.html,https://canalizador-norte-reparos.pt/blog/escolher-canalizador-profissional-vimioso,self-ref-ok,,canonical matches source route
blog/esgoto-entupido-sinais-solucoes.html,https://canalizador-norte-reparos.pt/blog/esgoto-entupido-sinais-solucoes,self-ref-ok,,canonical matches source route
blog/esgoto-exterior-entupido.html,https://canalizador-norte-reparos.pt/blog/esgoto-exterior-entupido,self-ref-ok,,canonical matches source route
blog/espelho-embacia-solucoes.html,https://canalizador-norte-reparos.pt/blog/espelho-embacia-solucoes,self-ref-ok,,canonical matches source route
blog/esquentador-apaga-sozinho-causa.html,https://canalizador-norte-reparos.pt/blog/esquentador-apaga-sozinho-causa,self-ref-ok,,canonical matches source route
blog/esquentador-apaga-sozinho.html,https://canalizador-norte-reparos.pt/blog/esquentador-apaga-sozinho,self-ref-ok,,canonical matches source route
blog/esquentador-nao-acende-o-que-fazer.html,https://canalizador-norte-reparos.pt/blog/esquentador-nao-acende-o-que-fazer,self-ref-ok,,canonical matches source route
blog/esquentador-nao-aquece-solucao.html,https://canalizador-norte-reparos.pt/blog/esquentador-nao-aquece-solucao,self-ref-ok,,canonical matches source route
blog/esquentador-nao-liga-causas-solucoes.html,https://canalizador-norte-reparos.pt/blog/esquentador-nao-liga-causas-solucoes,self-ref-ok,,canonical matches source route
blog/esquentador-ventilado-vs-estanque.html,https://canalizador-norte-reparos.pt/blog/esquentador-ventilado-vs-estanque,self-ref-ok,,canonical matches source route
blog/esquentador-vs-termoacumulador.html,https://canalizador-norte-reparos.pt/blog/esquentador-vs-termoacumulador,self-ref-ok,,canonical matches source route
blog/evitar-fugas-agua-prevencao.html,https://canalizador-norte-reparos.pt/blog/evitar-fugas-agua-prevencao,self-ref-ok,,canonical matches source route
blog/filtro-agua-casa-vale-pena.html,https://canalizador-norte-reparos.pt/blog/filtro-agua-casa-vale-pena,self-ref-ok,,canonical matches source route
blog/filtro-agua-rega.html,https://canalizador-norte-reparos.pt/blog/filtro-agua-rega,self-ref-ok,,canonical matches source route
blog/filtro-piscina-areia-vs-cartucho.html,https://canalizador-norte-reparos.pt/blog/filtro-piscina-areia-vs-cartucho,self-ref-ok,,canonical matches source route
blog/fossa-septica-cheia-sinais.html,https://canalizador-norte-reparos.pt/blog/fossa-septica-cheia-sinais,self-ref-ok,,canonical matches source route
blog/fossa-septica-guia.html,https://canalizador-norte-reparos.pt/blog/fossa-septica-guia,self-ref-ok,,canonical matches source route
blog/fossa-septica-vs-estacao-tratamento.html,https://canalizador-norte-reparos.pt/blog/fossa-septica-vs-estacao-tratamento,self-ref-ok,,canonical matches source route
blog/fossa-septica-zona-rural.html,https://canalizador-norte-reparos.pt/blog/fossa-septica-zona-rural,self-ref-ok,,canonical matches source route
blog/fuga-agua-casa-o-que-fazer.html,https://canalizador-norte-reparos.pt/blog/fuga-agua-casa-o-que-fazer,self-ref-ok,,canonical matches source route
blog/fuga-agua-condominio-responsabilidade.html,https://canalizador-norte-reparos.pt/blog/fuga-agua-condominio-responsabilidade,self-ref-ok,,canonical matches source route
blog/fuga-agua-oculta-8-sinais.html,https://canalizador-norte-reparos.pt/blog/fuga-agua-oculta-8-sinais,self-ref-ok,,canonical matches source route
blog/fuga-agua-parede-como-encontrar.html,https://canalizador-norte-reparos.pt/blog/fuga-agua-parede-como-encontrar,self-ref-ok,,canonical matches source route
blog/fuga-agua-piscina-detetar.html,https://canalizador-norte-reparos.pt/blog/fuga-agua-piscina-detetar,self-ref-ok,,canonical matches source route
blog/fuga-agua-teto-apartamento-responsabilidade.html,https://canalizador-norte-reparos.pt/blog/fuga-agua-teto-apartamento-responsabilidade,self-ref-ok,,canonical matches source route
blog/fuga-agua-teto-causas.html,https://canalizador-norte-reparos.pt/blog/fuga-agua-teto-causas,self-ref-ok,,canonical matches source route
blog/fuga-agua-urgente-braganca.html,https://canalizador-norte-reparos.pt/urgencia-canalizador-braganca,hub-money-same-concelho,,same official concelho=braganca; target retained
blog/fuga-agua-vizinhos-responsabilidade.html,https://canalizador-norte-reparos.pt/blog/fuga-agua-vizinhos-responsabilidade,self-ref-ok,,canonical matches source route
blog/fuga-gas-esquentador-perigos.html,https://canalizador-norte-reparos.pt/blog/fuga-gas-esquentador-perigos,self-ref-ok,,canonical matches source route
blog/fuga-gas-natural-como-detetar.html,https://canalizador-norte-reparos.pt/blog/fuga-gas-natural-como-detetar,self-ref-ok,,canonical matches source route
blog/guia-completo-fuga-agua-casa-2026.html,https://canalizador-norte-reparos.pt/blog/guia-completo-fuga-agua-casa-2026,self-ref-ok,,canonical matches source route
blog/guia-tipos-canos-canalizacao.html,https://canalizador-norte-reparos.pt/blog/guia-tipos-canos-canalizacao,self-ref-ok,,canonical matches source route
blog/humidade-ascendente-solucoes.html,https://canalizador-norte-reparos.pt/blog/humidade-ascendente-solucoes,self-ref-ok,,canonical matches source route
blog/humidade-rodape-causa.html,https://canalizador-norte-reparos.pt/blog/humidade-rodape-causa,self-ref-ok,,canonical matches source route
blog/humidade-teto-casa-banho.html,https://canalizador-norte-reparos.pt/blog/humidade-teto-casa-banho,self-ref-ok,,canonical matches source route
blog/index.html,https://canalizador-norte-reparos.pt/blog,hub-money-same-concelho,,blog section landing route retained
blog/infiltracao-telhado-canalizacao.html,https://canalizador-norte-reparos.pt/blog/infiltracao-telhado-canalizacao,self-ref-ok,,canonical matches source route
blog/instalacao-banheira-alfandega-fe.html,https://canalizador-norte-reparos.pt/blog/instalacao-banheira-alfandega-fe,self-ref-ok,,canonical matches source route
blog/instalacao-banheira-algoso.html,https://canalizador-norte-reparos.pt/blog/instalacao-banheira-algoso,self-ref-ok,,canonical matches source route
blog/instalacao-banheira-alijo.html,https://canalizador-norte-reparos.pt/reparacao-fugas-pressao-baixa-alijo,hub-money-same-concelho,,same official concelho=alijo; target retained
blog/instalacao-banheira-armamar.html,https://canalizador-norte-reparos.pt/blog/instalacao-banheira-armamar,self-ref-ok,,canonical matches source route
blog/instalacao-banheira-boticas.html,https://canalizador-norte-reparos.pt/blog/instalacao-banheira-boticas,self-ref-ok,,canonical matches source route
blog/instalacao-banheira-braganca.html,https://canalizador-norte-reparos.pt/urgencia-canalizador-braganca,hub-money-same-concelho,,same official concelho=braganca; target retained
blog/instalacao-banheira-carrazeda-ansiaes.html,https://canalizador-norte-reparos.pt/blog/instalacao-banheira-carrazeda-ansiaes,self-ref-ok,,canonical matches source route
blog/instalacao-banheira-chaves.html,https://canalizador-norte-reparos.pt/urgencia-canalizador-chaves,hub-money-same-concelho,,same official concelho=chaves; target retained
blog/instalacao-banheira-duas-igrejas.html,https://canalizador-norte-reparos.pt/blog/instalacao-banheira-duas-igrejas,self-ref-ok,,canonical matches source route
blog/instalacao-banheira-figueira-castelo-rodrigo.html,https://canalizador-norte-reparos.pt/blog/instalacao-banheira-figueira-castelo-rodrigo,self-ref-ok,,canonical matches source route
blog/instalacao-banheira-foz-coa.html,https://canalizador-norte-reparos.pt/blog/instalacao-banheira-foz-coa,self-ref-ok,,canonical matches source route
blog/instalacao-banheira-freixo-espada-cinta.html,https://canalizador-norte-reparos.pt/blog/instalacao-banheira-freixo-espada-cinta,self-ref-ok,,canonical matches source route
blog/instalacao-banheira-lagoaca.html,https://canalizador-norte-reparos.pt/blog/instalacao-banheira-lagoaca,self-ref-ok,,canonical matches source route
blog/instalacao-banheira-lamego.html,https://canalizador-norte-reparos.pt/sem-agua-quente-lamego,hub-money-same-concelho,,same official concelho=lamego; target retained
blog/instalacao-banheira-macedo-cavaleiros.html,https://canalizador-norte-reparos.pt/blog/instalacao-banheira-macedo-cavaleiros,self-ref-ok,,canonical matches source route
blog/instalacao-banheira-meda.html,https://canalizador-norte-reparos.pt/blog/instalacao-banheira-meda,self-ref-ok,,canonical matches source route
blog/instalacao-banheira-mesao-frio.html,https://canalizador-norte-reparos.pt/blog/instalacao-banheira-mesao-frio,self-ref-ok,,canonical matches source route
blog/instalacao-banheira-miranda-douro.html,https://canalizador-norte-reparos.pt/blog/instalacao-banheira-miranda-douro,self-ref-ok,,canonical matches source route
blog/instalacao-banheira-mirandela.html,https://canalizador-norte-reparos.pt/urgencia-canalizador-mirandela,hub-money-same-concelho,,same official concelho=mirandela; target retained
blog/instalacao-banheira-mogadouro.html,https://canalizador-norte-reparos.pt/urgencia-canalizador-mogadouro,hub-money-same-concelho,,same official concelho=mogadouro; target retained
blog/instalacao-banheira-moimenta-beira.html,https://canalizador-norte-reparos.pt/blog/instalacao-banheira-moimenta-beira,self-ref-ok,,canonical matches source route
blog/instalacao-banheira-moncorvo.html,https://canalizador-norte-reparos.pt/blog/instalacao-banheira-moncorvo,self-ref-ok,,canonical matches source route
blog/instalacao-banheira-mondim-basto.html,https://canalizador-norte-reparos.pt/blog/instalacao-banheira-mondim-basto,self-ref-ok,,canonical matches source route
blog/instalacao-banheira-monforte-rio-livre.html,https://canalizador-norte-reparos.pt/blog/instalacao-banheira-monforte-rio-livre,self-ref-ok,,canonical matches source route
blog/instalacao-banheira-montalegre.html,https://canalizador-norte-reparos.pt/blog/instalacao-banheira-montalegre,self-ref-ok,,canonical matches source route
blog/instalacao-banheira-murca.html,https://canalizador-norte-reparos.pt/blog/instalacao-banheira-murca,self-ref-ok,,canonical matches source route
blog/instalacao-banheira-penedono.html,https://canalizador-norte-reparos.pt/blog/instalacao-banheira-penedono,self-ref-ok,,canonical matches source route
blog/instalacao-banheira-rebordelo.html,https://canalizador-norte-reparos.pt/blog/instalacao-banheira-rebordelo,self-ref-ok,,canonical matches source route
blog/instalacao-banheira-regua.html,https://canalizador-norte-reparos.pt/blog/instalacao-banheira-regua,self-ref-ok,,canonical matches source route
blog/instalacao-banheira-ribeira-pena.html,https://canalizador-norte-reparos.pt/blog/instalacao-banheira-ribeira-pena,self-ref-ok,,canonical matches source route
blog/instalacao-banheira-sabrosa.html,https://canalizador-norte-reparos.pt/blog/instalacao-banheira-sabrosa,self-ref-ok,,canonical matches source route
blog/instalacao-banheira-santa-marta-penaguiao.html,https://canalizador-norte-reparos.pt/blog/instalacao-banheira-santa-marta-penaguiao,self-ref-ok,,canonical matches source route
blog/instalacao-banheira-sao-joao-pesqueira.html,https://canalizador-norte-reparos.pt/blog/instalacao-banheira-sao-joao-pesqueira,self-ref-ok,,canonical matches source route
blog/instalacao-banheira-sendim.html,https://canalizador-norte-reparos.pt/blog/instalacao-banheira-sendim,self-ref-ok,,canonical matches source route
blog/instalacao-banheira-sernancelhe.html,https://canalizador-norte-reparos.pt/blog/instalacao-banheira-sernancelhe,self-ref-ok,,canonical matches source route
blog/instalacao-banheira-tabuaco.html,https://canalizador-norte-reparos.pt/blog/instalacao-banheira-tabuaco,self-ref-ok,,canonical matches source route
blog/instalacao-banheira-torre-moncorvo.html,https://canalizador-norte-reparos.pt/blog/instalacao-banheira-torre-moncorvo,self-ref-ok,,canonical matches source route
blog/instalacao-banheira-valpacos.html,https://canalizador-norte-reparos.pt/urgencia-canalizador-valpacos,hub-money-same-concelho,,same official concelho=valpacos; target retained
blog/instalacao-banheira-vila-flor.html,https://canalizador-norte-reparos.pt/blog/instalacao-banheira-vila-flor,self-ref-ok,,canonical matches source route
blog/instalacao-banheira-vila-pouca-aguiar.html,https://canalizador-norte-reparos.pt/blog/instalacao-banheira-vila-pouca-aguiar,self-ref-ok,,canonical matches source route
blog/instalacao-banheira-vila-real.html,https://canalizador-norte-reparos.pt/urgencia-canalizador-vila-real,hub-money-same-concelho,,same official concelho=vila-real; target retained
blog/instalacao-banheira-vimioso.html,https://canalizador-norte-reparos.pt/blog/instalacao-banheira-vimioso,self-ref-ok,,canonical matches source route
blog/instalacao-banheira-vinhais.html,https://canalizador-norte-reparos.pt/urgencia-canalizador-vinhais,hub-money-same-concelho,,same official concelho=vinhais; target retained
blog/instalacao-casa-banho-alfandega-fe.html,https://canalizador-norte-reparos.pt/blog/instalacao-casa-banho-alfandega-fe,self-ref-ok,,canonical matches source route
blog/instalacao-casa-banho-algoso.html,https://canalizador-norte-reparos.pt/blog/instalacao-casa-banho-algoso,self-ref-ok,,canonical matches source route
blog/instalacao-casa-banho-alijo.html,https://canalizador-norte-reparos.pt/reparacao-fugas-pressao-baixa-alijo,hub-money-same-concelho,,same official concelho=alijo; target retained
blog/instalacao-casa-banho-armamar.html,https://canalizador-norte-reparos.pt/blog/instalacao-casa-banho-armamar,self-ref-ok,,canonical matches source route
blog/instalacao-casa-banho-boticas.html,https://canalizador-norte-reparos.pt/blog/instalacao-casa-banho-boticas,self-ref-ok,,canonical matches source route
blog/instalacao-casa-banho-braganca.html,https://canalizador-norte-reparos.pt/urgencia-canalizador-braganca,hub-money-same-concelho,,same official concelho=braganca; target retained
blog/instalacao-casa-banho-carrazeda-ansiaes.html,https://canalizador-norte-reparos.pt/blog/instalacao-casa-banho-carrazeda-ansiaes,self-ref-ok,,canonical matches source route
blog/instalacao-casa-banho-chaves.html,https://canalizador-norte-reparos.pt/urgencia-canalizador-chaves,hub-money-same-concelho,,same official concelho=chaves; target retained
blog/instalacao-casa-banho-completa.html,https://canalizador-norte-reparos.pt/blog/instalacao-casa-banho-completa,self-ref-ok,,canonical matches source route
blog/instalacao-casa-banho-duas-igrejas.html,https://canalizador-norte-reparos.pt/blog/instalacao-casa-banho-duas-igrejas,self-ref-ok,,canonical matches source route
blog/instalacao-casa-banho-figueira-castelo-rodrigo.html,https://canalizador-norte-reparos.pt/blog/instalacao-casa-banho-figueira-castelo-rodrigo,self-ref-ok,,canonical matches source route
blog/instalacao-casa-banho-foz-coa.html,https://canalizador-norte-reparos.pt/blog/instalacao-casa-banho-foz-coa,self-ref-ok,,canonical matches source route
blog/instalacao-casa-banho-freixo-espada-cinta.html,https://canalizador-norte-reparos.pt/blog/instalacao-casa-banho-freixo-espada-cinta,self-ref-ok,,canonical matches source route
blog/instalacao-casa-banho-lagoaca.html,https://canalizador-norte-reparos.pt/blog/instalacao-casa-banho-lagoaca,self-ref-ok,,canonical matches source route
blog/instalacao-casa-banho-lamego.html,https://canalizador-norte-reparos.pt/sem-agua-quente-lamego,hub-money-same-concelho,,same official concelho=lamego; target retained
blog/instalacao-casa-banho-macedo-cavaleiros.html,https://canalizador-norte-reparos.pt/blog/instalacao-casa-banho-macedo-cavaleiros,self-ref-ok,,canonical matches source route
blog/instalacao-casa-banho-meda.html,https://canalizador-norte-reparos.pt/blog/instalacao-casa-banho-meda,self-ref-ok,,canonical matches source route
blog/instalacao-casa-banho-mesao-frio.html,https://canalizador-norte-reparos.pt/blog/instalacao-casa-banho-mesao-frio,self-ref-ok,,canonical matches source route
blog/instalacao-casa-banho-miranda-douro.html,https://canalizador-norte-reparos.pt/blog/instalacao-casa-banho-miranda-douro,self-ref-ok,,canonical matches source route
blog/instalacao-casa-banho-mirandela.html,https://canalizador-norte-reparos.pt/urgencia-canalizador-mirandela,hub-money-same-concelho,,same official concelho=mirandela; target retained
blog/instalacao-casa-banho-mogadouro.html,https://canalizador-norte-reparos.pt/urgencia-canalizador-mogadouro,hub-money-same-concelho,,same official concelho=mogadouro; target retained
blog/instalacao-casa-banho-moimenta-beira.html,https://canalizador-norte-reparos.pt/blog/instalacao-casa-banho-moimenta-beira,self-ref-ok,,canonical matches source route
blog/instalacao-casa-banho-moncorvo.html,https://canalizador-norte-reparos.pt/blog/instalacao-casa-banho-moncorvo,self-ref-ok,,canonical matches source route
blog/instalacao-casa-banho-mondim-basto.html,https://canalizador-norte-reparos.pt/blog/instalacao-casa-banho-mondim-basto,self-ref-ok,,canonical matches source route
blog/instalacao-casa-banho-monforte-rio-livre.html,https://canalizador-norte-reparos.pt/blog/instalacao-casa-banho-monforte-rio-livre,self-ref-ok,,canonical matches source route
blog/instalacao-casa-banho-montalegre.html,https://canalizador-norte-reparos.pt/blog/instalacao-casa-banho-montalegre,self-ref-ok,,canonical matches source route
blog/instalacao-casa-banho-murca.html,https://canalizador-norte-reparos.pt/blog/instalacao-casa-banho-murca,self-ref-ok,,canonical matches source route
blog/instalacao-casa-banho-penedono.html,https://canalizador-norte-reparos.pt/blog/instalacao-casa-banho-penedono,self-ref-ok,,canonical matches source route
blog/instalacao-casa-banho-rebordelo.html,https://canalizador-norte-reparos.pt/blog/instalacao-casa-banho-rebordelo,self-ref-ok,,canonical matches source route
blog/instalacao-casa-banho-regua.html,https://canalizador-norte-reparos.pt/blog/instalacao-casa-banho-regua,self-ref-ok,,canonical matches source route
blog/instalacao-casa-banho-ribeira-pena.html,https://canalizador-norte-reparos.pt/blog/instalacao-casa-banho-ribeira-pena,self-ref-ok,,canonical matches source route
blog/instalacao-casa-banho-sabrosa.html,https://canalizador-norte-reparos.pt/blog/instalacao-casa-banho-sabrosa,self-ref-ok,,canonical matches source route
blog/instalacao-casa-banho-santa-marta-penaguiao.html,https://canalizador-norte-reparos.pt/blog/instalacao-casa-banho-santa-marta-penaguiao,self-ref-ok,,canonical matches source route
blog/instalacao-casa-banho-sao-joao-pesqueira.html,https://canalizador-norte-reparos.pt/blog/instalacao-casa-banho-sao-joao-pesqueira,self-ref-ok,,canonical matches source route
blog/instalacao-casa-banho-sendim.html,https://canalizador-norte-reparos.pt/blog/instalacao-casa-banho-sendim,self-ref-ok,,canonical matches source route
blog/instalacao-casa-banho-sernancelhe.html,https://canalizador-norte-reparos.pt/blog/instalacao-casa-banho-sernancelhe,self-ref-ok,,canonical matches source route
blog/instalacao-casa-banho-tabuaco.html,https://canalizador-norte-reparos.pt/blog/instalacao-casa-banho-tabuaco,self-ref-ok,,canonical matches source route
blog/instalacao-casa-banho-torre-moncorvo.html,https://canalizador-norte-reparos.pt/blog/instalacao-casa-banho-torre-moncorvo,self-ref-ok,,canonical matches source route
blog/instalacao-casa-banho-valpacos.html,https://canalizador-norte-reparos.pt/urgencia-canalizador-valpacos,hub-money-same-concelho,,same official concelho=valpacos; target retained
blog/instalacao-casa-banho-vila-flor.html,https://canalizador-norte-reparos.pt/blog/instalacao-casa-banho-vila-flor,self-ref-ok,,canonical matches source route
blog/instalacao-casa-banho-vila-pouca-aguiar.html,https://canalizador-norte-reparos.pt/blog/instalacao-casa-banho-vila-pouca-aguiar,self-ref-ok,,canonical matches source route
blog/instalacao-casa-banho-vila-real.html,https://canalizador-norte-reparos.pt/urgencia-canalizador-vila-real,hub-money-same-concelho,,same official concelho=vila-real; target retained
blog/instalacao-casa-banho-vimioso.html,https://canalizador-norte-reparos.pt/blog/instalacao-casa-banho-vimioso,self-ref-ok,,canonical matches source route
blog/instalacao-casa-banho-vinhais.html,https://canalizador-norte-reparos.pt/urgencia-canalizador-vinhais,hub-money-same-concelho,,same official concelho=vinhais; target retained
blog/instalacao-esquentador-alfandega-fe.html,https://canalizador-norte-reparos.pt/blog/instalacao-esquentador-alfandega-fe,self-ref-ok,,canonical matches source route
blog/instalacao-esquentador-algoso.html,https://canalizador-norte-reparos.pt/blog/instalacao-esquentador-algoso,self-ref-ok,,canonical matches source route
blog/instalacao-esquentador-alijo.html,https://canalizador-norte-reparos.pt/reparacao-fugas-pressao-baixa-alijo,hub-money-same-concelho,,same official concelho=alijo; target retained
blog/instalacao-esquentador-armamar.html,https://canalizador-norte-reparos.pt/blog/instalacao-esquentador-armamar,self-ref-ok,,canonical matches source route
blog/instalacao-esquentador-boticas.html,https://canalizador-norte-reparos.pt/blog/instalacao-esquentador-boticas,self-ref-ok,,canonical matches source route
blog/instalacao-esquentador-braganca.html,https://canalizador-norte-reparos.pt/urgencia-canalizador-braganca,hub-money-same-concelho,,same official concelho=braganca; target retained
blog/instalacao-esquentador-carrazeda-ansiaes.html,https://canalizador-norte-reparos.pt/blog/instalacao-esquentador-carrazeda-ansiaes,self-ref-ok,,canonical matches source route
blog/instalacao-esquentador-chaves.html,https://canalizador-norte-reparos.pt/urgencia-canalizador-chaves,hub-money-same-concelho,,same official concelho=chaves; target retained
blog/instalacao-esquentador-duas-igrejas.html,https://canalizador-norte-reparos.pt/blog/instalacao-esquentador-duas-igrejas,self-ref-ok,,canonical matches source route
blog/instalacao-esquentador-figueira-castelo-rodrigo.html,https://canalizador-norte-reparos.pt/blog/instalacao-esquentador-figueira-castelo-rodrigo,self-ref-ok,,canonical matches source route
blog/instalacao-esquentador-foz-coa.html,https://canalizador-norte-reparos.pt/blog/instalacao-esquentador-foz-coa,self-ref-ok,,canonical matches source route
blog/instalacao-esquentador-freixo-espada-cinta.html,https://canalizador-norte-reparos.pt/blog/instalacao-esquentador-freixo-espada-cinta,self-ref-ok,,canonical matches source route
blog/instalacao-esquentador-lagoaca.html,https://canalizador-norte-reparos.pt/blog/instalacao-esquentador-lagoaca,self-ref-ok,,canonical matches source route
blog/instalacao-esquentador-lamego.html,https://canalizador-norte-reparos.pt/sem-agua-quente-lamego,hub-money-same-concelho,,same official concelho=lamego; target retained
blog/instalacao-esquentador-macedo-cavaleiros.html,https://canalizador-norte-reparos.pt/blog/instalacao-esquentador-macedo-cavaleiros,self-ref-ok,,canonical matches source route
blog/instalacao-esquentador-meda.html,https://canalizador-norte-reparos.pt/blog/instalacao-esquentador-meda,self-ref-ok,,canonical matches source route
blog/instalacao-esquentador-mesao-frio.html,https://canalizador-norte-reparos.pt/blog/instalacao-esquentador-mesao-frio,self-ref-ok,,canonical matches source route
blog/instalacao-esquentador-miranda-douro.html,https://canalizador-norte-reparos.pt/blog/instalacao-esquentador-miranda-douro,self-ref-ok,,canonical matches source route
blog/instalacao-esquentador-mirandela.html,https://canalizador-norte-reparos.pt/urgencia-canalizador-mirandela,hub-money-same-concelho,,same official concelho=mirandela; target retained
blog/instalacao-esquentador-mogadouro.html,https://canalizador-norte-reparos.pt/urgencia-canalizador-mogadouro,hub-money-same-concelho,,same official concelho=mogadouro; target retained
blog/instalacao-esquentador-moimenta-beira.html,https://canalizador-norte-reparos.pt/blog/instalacao-esquentador-moimenta-beira,self-ref-ok,,canonical matches source route
blog/instalacao-esquentador-moncorvo.html,https://canalizador-norte-reparos.pt/blog/instalacao-esquentador-moncorvo,self-ref-ok,,canonical matches source route
blog/instalacao-esquentador-mondim-basto.html,https://canalizador-norte-reparos.pt/blog/instalacao-esquentador-mondim-basto,self-ref-ok,,canonical matches source route
blog/instalacao-esquentador-monforte-rio-livre.html,https://canalizador-norte-reparos.pt/blog/instalacao-esquentador-monforte-rio-livre,self-ref-ok,,canonical matches source route
blog/instalacao-esquentador-montalegre.html,https://canalizador-norte-reparos.pt/blog/instalacao-esquentador-montalegre,self-ref-ok,,canonical matches source route
blog/instalacao-esquentador-murca.html,https://canalizador-norte-reparos.pt/blog/instalacao-esquentador-murca,self-ref-ok,,canonical matches source route
blog/instalacao-esquentador-passo-passo.html,https://canalizador-norte-reparos.pt/blog/instalacao-esquentador-passo-passo,self-ref-ok,,canonical matches source route
blog/instalacao-esquentador-penedono.html,https://canalizador-norte-reparos.pt/blog/instalacao-esquentador-penedono,self-ref-ok,,canonical matches source route
blog/instalacao-esquentador-rebordelo.html,https://canalizador-norte-reparos.pt/blog/instalacao-esquentador-rebordelo,self-ref-ok,,canonical matches source route
blog/instalacao-esquentador-regua.html,https://canalizador-norte-reparos.pt/blog/instalacao-esquentador-regua,self-ref-ok,,canonical matches source route
blog/instalacao-esquentador-ribeira-pena.html,https://canalizador-norte-reparos.pt/blog/instalacao-esquentador-ribeira-pena,self-ref-ok,,canonical matches source route
blog/instalacao-esquentador-sabrosa.html,https://canalizador-norte-reparos.pt/blog/instalacao-esquentador-sabrosa,self-ref-ok,,canonical matches source route
blog/instalacao-esquentador-santa-marta-penaguiao.html,https://canalizador-norte-reparos.pt/blog/instalacao-esquentador-santa-marta-penaguiao,self-ref-ok,,canonical matches source route
blog/instalacao-esquentador-sao-joao-pesqueira.html,https://canalizador-norte-reparos.pt/blog/instalacao-esquentador-sao-joao-pesqueira,self-ref-ok,,canonical matches source route
blog/instalacao-esquentador-sendim.html,https://canalizador-norte-reparos.pt/blog/instalacao-esquentador-sendim,self-ref-ok,,canonical matches source route
blog/instalacao-esquentador-sernancelhe.html,https://canalizador-norte-reparos.pt/blog/instalacao-esquentador-sernancelhe,self-ref-ok,,canonical matches source route
blog/instalacao-esquentador-tabuaco.html,https://canalizador-norte-reparos.pt/blog/instalacao-esquentador-tabuaco,self-ref-ok,,canonical matches source route
blog/instalacao-esquentador-torre-moncorvo.html,https://canalizador-norte-reparos.pt/blog/instalacao-esquentador-torre-moncorvo,self-ref-ok,,canonical matches source route
blog/instalacao-esquentador-valpacos.html,https://canalizador-norte-reparos.pt/urgencia-canalizador-valpacos,hub-money-same-concelho,,same official concelho=valpacos; target retained
blog/instalacao-esquentador-vila-flor.html,https://canalizador-norte-reparos.pt/blog/instalacao-esquentador-vila-flor,self-ref-ok,,canonical matches source route
blog/instalacao-esquentador-vila-pouca-aguiar.html,https://canalizador-norte-reparos.pt/blog/instalacao-esquentador-vila-pouca-aguiar,self-ref-ok,,canonical matches source route
blog/instalacao-esquentador-vila-real.html,https://canalizador-norte-reparos.pt/urgencia-canalizador-vila-real,hub-money-same-concelho,,same official concelho=vila-real; target retained
blog/instalacao-esquentador-vimioso.html,https://canalizador-norte-reparos.pt/blog/instalacao-esquentador-vimioso,self-ref-ok,,canonical matches source route
blog/instalacao-esquentador-vinhais.html,https://canalizador-norte-reparos.pt/urgencia-canalizador-vinhais,hub-money-same-concelho,,same official concelho=vinhais; target retained
blog/inundacao-casa-primeiros-passos.html,https://canalizador-norte-reparos.pt/blog/inundacao-casa-primeiros-passos,self-ref-ok,,canonical matches source route
blog/lava-loica-esgota-devagar-causa.html,https://canalizador-norte-reparos.pt/blog/lava-loica-esgota-devagar-causa,self-ref-ok,,canonical matches source route
blog/licenca-canalizador-obrigatoria.html,https://canalizador-norte-reparos.pt/blog/licenca-canalizador-obrigatoria,self-ref-ok,,canonical matches source route
blog/limpeza-fossa-alfandega-fe.html,https://canalizador-norte-reparos.pt/blog/limpeza-fossa-alfandega-fe,self-ref-ok,,canonical matches source route
blog/limpeza-fossa-algoso.html,https://canalizador-norte-reparos.pt/blog/limpeza-fossa-algoso,self-ref-ok,,canonical matches source route
blog/limpeza-fossa-alijo.html,https://canalizador-norte-reparos.pt/reparacao-fugas-pressao-baixa-alijo,hub-money-same-concelho,,same official concelho=alijo; target retained
blog/limpeza-fossa-armamar.html,https://canalizador-norte-reparos.pt/blog/limpeza-fossa-armamar,self-ref-ok,,canonical matches source route
blog/limpeza-fossa-boticas.html,https://canalizador-norte-reparos.pt/blog/limpeza-fossa-boticas,self-ref-ok,,canonical matches source route
blog/limpeza-fossa-braganca.html,https://canalizador-norte-reparos.pt/urgencia-canalizador-braganca,hub-money-same-concelho,,same official concelho=braganca; target retained
blog/limpeza-fossa-carrazeda-ansiaes.html,https://canalizador-norte-reparos.pt/blog/limpeza-fossa-carrazeda-ansiaes,self-ref-ok,,canonical matches source route
blog/limpeza-fossa-chaves.html,https://canalizador-norte-reparos.pt/urgencia-canalizador-chaves,hub-money-same-concelho,,same official concelho=chaves; target retained
blog/limpeza-fossa-duas-igrejas.html,https://canalizador-norte-reparos.pt/blog/limpeza-fossa-duas-igrejas,self-ref-ok,,canonical matches source route
blog/limpeza-fossa-figueira-castelo-rodrigo.html,https://canalizador-norte-reparos.pt/blog/limpeza-fossa-figueira-castelo-rodrigo,self-ref-ok,,canonical matches source route
blog/limpeza-fossa-foz-coa.html,https://canalizador-norte-reparos.pt/blog/limpeza-fossa-foz-coa,self-ref-ok,,canonical matches source route
blog/limpeza-fossa-freixo-espada-cinta.html,https://canalizador-norte-reparos.pt/blog/limpeza-fossa-freixo-espada-cinta,self-ref-ok,,canonical matches source route
blog/limpeza-fossa-lagoaca.html,https://canalizador-norte-reparos.pt/blog/limpeza-fossa-lagoaca,self-ref-ok,,canonical matches source route
blog/limpeza-fossa-lamego.html,https://canalizador-norte-reparos.pt/sem-agua-quente-lamego,hub-money-same-concelho,,same official concelho=lamego; target retained
blog/limpeza-fossa-macedo-cavaleiros.html,https://canalizador-norte-reparos.pt/blog/limpeza-fossa-macedo-cavaleiros,self-ref-ok,,canonical matches source route
blog/limpeza-fossa-meda.html,https://canalizador-norte-reparos.pt/blog/limpeza-fossa-meda,self-ref-ok,,canonical matches source route
blog/limpeza-fossa-mesao-frio.html,https://canalizador-norte-reparos.pt/blog/limpeza-fossa-mesao-frio,self-ref-ok,,canonical matches source route
blog/limpeza-fossa-miranda-douro.html,https://canalizador-norte-reparos.pt/blog/limpeza-fossa-miranda-douro,self-ref-ok,,canonical matches source route
blog/limpeza-fossa-mirandela.html,https://canalizador-norte-reparos.pt/urgencia-canalizador-mirandela,hub-money-same-concelho,,same official concelho=mirandela; target retained
blog/limpeza-fossa-mogadouro.html,https://canalizador-norte-reparos.pt/urgencia-canalizador-mogadouro,hub-money-same-concelho,,same official concelho=mogadouro; target retained
blog/limpeza-fossa-moimenta-beira.html,https://canalizador-norte-reparos.pt/blog/limpeza-fossa-moimenta-beira,self-ref-ok,,canonical matches source route
blog/limpeza-fossa-moncorvo.html,https://canalizador-norte-reparos.pt/blog/limpeza-fossa-moncorvo,self-ref-ok,,canonical matches source route
blog/limpeza-fossa-mondim-basto.html,https://canalizador-norte-reparos.pt/blog/limpeza-fossa-mondim-basto,self-ref-ok,,canonical matches source route
blog/limpeza-fossa-monforte-rio-livre.html,https://canalizador-norte-reparos.pt/blog/limpeza-fossa-monforte-rio-livre,self-ref-ok,,canonical matches source route
blog/limpeza-fossa-montalegre.html,https://canalizador-norte-reparos.pt/blog/limpeza-fossa-montalegre,self-ref-ok,,canonical matches source route
blog/limpeza-fossa-murca.html,https://canalizador-norte-reparos.pt/blog/limpeza-fossa-murca,self-ref-ok,,canonical matches source route
blog/limpeza-fossa-penedono.html,https://canalizador-norte-reparos.pt/blog/limpeza-fossa-penedono,self-ref-ok,,canonical matches source route
blog/limpeza-fossa-rebordelo.html,https://canalizador-norte-reparos.pt/blog/limpeza-fossa-rebordelo,self-ref-ok,,canonical matches source route
blog/limpeza-fossa-regua.html,https://canalizador-norte-reparos.pt/blog/limpeza-fossa-regua,self-ref-ok,,canonical matches source route
blog/limpeza-fossa-ribeira-pena.html,https://canalizador-norte-reparos.pt/blog/limpeza-fossa-ribeira-pena,self-ref-ok,,canonical matches source route
blog/limpeza-fossa-sabrosa.html,https://canalizador-norte-reparos.pt/blog/limpeza-fossa-sabrosa,self-ref-ok,,canonical matches source route
blog/limpeza-fossa-santa-marta-penaguiao.html,https://canalizador-norte-reparos.pt/blog/limpeza-fossa-santa-marta-penaguiao,self-ref-ok,,canonical matches source route
blog/limpeza-fossa-sao-joao-pesqueira.html,https://canalizador-norte-reparos.pt/blog/limpeza-fossa-sao-joao-pesqueira,self-ref-ok,,canonical matches source route
blog/limpeza-fossa-sendim.html,https://canalizador-norte-reparos.pt/blog/limpeza-fossa-sendim,self-ref-ok,,canonical matches source route
blog/limpeza-fossa-sernancelhe.html,https://canalizador-norte-reparos.pt/blog/limpeza-fossa-sernancelhe,self-ref-ok,,canonical matches source route
blog/limpeza-fossa-tabuaco.html,https://canalizador-norte-reparos.pt/blog/limpeza-fossa-tabuaco,self-ref-ok,,canonical matches source route
blog/limpeza-fossa-torre-moncorvo.html,https://canalizador-norte-reparos.pt/blog/limpeza-fossa-torre-moncorvo,self-ref-ok,,canonical matches source route
blog/limpeza-fossa-valpacos.html,https://canalizador-norte-reparos.pt/urgencia-canalizador-valpacos,hub-money-same-concelho,,same official concelho=valpacos; target retained
blog/limpeza-fossa-vila-flor.html,https://canalizador-norte-reparos.pt/blog/limpeza-fossa-vila-flor,self-ref-ok,,canonical matches source route
blog/limpeza-fossa-vila-pouca-aguiar.html,https://canalizador-norte-reparos.pt/blog/limpeza-fossa-vila-pouca-aguiar,self-ref-ok,,canonical matches source route
blog/limpeza-fossa-vila-real.html,https://canalizador-norte-reparos.pt/urgencia-canalizador-vila-real,hub-money-same-concelho,,same official concelho=vila-real; target retained
blog/limpeza-fossa-vimioso.html,https://canalizador-norte-reparos.pt/blog/limpeza-fossa-vimioso,self-ref-ok,,canonical matches source route
blog/limpeza-fossa-vinhais.html,https://canalizador-norte-reparos.pt/urgencia-canalizador-vinhais,hub-money-same-concelho,,same official concelho=vinhais; target retained
blog/mancha-humidade-parede-causa.html,https://canalizador-norte-reparos.pt/blog/mancha-humidade-parede-causa,self-ref-ok,,canonical matches source route
blog/mangueira-vs-rega-automatica.html,https://canalizador-norte-reparos.pt/blog/mangueira-vs-rega-automatica,self-ref-ok,,canonical matches source route
blog/manutencao-canalizacao-primavera.html,https://canalizador-norte-reparos.pt/blog/manutencao-canalizacao-primavera,self-ref-ok,,canonical matches source route
blog/manutencao-esquentador-guia.html,https://canalizador-norte-reparos.pt/blog/manutencao-esquentador-guia,self-ref-ok,,canonical matches source route
blog/manutencao-esquentador-quando-como.html,https://canalizador-norte-reparos.pt/blog/manutencao-esquentador-quando-como,self-ref-ok,,canonical matches source route
blog/manutencao-fossas-septicas-guia.html,https://canalizador-norte-reparos.pt/blog/manutencao-fossas-septicas-guia,self-ref-ok,,canonical matches source route
blog/manutencao-piscina-inverno.html,https://canalizador-norte-reparos.pt/blog/manutencao-piscina-inverno,self-ref-ok,,canonical matches source route
blog/manutencao-preventiva-canalizacao-alfandega-fe.html,https://canalizador-norte-reparos.pt/blog/manutencao-preventiva-canalizacao-alfandega-fe,self-ref-ok,,canonical matches source route
blog/manutencao-preventiva-canalizacao-alijo.html,https://canalizador-norte-reparos.pt/reparacao-fugas-pressao-baixa-alijo,hub-money-same-concelho,,same official concelho=alijo; target retained
blog/manutencao-preventiva-canalizacao-armamar.html,https://canalizador-norte-reparos.pt/blog/manutencao-preventiva-canalizacao-armamar,self-ref-ok,,canonical matches source route
blog/manutencao-preventiva-canalizacao-boticas.html,https://canalizador-norte-reparos.pt/blog/manutencao-preventiva-canalizacao-boticas,self-ref-ok,,canonical matches source route
blog/manutencao-preventiva-canalizacao-braganca.html,https://canalizador-norte-reparos.pt/urgencia-canalizador-braganca,hub-money-same-concelho,,same official concelho=braganca; target retained
blog/manutencao-preventiva-canalizacao-carrazeda-ansiaes.html,https://canalizador-norte-reparos.pt/blog/manutencao-preventiva-canalizacao-carrazeda-ansiaes,self-ref-ok,,canonical matches source route
blog/manutencao-preventiva-canalizacao-chaves.html,https://canalizador-norte-reparos.pt/urgencia-canalizador-chaves,hub-money-same-concelho,,same official concelho=chaves; target retained
blog/manutencao-preventiva-canalizacao-freixo-espada-cinta.html,https://canalizador-norte-reparos.pt/blog/manutencao-preventiva-canalizacao-freixo-espada-cinta,self-ref-ok,,canonical matches source route
blog/manutencao-preventiva-canalizacao-lamego.html,https://canalizador-norte-reparos.pt/sem-agua-quente-lamego,hub-money-same-concelho,,same official concelho=lamego; target retained
blog/manutencao-preventiva-canalizacao-macedo-cavaleiros.html,https://canalizador-norte-reparos.pt/blog/manutencao-preventiva-canalizacao-macedo-cavaleiros,self-ref-ok,,canonical matches source route
blog/manutencao-preventiva-canalizacao-mesao-frio.html,https://canalizador-norte-reparos.pt/blog/manutencao-preventiva-canalizacao-mesao-frio,self-ref-ok,,canonical matches source route
blog/manutencao-preventiva-canalizacao-miranda-douro.html,https://canalizador-norte-reparos.pt/blog/manutencao-preventiva-canalizacao-miranda-douro,self-ref-ok,,canonical matches source route
blog/manutencao-preventiva-canalizacao-mirandela.html,https://canalizador-norte-reparos.pt/urgencia-canalizador-mirandela,hub-money-same-concelho,,same official concelho=mirandela; target retained
blog/manutencao-preventiva-canalizacao-mogadouro.html,https://canalizador-norte-reparos.pt/urgencia-canalizador-mogadouro,hub-money-same-concelho,,same official concelho=mogadouro; target retained
blog/manutencao-preventiva-canalizacao-moimenta-beira.html,https://canalizador-norte-reparos.pt/blog/manutencao-preventiva-canalizacao-moimenta-beira,self-ref-ok,,canonical matches source route
blog/manutencao-preventiva-canalizacao-mondim-basto.html,https://canalizador-norte-reparos.pt/blog/manutencao-preventiva-canalizacao-mondim-basto,self-ref-ok,,canonical matches source route
blog/manutencao-preventiva-canalizacao-montalegre.html,https://canalizador-norte-reparos.pt/blog/manutencao-preventiva-canalizacao-montalegre,self-ref-ok,,canonical matches source route
blog/manutencao-preventiva-canalizacao-murca.html,https://canalizador-norte-reparos.pt/blog/manutencao-preventiva-canalizacao-murca,self-ref-ok,,canonical matches source route
blog/manutencao-preventiva-canalizacao-penedono.html,https://canalizador-norte-reparos.pt/blog/manutencao-preventiva-canalizacao-penedono,self-ref-ok,,canonical matches source route
blog/manutencao-preventiva-canalizacao-regua.html,https://canalizador-norte-reparos.pt/blog/manutencao-preventiva-canalizacao-regua,self-ref-ok,,canonical matches source route
blog/manutencao-preventiva-canalizacao-ribeira-pena.html,https://canalizador-norte-reparos.pt/blog/manutencao-preventiva-canalizacao-ribeira-pena,self-ref-ok,,canonical matches source route
blog/manutencao-preventiva-canalizacao-sabrosa.html,https://canalizador-norte-reparos.pt/blog/manutencao-preventiva-canalizacao-sabrosa,self-ref-ok,,canonical matches source route
blog/manutencao-preventiva-canalizacao-santa-marta-penaguiao.html,https://canalizador-norte-reparos.pt/blog/manutencao-preventiva-canalizacao-santa-marta-penaguiao,self-ref-ok,,canonical matches source route
blog/manutencao-preventiva-canalizacao-torre-moncorvo.html,https://canalizador-norte-reparos.pt/blog/manutencao-preventiva-canalizacao-torre-moncorvo,self-ref-ok,,canonical matches source route
blog/manutencao-preventiva-canalizacao-valpacos.html,https://canalizador-norte-reparos.pt/urgencia-canalizador-valpacos,hub-money-same-concelho,,same official concelho=valpacos; target retained
blog/manutencao-preventiva-canalizacao-vila-flor.html,https://canalizador-norte-reparos.pt/blog/manutencao-preventiva-canalizacao-vila-flor,self-ref-ok,,canonical matches source route
blog/manutencao-preventiva-canalizacao-vila-pouca-aguiar.html,https://canalizador-norte-reparos.pt/blog/manutencao-preventiva-canalizacao-vila-pouca-aguiar,self-ref-ok,,canonical matches source route
blog/manutencao-preventiva-canalizacao-vila-real.html,https://canalizador-norte-reparos.pt/urgencia-canalizador-vila-real,hub-money-same-concelho,,same official concelho=vila-real; target retained
blog/manutencao-preventiva-canalizacao-vimioso.html,https://canalizador-norte-reparos.pt/blog/manutencao-preventiva-canalizacao-vimioso,self-ref-ok,,canonical matches source route
blog/manutencao-preventiva-canalizacao-vinhais.html,https://canalizador-norte-reparos.pt/urgencia-canalizador-vinhais,hub-money-same-concelho,,same official concelho=vinhais; target retained
blog/manutencao-preventiva-canalizacao.html,https://canalizador-norte-reparos.pt/blog/manutencao-preventiva-canalizacao,self-ref-ok,,canonical matches source route
blog/maquina-lavar-nao-escoa.html,https://canalizador-norte-reparos.pt/blog/maquina-lavar-nao-escoa,self-ref-ok,,canonical matches source route
blog/mofo-casa-banho-solucoes.html,https://canalizador-norte-reparos.pt/blog/mofo-casa-banho-solucoes,self-ref-ok,,canonical matches source route
blog/mudar-banheira-para-duche.html,https://canalizador-norte-reparos.pt/blog/mudar-banheira-para-duche,self-ref-ok,,canonical matches source route
blog/normas-agua-potavel-portugal.html,https://canalizador-norte-reparos.pt/blog/normas-agua-potavel-portugal,self-ref-ok,,canonical matches source route
blog/ph-piscina-como-regular.html,https://canalizador-norte-reparos.pt/blog/ph-piscina-como-regular,self-ref-ok,,canonical matches source route
blog/pia-cozinha-entupida-gordura-solucao.html,https://canalizador-norte-reparos.pt/blog/pia-cozinha-entupida-gordura-solucao,self-ref-ok,,canonical matches source route
blog/picheleiro-canalizador-diferenca.html,https://canalizador-norte-reparos.pt/blog/picheleiro-canalizador-diferenca,self-ref-ok,,canonical matches source route
blog/picheleiro-ou-canalizador-diferenca.html,https://canalizador-norte-reparos.pt/blog/picheleiro-ou-canalizador-diferenca,self-ref-ok,,canonical matches source route
blog/piscina-agua-verde-solucoes.html,https://canalizador-norte-reparos.pt/blog/piscina-agua-verde-solucoes,self-ref-ok,,canonical matches source route
blog/piscina-manutencao-canalizacao-guia.html,https://canalizador-norte-reparos.pt/blog/piscina-manutencao-canalizacao-guia,self-ref-ok,,canonical matches source route
blog/poco-agua-instalacao-bomba.html,https://canalizador-norte-reparos.pt/blog/poco-agua-instalacao-bomba,self-ref-ok,,canonical matches source route
blog/poco-agua-rega-jardim.html,https://canalizador-norte-reparos.pt/blog/poco-agua-rega-jardim,self-ref-ok,,canonical matches source route
blog/posso-trocar-torneira-eu-mesmo.html,https://canalizador-norte-reparos.pt/blog/posso-trocar-torneira-eu-mesmo,self-ref-ok,,canonical matches source route
blog/poupanca-agua-jardim.html,https://canalizador-norte-reparos.pt/blog/poupanca-agua-jardim,self-ref-ok,,canonical matches source route
blog/ppr-vs-multicamada-tubos.html,https://canalizador-norte-reparos.pt/blog/ppr-vs-multicamada-tubos,self-ref-ok,,canonical matches source route
blog/preco-canalizador-portugal.html,https://canalizador-norte-reparos.pt/blog/preco-canalizador-portugal,self-ref-ok,,canonical matches source route
blog/preco-canalizador-tras-os-montes.html,https://canalizador-norte-reparos.pt/blog/preco-canalizador-tras-os-montes,self-ref-ok,,canonical matches source route
blog/preco-medio-canalizador-hora-2026.html,https://canalizador-norte-reparos.pt/blog/preco-medio-canalizador-hora-2026,self-ref-ok,,canonical matches source route
blog/precos-canalizador-alfandega-fe-2026.html,https://canalizador-norte-reparos.pt/blog/precos-canalizador-alfandega-fe-2026,self-ref-ok,,canonical matches source route
blog/precos-canalizador-alijo-2026.html,https://canalizador-norte-reparos.pt/blog/precos-canalizador-alijo-2026,self-ref-ok,,canonical matches source route
blog/precos-canalizador-boticas-2026.html,https://canalizador-norte-reparos.pt/blog/precos-canalizador-boticas-2026,self-ref-ok,,canonical matches source route
blog/precos-canalizador-braganca-2026.html,https://canalizador-norte-reparos.pt/blog/precos-canalizador-braganca-2026,self-ref-ok,,canonical matches source route
blog/precos-canalizador-carrazeda-ansiaes-2026.html,https://canalizador-norte-reparos.pt/blog/precos-canalizador-carrazeda-ansiaes-2026,self-ref-ok,,canonical matches source route
blog/precos-canalizador-chaves-2026.html,https://canalizador-norte-reparos.pt/blog/precos-canalizador-chaves-2026,self-ref-ok,,canonical matches source route
blog/precos-canalizador-freixo-espada-cinta-2026.html,https://canalizador-norte-reparos.pt/blog/precos-canalizador-freixo-espada-cinta-2026,self-ref-ok,,canonical matches source route
blog/precos-canalizador-lamego-2026.html,https://canalizador-norte-reparos.pt/blog/precos-canalizador-lamego-2026,self-ref-ok,,canonical matches source route
blog/precos-canalizador-macedo-cavaleiros-2026.html,https://canalizador-norte-reparos.pt/blog/precos-canalizador-macedo-cavaleiros-2026,self-ref-ok,,canonical matches source route
blog/precos-canalizador-miranda-douro-2026.html,https://canalizador-norte-reparos.pt/blog/precos-canalizador-miranda-douro-2026,self-ref-ok,,canonical matches source route
blog/precos-canalizador-mirandela-2026.html,https://canalizador-norte-reparos.pt/blog/precos-canalizador-mirandela-2026,self-ref-ok,,canonical matches source route
blog/precos-canalizador-mogadouro-2026.html,https://canalizador-norte-reparos.pt/blog/precos-canalizador-mogadouro-2026,self-ref-ok,,canonical matches source route
blog/precos-canalizador-regua-2026.html,https://canalizador-norte-reparos.pt/blog/precos-canalizador-regua-2026,self-ref-ok,,canonical matches source route
blog/precos-canalizador-torre-moncorvo-2026.html,https://canalizador-norte-reparos.pt/blog/precos-canalizador-torre-moncorvo-2026,self-ref-ok,,canonical matches source route
blog/precos-canalizador-vila-flor-2026.html,https://canalizador-norte-reparos.pt/blog/precos-canalizador-vila-flor-2026,self-ref-ok,,canonical matches source route
blog/precos-canalizador-vila-real-2026.html,https://canalizador-norte-reparos.pt/blog/precos-canalizador-vila-real-2026,self-ref-ok,,canonical matches source route
blog/precos-canalizador-vimioso-2026.html,https://canalizador-norte-reparos.pt/blog/precos-canalizador-vimioso-2026,self-ref-ok,,canonical matches source route
blog/precos-canalizador-vinhais-2026.html,https://canalizador-norte-reparos.pt/blog/precos-canalizador-vinhais-2026,self-ref-ok,,canonical matches source route
blog/preparar-canalizacao-inverno-guia.html,https://canalizador-norte-reparos.pt/blog/preparar-canalizacao-inverno-guia,self-ref-ok,,canonical matches source route
blog/preparar-canalizacao-inverno-tras-os-montes.html,https://canalizador-norte-reparos.pt/blog/preparar-canalizacao-inverno-tras-os-montes,self-ref-ok,,canonical matches source route
blog/pressao-agua-alta-demais-perigos.html,https://canalizador-norte-reparos.pt/blog/pressao-agua-alta-demais-perigos,self-ref-ok,,canonical matches source route
blog/pressao-agua-baixa-causas-solucoes.html,https://canalizador-norte-reparos.pt/blog/pressao-agua-baixa-causas-solucoes,self-ref-ok,,canonical matches source route
blog/pressao-agua-baixa-causas.html,https://canalizador-norte-reparos.pt/blog/pressao-agua-baixa-causas,self-ref-ok,,canonical matches source route
blog/pressao-agua-fraca-casa-solucao.html,https://canalizador-norte-reparos.pt/blog/pressao-agua-fraca-casa-solucao,self-ref-ok,,canonical matches source route
blog/pressao-agua-fraca-causas-solucoes.html,https://canalizador-norte-reparos.pt/blog/pressao-agua-fraca-causas-solucoes,self-ref-ok,,canonical matches source route
blog/pressao-agua-fraca-so-num-ponto.html,https://canalizador-norte-reparos.pt/blog/pressao-agua-fraca-so-num-ponto,self-ref-ok,,canonical matches source route
blog/pressao-agua-ideal-casa.html,https://canalizador-norte-reparos.pt/blog/pressao-agua-ideal-casa,self-ref-ok,,canonical matches source route
blog/problemas-canalizacao-inverno-alfandega-fe.html,https://canalizador-norte-reparos.pt/blog/problemas-canalizacao-inverno-alfandega-fe,self-ref-ok,,canonical matches source route
blog/problemas-canalizacao-inverno-alijo.html,https://canalizador-norte-reparos.pt/reparacao-fugas-pressao-baixa-alijo,hub-money-same-concelho,,same official concelho=alijo; target retained
blog/problemas-canalizacao-inverno-armamar.html,https://canalizador-norte-reparos.pt/blog/problemas-canalizacao-inverno-armamar,self-ref-ok,,canonical matches source route
blog/problemas-canalizacao-inverno-boticas.html,https://canalizador-norte-reparos.pt/blog/problemas-canalizacao-inverno-boticas,self-ref-ok,,canonical matches source route
blog/problemas-canalizacao-inverno-carrazeda-ansiaes.html,https://canalizador-norte-reparos.pt/blog/problemas-canalizacao-inverno-carrazeda-ansiaes,self-ref-ok,,canonical matches source route
blog/problemas-canalizacao-inverno-freixo-espada-cinta.html,https://canalizador-norte-reparos.pt/blog/problemas-canalizacao-inverno-freixo-espada-cinta,self-ref-ok,,canonical matches source route
blog/problemas-canalizacao-inverno-mesao-frio.html,https://canalizador-norte-reparos.pt/blog/problemas-canalizacao-inverno-mesao-frio,self-ref-ok,,canonical matches source route
blog/problemas-canalizacao-inverno-moimenta-beira.html,https://canalizador-norte-reparos.pt/blog/problemas-canalizacao-inverno-moimenta-beira,self-ref-ok,,canonical matches source route
blog/problemas-canalizacao-inverno-mondim-basto.html,https://canalizador-norte-reparos.pt/blog/problemas-canalizacao-inverno-mondim-basto,self-ref-ok,,canonical matches source route
blog/problemas-canalizacao-inverno-montalegre.html,https://canalizador-norte-reparos.pt/blog/problemas-canalizacao-inverno-montalegre,self-ref-ok,,canonical matches source route
blog/problemas-canalizacao-inverno-murca.html,https://canalizador-norte-reparos.pt/blog/problemas-canalizacao-inverno-murca,self-ref-ok,,canonical matches source route
blog/problemas-canalizacao-inverno-penedono.html,https://canalizador-norte-reparos.pt/blog/problemas-canalizacao-inverno-penedono,self-ref-ok,,canonical matches source route
blog/problemas-canalizacao-inverno-ribeira-pena.html,https://canalizador-norte-reparos.pt/blog/problemas-canalizacao-inverno-ribeira-pena,self-ref-ok,,canonical matches source route
blog/problemas-canalizacao-inverno-sabrosa.html,https://canalizador-norte-reparos.pt/blog/problemas-canalizacao-inverno-sabrosa,self-ref-ok,,canonical matches source route
blog/problemas-canalizacao-inverno-santa-marta-penaguiao.html,https://canalizador-norte-reparos.pt/blog/problemas-canalizacao-inverno-santa-marta-penaguiao,self-ref-ok,,canonical matches source route
blog/problemas-canalizacao-inverno-torre-moncorvo.html,https://canalizador-norte-reparos.pt/blog/problemas-canalizacao-inverno-torre-moncorvo,self-ref-ok,,canonical matches source route
blog/problemas-canalizacao-inverno-valpacos.html,https://canalizador-norte-reparos.pt/urgencia-canalizador-valpacos,hub-money-same-concelho,,same official concelho=valpacos; target retained
blog/problemas-canalizacao-inverno-vila-flor.html,https://canalizador-norte-reparos.pt/blog/problemas-canalizacao-inverno-vila-flor,self-ref-ok,,canonical matches source route
blog/problemas-canalizacao-inverno-vila-pouca-aguiar.html,https://canalizador-norte-reparos.pt/blog/problemas-canalizacao-inverno-vila-pouca-aguiar,self-ref-ok,,canonical matches source route
blog/problemas-canalizacao-inverno-vimioso.html,https://canalizador-norte-reparos.pt/blog/problemas-canalizacao-inverno-vimioso,self-ref-ok,,canonical matches source route
blog/problemas-canalizacao-verao-piscinas-rega.html,https://canalizador-norte-reparos.pt/blog/problemas-canalizacao-verao-piscinas-rega,self-ref-ok,,canonical matches source route
blog/problemas-comuns-canalizacao.html,https://canalizador-norte-reparos.pt/blog/problemas-comuns-canalizacao,self-ref-ok,,canonical matches source route
blog/programador-rega-como-usar.html,https://canalizador-norte-reparos.pt/blog/programador-rega-como-usar,self-ref-ok,,canonical matches source route
blog/proteger-canos-gelo-montanha.html,https://canalizador-norte-reparos.pt/blog/proteger-canos-gelo-montanha,self-ref-ok,,canonical matches source route
blog/purgar-radiadores-passo-a-passo.html,https://canalizador-norte-reparos.pt/blog/purgar-radiadores-passo-a-passo,self-ref-ok,,canonical matches source route
blog/quanto-custa-canalizador-braganca-2026.html,https://canalizador-norte-reparos.pt/blog/quanto-custa-canalizador-braganca-2026,self-ref-ok,,canonical matches source route
blog/quanto-custa-canalizador-braganca.html,https://canalizador-norte-reparos.pt/urgencia-canalizador-braganca,hub-money-same-concelho,,same official concelho=braganca; target retained
blog/quanto-custa-canalizador-urgencia.html,https://canalizador-norte-reparos.pt/blog/quanto-custa-canalizador-urgencia,self-ref-ok,,canonical matches source route
blog/quanto-custa-canalizador-urgente-noite.html,https://canalizador-norte-reparos.pt/blog/quanto-custa-canalizador-urgente-noite,self-ref-ok,,canonical matches source route
blog/quanto-custa-desentupimento-2026.html,https://canalizador-norte-reparos.pt/blog/quanto-custa-desentupimento-2026,self-ref-ok,,canonical matches source route
blog/quanto-custa-desentupimento.html,https://canalizador-norte-reparos.pt/blog/quanto-custa-desentupimento,self-ref-ok,,canonical matches source route
blog/quanto-custa-desentupir-canos-braganca.html,,no-canonical,,no canonical link found
blog/quanto-custa-desentupir-canos.html,https://canalizador-norte-reparos.pt/blog/quanto-custa-desentupir-canos,self-ref-ok,,canonical matches source route
blog/quanto-custa-desentupir-sanita-alfandega-da-fe.html,https://canalizador-norte-reparos.pt/blog/quanto-custa-desentupir-sanita-alfandega-da-fe,self-ref-ok,,canonical matches source route
blog/quanto-custa-desentupir-sanita-braganca.html,,no-canonical,,no canonical link found
blog/quanto-custa-desentupir-sanita-carrazeda-de-ansiaes.html,https://canalizador-norte-reparos.pt/blog/quanto-custa-desentupir-sanita-carrazeda-de-ansiaes,self-ref-ok,,canonical matches source route
blog/quanto-custa-desentupir-sanita-chaves.html,,no-canonical,,no canonical link found
blog/quanto-custa-desentupir-sanita-lamego.html,,no-canonical,,no canonical link found
blog/quanto-custa-desentupir-sanita-macedo-de-cavaleiros.html,,no-canonical,,no canonical link found
blog/quanto-custa-desentupir-sanita-mirandela.html,,no-canonical,,no canonical link found
blog/quanto-custa-desentupir-sanita-mogadouro.html,,no-canonical,,no canonical link found
blog/quanto-custa-desentupir-sanita-torre-de-moncorvo.html,https://canalizador-norte-reparos.pt/blog/quanto-custa-desentupir-sanita-torre-de-moncorvo,self-ref-ok,,canonical matches source route
blog/quanto-custa-desentupir-sanita-vila-real.html,,no-canonical,,no canonical link found
blog/quanto-custa-instalar-aquecimento-central.html,https://canalizador-norte-reparos.pt/blog/quanto-custa-instalar-aquecimento-central,self-ref-ok,,canonical matches source route
blog/quanto-custa-instalar-caldeira.html,https://canalizador-norte-reparos.pt/blog/quanto-custa-instalar-caldeira,self-ref-ok,,canonical matches source route
blog/quanto-custa-instalar-casa-banho-alfandega-da-fe.html,https://canalizador-norte-reparos.pt/blog/quanto-custa-instalar-casa-banho-alfandega-da-fe,self-ref-ok,,canonical matches source route
blog/quanto-custa-instalar-casa-banho-braganca.html,,no-canonical,,no canonical link found
blog/quanto-custa-instalar-casa-banho-carrazeda-de-ansiaes.html,https://canalizador-norte-reparos.pt/blog/quanto-custa-instalar-casa-banho-carrazeda-de-ansiaes,self-ref-ok,,canonical matches source route
blog/quanto-custa-instalar-casa-banho-chaves.html,,no-canonical,,no canonical link found
blog/quanto-custa-instalar-casa-banho-lamego.html,,no-canonical,,no canonical link found
blog/quanto-custa-instalar-casa-banho-macedo-de-cavaleiros.html,,no-canonical,,no canonical link found
blog/quanto-custa-instalar-casa-banho-mirandela.html,,no-canonical,,no canonical link found
blog/quanto-custa-instalar-casa-banho-mogadouro.html,,no-canonical,,no canonical link found
blog/quanto-custa-instalar-casa-banho-torre-de-moncorvo.html,https://canalizador-norte-reparos.pt/blog/quanto-custa-instalar-casa-banho-torre-de-moncorvo,self-ref-ok,,canonical matches source route
blog/quanto-custa-instalar-casa-banho-vila-real.html,,no-canonical,,no canonical link found
blog/quanto-custa-instalar-casa-banho.html,https://canalizador-norte-reparos.pt/blog/quanto-custa-instalar-casa-banho,self-ref-ok,,canonical matches source route
blog/quanto-custa-instalar-esquentador-alfandega-da-fe.html,https://canalizador-norte-reparos.pt/blog/quanto-custa-instalar-esquentador-alfandega-da-fe,self-ref-ok,,canonical matches source route
blog/quanto-custa-instalar-esquentador-braganca.html,,no-canonical,,no canonical link found
blog/quanto-custa-instalar-esquentador-carrazeda-de-ansiaes.html,https://canalizador-norte-reparos.pt/blog/quanto-custa-instalar-esquentador-carrazeda-de-ansiaes,self-ref-ok,,canonical matches source route
blog/quanto-custa-instalar-esquentador-chaves.html,,no-canonical,,no canonical link found
blog/quanto-custa-instalar-esquentador-lamego.html,,no-canonical,,no canonical link found
blog/quanto-custa-instalar-esquentador-macedo-de-cavaleiros.html,,no-canonical,,no canonical link found
blog/quanto-custa-instalar-esquentador-mirandela.html,,no-canonical,,no canonical link found
blog/quanto-custa-instalar-esquentador-mogadouro.html,,no-canonical,,no canonical link found
blog/quanto-custa-instalar-esquentador-torre-de-moncorvo.html,https://canalizador-norte-reparos.pt/blog/quanto-custa-instalar-esquentador-torre-de-moncorvo,self-ref-ok,,canonical matches source route
blog/quanto-custa-instalar-esquentador-vila-real.html,,no-canonical,,no canonical link found
blog/quanto-custa-instalar-esquentador.html,https://canalizador-norte-reparos.pt/blog/quanto-custa-instalar-esquentador,self-ref-ok,,canonical matches source route
blog/quanto-custa-instalar-fossa-septica.html,https://canalizador-norte-reparos.pt/blog/quanto-custa-instalar-fossa-septica,self-ref-ok,,canonical matches source route
blog/quanto-custa-instalar-termoacumulador.html,https://canalizador-norte-reparos.pt/blog/quanto-custa-instalar-termoacumulador,self-ref-ok,,canonical matches source route
blog/quanto-custa-remodelar-casa-banho-completa.html,https://canalizador-norte-reparos.pt/blog/quanto-custa-remodelar-casa-banho-completa,self-ref-ok,,canonical matches source route
blog/quanto-custa-reparar-fuga-agua-alfandega-da-fe.html,https://canalizador-norte-reparos.pt/blog/quanto-custa-reparar-fuga-agua-alfandega-da-fe,self-ref-ok,,canonical matches source route
blog/quanto-custa-reparar-fuga-agua-braganca.html,,no-canonical,,no canonical link found
blog/quanto-custa-reparar-fuga-agua-carrazeda-de-ansiaes.html,https://canalizador-norte-reparos.pt/blog/quanto-custa-reparar-fuga-agua-carrazeda-de-ansiaes,self-ref-ok,,canonical matches source route
blog/quanto-custa-reparar-fuga-agua-chaves.html,,no-canonical,,no canonical link found
blog/quanto-custa-reparar-fuga-agua-lamego.html,,no-canonical,,no canonical link found
blog/quanto-custa-reparar-fuga-agua-macedo-de-cavaleiros.html,,no-canonical,,no canonical link found
blog/quanto-custa-reparar-fuga-agua-mirandela.html,,no-canonical,,no canonical link found
blog/quanto-custa-reparar-fuga-agua-mogadouro.html,,no-canonical,,no canonical link found
blog/quanto-custa-reparar-fuga-agua-torre-de-moncorvo.html,https://canalizador-norte-reparos.pt/blog/quanto-custa-reparar-fuga-agua-torre-de-moncorvo,self-ref-ok,,canonical matches source route
blog/quanto-custa-reparar-fuga-agua-vila-real.html,,no-canonical,,no canonical link found
blog/quanto-custa-reparar-fuga-agua.html,https://canalizador-norte-reparos.pt/blog/quanto-custa-reparar-fuga-agua,self-ref-ok,,canonical matches source route
blog/quanto-custa-substituir-esquentador.html,https://canalizador-norte-reparos.pt/blog/quanto-custa-substituir-esquentador,self-ref-ok,,canonical matches source route
blog/quanto-custa-trocar-canalizacao-casa.html,https://canalizador-norte-reparos.pt/blog/quanto-custa-trocar-canalizacao-casa,self-ref-ok,,canonical matches source route
blog/quanto-custa-trocar-torneira-alfandega-da-fe.html,https://canalizador-norte-reparos.pt/blog/quanto-custa-trocar-torneira-alfandega-da-fe,self-ref-ok,,canonical matches source route
blog/quanto-custa-trocar-torneira-braganca.html,,no-canonical,,no canonical link found
blog/quanto-custa-trocar-torneira-carrazeda-de-ansiaes.html,https://canalizador-norte-reparos.pt/blog/quanto-custa-trocar-torneira-carrazeda-de-ansiaes,self-ref-ok,,canonical matches source route
blog/quanto-custa-trocar-torneira-chaves.html,,no-canonical,,no canonical link found
blog/quanto-custa-trocar-torneira-lamego.html,,no-canonical,,no canonical link found
blog/quanto-custa-trocar-torneira-macedo-de-cavaleiros.html,,no-canonical,,no canonical link found
blog/quanto-custa-trocar-torneira-mirandela.html,,no-canonical,,no canonical link found
blog/quanto-custa-trocar-torneira-mogadouro.html,,no-canonical,,no canonical link found
blog/quanto-custa-trocar-torneira-torre-de-moncorvo.html,https://canalizador-norte-reparos.pt/blog/quanto-custa-trocar-torneira-torre-de-moncorvo,self-ref-ok,,canonical matches source route
blog/quanto-custa-trocar-torneira-vila-real.html,,no-canonical,,no canonical link found
blog/radiador-frio-em-baixo.html,https://canalizador-norte-reparos.pt/blog/radiador-frio-em-baixo,self-ref-ok,,canonical matches source route
blog/ralo-entupido-cozinha-casa-banho.html,https://canalizador-norte-reparos.pt/blog/ralo-entupido-cozinha-casa-banho,self-ref-ok,,canonical matches source route
blog/reaproveitamento-agua-chuva-casa.html,https://canalizador-norte-reparos.pt/blog/reaproveitamento-agua-chuva-casa,self-ref-ok,,canonical matches source route
blog/rega-enterrada-instalacao.html,https://canalizador-norte-reparos.pt/blog/rega-enterrada-instalacao,self-ref-ok,,canonical matches source route
blog/rega-gota-a-gota-horta.html,https://canalizador-norte-reparos.pt/blog/rega-gota-a-gota-horta,self-ref-ok,,canonical matches source route
blog/regulamento-canalizacao-portugal.html,https://canalizador-norte-reparos.pt/blog/regulamento-canalizacao-portugal,self-ref-ok,,canonical matches source route
blog/remodelacao-casa-banho-guia-completo.html,https://canalizador-norte-reparos.pt/blog/remodelacao-casa-banho-guia-completo,self-ref-ok,,canonical matches source route
blog/remodelar-cozinha-canalizacao.html,https://canalizador-norte-reparos.pt/blog/remodelar-cozinha-canalizacao,self-ref-ok,,canonical matches source route
blog/reparacao-autoclismo-alfandega-fe.html,https://canalizador-norte-reparos.pt/blog/reparacao-autoclismo-alfandega-fe,self-ref-ok,,canonical matches source route
blog/reparacao-autoclismo-algoso.html,https://canalizador-norte-reparos.pt/blog/reparacao-autoclismo-algoso,self-ref-ok,,canonical matches source route
blog/reparacao-autoclismo-alijo.html,https://canalizador-norte-reparos.pt/reparacao-fugas-pressao-baixa-alijo,hub-money-same-concelho,,same official concelho=alijo; target retained
blog/reparacao-autoclismo-armamar.html,https://canalizador-norte-reparos.pt/blog/reparacao-autoclismo-armamar,self-ref-ok,,canonical matches source route
blog/reparacao-autoclismo-boticas.html,https://canalizador-norte-reparos.pt/blog/reparacao-autoclismo-boticas,self-ref-ok,,canonical matches source route
blog/reparacao-autoclismo-braganca.html,https://canalizador-norte-reparos.pt/urgencia-canalizador-braganca,hub-money-same-concelho,,same official concelho=braganca; target retained
blog/reparacao-autoclismo-carrazeda-ansiaes.html,https://canalizador-norte-reparos.pt/blog/reparacao-autoclismo-carrazeda-ansiaes,self-ref-ok,,canonical matches source route
blog/reparacao-autoclismo-chaves.html,https://canalizador-norte-reparos.pt/urgencia-canalizador-chaves,hub-money-same-concelho,,same official concelho=chaves; target retained
blog/reparacao-autoclismo-duas-igrejas.html,https://canalizador-norte-reparos.pt/blog/reparacao-autoclismo-duas-igrejas,self-ref-ok,,canonical matches source route
blog/reparacao-autoclismo-figueira-castelo-rodrigo.html,https://canalizador-norte-reparos.pt/blog/reparacao-autoclismo-figueira-castelo-rodrigo,self-ref-ok,,canonical matches source route
blog/reparacao-autoclismo-foz-coa.html,https://canalizador-norte-reparos.pt/blog/reparacao-autoclismo-foz-coa,self-ref-ok,,canonical matches source route
blog/reparacao-autoclismo-freixo-espada-cinta.html,https://canalizador-norte-reparos.pt/blog/reparacao-autoclismo-freixo-espada-cinta,self-ref-ok,,canonical matches source route
blog/reparacao-autoclismo-lagoaca.html,https://canalizador-norte-reparos.pt/blog/reparacao-autoclismo-lagoaca,self-ref-ok,,canonical matches source route
blog/reparacao-autoclismo-lamego.html,https://canalizador-norte-reparos.pt/sem-agua-quente-lamego,hub-money-same-concelho,,same official concelho=lamego; target retained
blog/reparacao-autoclismo-macedo-cavaleiros.html,https://canalizador-norte-reparos.pt/blog/reparacao-autoclismo-macedo-cavaleiros,self-ref-ok,,canonical matches source route
blog/reparacao-autoclismo-meda.html,https://canalizador-norte-reparos.pt/blog/reparacao-autoclismo-meda,self-ref-ok,,canonical matches source route
blog/reparacao-autoclismo-mesao-frio.html,https://canalizador-norte-reparos.pt/blog/reparacao-autoclismo-mesao-frio,self-ref-ok,,canonical matches source route
blog/reparacao-autoclismo-miranda-douro.html,https://canalizador-norte-reparos.pt/blog/reparacao-autoclismo-miranda-douro,self-ref-ok,,canonical matches source route
blog/reparacao-autoclismo-mirandela.html,https://canalizador-norte-reparos.pt/urgencia-canalizador-mirandela,hub-money-same-concelho,,same official concelho=mirandela; target retained
blog/reparacao-autoclismo-mogadouro.html,https://canalizador-norte-reparos.pt/urgencia-canalizador-mogadouro,hub-money-same-concelho,,same official concelho=mogadouro; target retained
blog/reparacao-autoclismo-moimenta-beira.html,https://canalizador-norte-reparos.pt/blog/reparacao-autoclismo-moimenta-beira,self-ref-ok,,canonical matches source route
blog/reparacao-autoclismo-moncorvo.html,https://canalizador-norte-reparos.pt/blog/reparacao-autoclismo-moncorvo,self-ref-ok,,canonical matches source route
blog/reparacao-autoclismo-mondim-basto.html,https://canalizador-norte-reparos.pt/blog/reparacao-autoclismo-mondim-basto,self-ref-ok,,canonical matches source route
blog/reparacao-autoclismo-monforte-rio-livre.html,https://canalizador-norte-reparos.pt/blog/reparacao-autoclismo-monforte-rio-livre,self-ref-ok,,canonical matches source route
blog/reparacao-autoclismo-montalegre.html,https://canalizador-norte-reparos.pt/blog/reparacao-autoclismo-montalegre,self-ref-ok,,canonical matches source route
blog/reparacao-autoclismo-murca.html,https://canalizador-norte-reparos.pt/blog/reparacao-autoclismo-murca,self-ref-ok,,canonical matches source route
blog/reparacao-autoclismo-penedono.html,https://canalizador-norte-reparos.pt/blog/reparacao-autoclismo-penedono,self-ref-ok,,canonical matches source route
blog/reparacao-autoclismo-rebordelo.html,https://canalizador-norte-reparos.pt/blog/reparacao-autoclismo-rebordelo,self-ref-ok,,canonical matches source route
blog/reparacao-autoclismo-regua.html,https://canalizador-norte-reparos.pt/blog/reparacao-autoclismo-regua,self-ref-ok,,canonical matches source route
blog/reparacao-autoclismo-ribeira-pena.html,https://canalizador-norte-reparos.pt/blog/reparacao-autoclismo-ribeira-pena,self-ref-ok,,canonical matches source route
blog/reparacao-autoclismo-sabrosa.html,https://canalizador-norte-reparos.pt/blog/reparacao-autoclismo-sabrosa,self-ref-ok,,canonical matches source route
blog/reparacao-autoclismo-santa-marta-penaguiao.html,https://canalizador-norte-reparos.pt/blog/reparacao-autoclismo-santa-marta-penaguiao,self-ref-ok,,canonical matches source route
blog/reparacao-autoclismo-sao-joao-pesqueira.html,https://canalizador-norte-reparos.pt/blog/reparacao-autoclismo-sao-joao-pesqueira,self-ref-ok,,canonical matches source route
blog/reparacao-autoclismo-sendim.html,https://canalizador-norte-reparos.pt/blog/reparacao-autoclismo-sendim,self-ref-ok,,canonical matches source route
blog/reparacao-autoclismo-sernancelhe.html,https://canalizador-norte-reparos.pt/blog/reparacao-autoclismo-sernancelhe,self-ref-ok,,canonical matches source route
blog/reparacao-autoclismo-tabuaco.html,https://canalizador-norte-reparos.pt/blog/reparacao-autoclismo-tabuaco,self-ref-ok,,canonical matches source route
blog/reparacao-autoclismo-torre-moncorvo.html,https://canalizador-norte-reparos.pt/blog/reparacao-autoclismo-torre-moncorvo,self-ref-ok,,canonical matches source route
blog/reparacao-autoclismo-valpacos.html,https://canalizador-norte-reparos.pt/urgencia-canalizador-valpacos,hub-money-same-concelho,,same official concelho=valpacos; target retained
blog/reparacao-autoclismo-vila-flor.html,https://canalizador-norte-reparos.pt/blog/reparacao-autoclismo-vila-flor,self-ref-ok,,canonical matches source route
blog/reparacao-autoclismo-vila-pouca-aguiar.html,https://canalizador-norte-reparos.pt/blog/reparacao-autoclismo-vila-pouca-aguiar,self-ref-ok,,canonical matches source route
blog/reparacao-autoclismo-vila-real.html,https://canalizador-norte-reparos.pt/urgencia-canalizador-vila-real,hub-money-same-concelho,,same official concelho=vila-real; target retained
blog/reparacao-autoclismo-vimioso.html,https://canalizador-norte-reparos.pt/blog/reparacao-autoclismo-vimioso,self-ref-ok,,canonical matches source route
blog/reparacao-autoclismo-vinhais.html,https://canalizador-norte-reparos.pt/urgencia-canalizador-vinhais,hub-money-same-concelho,,same official concelho=vinhais; target retained
blog/reparacao-caldeira-alfandega-fe.html,https://canalizador-norte-reparos.pt/blog/reparacao-caldeira-alfandega-fe,self-ref-ok,,canonical matches source route
blog/reparacao-caldeira-algoso.html,https://canalizador-norte-reparos.pt/blog/reparacao-caldeira-algoso,self-ref-ok,,canonical matches source route
blog/reparacao-caldeira-alijo.html,https://canalizador-norte-reparos.pt/reparacao-fugas-pressao-baixa-alijo,hub-money-same-concelho,,same official concelho=alijo; target retained
blog/reparacao-caldeira-armamar.html,https://canalizador-norte-reparos.pt/blog/reparacao-caldeira-armamar,self-ref-ok,,canonical matches source route
blog/reparacao-caldeira-boticas.html,https://canalizador-norte-reparos.pt/blog/reparacao-caldeira-boticas,self-ref-ok,,canonical matches source route
blog/reparacao-caldeira-braganca.html,https://canalizador-norte-reparos.pt/urgencia-canalizador-braganca,hub-money-same-concelho,,same official concelho=braganca; target retained
blog/reparacao-caldeira-carrazeda-ansiaes.html,https://canalizador-norte-reparos.pt/blog/reparacao-caldeira-carrazeda-ansiaes,self-ref-ok,,canonical matches source route
blog/reparacao-caldeira-chaves.html,https://canalizador-norte-reparos.pt/urgencia-canalizador-chaves,hub-money-same-concelho,,same official concelho=chaves; target retained
blog/reparacao-caldeira-duas-igrejas.html,https://canalizador-norte-reparos.pt/blog/reparacao-caldeira-duas-igrejas,self-ref-ok,,canonical matches source route
blog/reparacao-caldeira-esquentador-manutencao.html,https://canalizador-norte-reparos.pt/blog/reparacao-caldeira-esquentador-manutencao,self-ref-ok,,canonical matches source route
blog/reparacao-caldeira-figueira-castelo-rodrigo.html,https://canalizador-norte-reparos.pt/blog/reparacao-caldeira-figueira-castelo-rodrigo,self-ref-ok,,canonical matches source route
blog/reparacao-caldeira-foz-coa.html,https://canalizador-norte-reparos.pt/blog/reparacao-caldeira-foz-coa,self-ref-ok,,canonical matches source route
blog/reparacao-caldeira-freixo-espada-cinta.html,https://canalizador-norte-reparos.pt/blog/reparacao-caldeira-freixo-espada-cinta,self-ref-ok,,canonical matches source route
blog/reparacao-caldeira-lagoaca.html,https://canalizador-norte-reparos.pt/blog/reparacao-caldeira-lagoaca,self-ref-ok,,canonical matches source route
blog/reparacao-caldeira-lamego.html,https://canalizador-norte-reparos.pt/sem-agua-quente-lamego,hub-money-same-concelho,,same official concelho=lamego; target retained
blog/reparacao-caldeira-macedo-cavaleiros.html,https://canalizador-norte-reparos.pt/blog/reparacao-caldeira-macedo-cavaleiros,self-ref-ok,,canonical matches source route
blog/reparacao-caldeira-meda.html,https://canalizador-norte-reparos.pt/blog/reparacao-caldeira-meda,self-ref-ok,,canonical matches source route
blog/reparacao-caldeira-mesao-frio.html,https://canalizador-norte-reparos.pt/blog/reparacao-caldeira-mesao-frio,self-ref-ok,,canonical matches source route
blog/reparacao-caldeira-miranda-douro.html,https://canalizador-norte-reparos.pt/blog/reparacao-caldeira-miranda-douro,self-ref-ok,,canonical matches source route
blog/reparacao-caldeira-mirandela.html,https://canalizador-norte-reparos.pt/urgencia-canalizador-mirandela,hub-money-same-concelho,,same official concelho=mirandela; target retained
blog/reparacao-caldeira-mogadouro.html,https://canalizador-norte-reparos.pt/urgencia-canalizador-mogadouro,hub-money-same-concelho,,same official concelho=mogadouro; target retained
blog/reparacao-caldeira-moimenta-beira.html,https://canalizador-norte-reparos.pt/blog/reparacao-caldeira-moimenta-beira,self-ref-ok,,canonical matches source route
blog/reparacao-caldeira-moncorvo.html,https://canalizador-norte-reparos.pt/blog/reparacao-caldeira-moncorvo,self-ref-ok,,canonical matches source route
blog/reparacao-caldeira-mondim-basto.html,https://canalizador-norte-reparos.pt/blog/reparacao-caldeira-mondim-basto,self-ref-ok,,canonical matches source route
blog/reparacao-caldeira-monforte-rio-livre.html,https://canalizador-norte-reparos.pt/blog/reparacao-caldeira-monforte-rio-livre,self-ref-ok,,canonical matches source route
blog/reparacao-caldeira-montalegre.html,https://canalizador-norte-reparos.pt/blog/reparacao-caldeira-montalegre,self-ref-ok,,canonical matches source route
blog/reparacao-caldeira-murca.html,https://canalizador-norte-reparos.pt/blog/reparacao-caldeira-murca,self-ref-ok,,canonical matches source route
blog/reparacao-caldeira-penedono.html,https://canalizador-norte-reparos.pt/blog/reparacao-caldeira-penedono,self-ref-ok,,canonical matches source route
blog/reparacao-caldeira-rebordelo.html,https://canalizador-norte-reparos.pt/blog/reparacao-caldeira-rebordelo,self-ref-ok,,canonical matches source route
blog/reparacao-caldeira-regua.html,https://canalizador-norte-reparos.pt/blog/reparacao-caldeira-regua,self-ref-ok,,canonical matches source route
blog/reparacao-caldeira-ribeira-pena.html,https://canalizador-norte-reparos.pt/blog/reparacao-caldeira-ribeira-pena,self-ref-ok,,canonical matches source route
blog/reparacao-caldeira-sabrosa.html,https://canalizador-norte-reparos.pt/blog/reparacao-caldeira-sabrosa,self-ref-ok,,canonical matches source route
blog/reparacao-caldeira-santa-marta-penaguiao.html,https://canalizador-norte-reparos.pt/blog/reparacao-caldeira-santa-marta-penaguiao,self-ref-ok,,canonical matches source route
blog/reparacao-caldeira-sao-joao-pesqueira.html,https://canalizador-norte-reparos.pt/blog/reparacao-caldeira-sao-joao-pesqueira,self-ref-ok,,canonical matches source route
blog/reparacao-caldeira-sendim.html,https://canalizador-norte-reparos.pt/blog/reparacao-caldeira-sendim,self-ref-ok,,canonical matches source route
blog/reparacao-caldeira-sernancelhe.html,https://canalizador-norte-reparos.pt/blog/reparacao-caldeira-sernancelhe,self-ref-ok,,canonical matches source route
blog/reparacao-caldeira-tabuaco.html,https://canalizador-norte-reparos.pt/blog/reparacao-caldeira-tabuaco,self-ref-ok,,canonical matches source route
blog/reparacao-caldeira-torre-moncorvo.html,https://canalizador-norte-reparos.pt/blog/reparacao-caldeira-torre-moncorvo,self-ref-ok,,canonical matches source route
blog/reparacao-caldeira-valpacos.html,https://canalizador-norte-reparos.pt/urgencia-canalizador-valpacos,hub-money-same-concelho,,same official concelho=valpacos; target retained
blog/reparacao-caldeira-vila-flor.html,https://canalizador-norte-reparos.pt/blog/reparacao-caldeira-vila-flor,self-ref-ok,,canonical matches source route
blog/reparacao-caldeira-vila-pouca-aguiar.html,https://canalizador-norte-reparos.pt/blog/reparacao-caldeira-vila-pouca-aguiar,self-ref-ok,,canonical matches source route
blog/reparacao-caldeira-vila-real.html,https://canalizador-norte-reparos.pt/urgencia-canalizador-vila-real,hub-money-same-concelho,,same official concelho=vila-real; target retained
blog/reparacao-caldeira-vimioso.html,https://canalizador-norte-reparos.pt/blog/reparacao-caldeira-vimioso,self-ref-ok,,canonical matches source route
blog/reparacao-caldeira-vinhais.html,https://canalizador-norte-reparos.pt/urgencia-canalizador-vinhais,hub-money-same-concelho,,same official concelho=vinhais; target retained
blog/reparacao-fuga-agua-alfandega-fe.html,https://canalizador-norte-reparos.pt/blog/reparacao-fuga-agua-alfandega-fe,self-ref-ok,,canonical matches source route
blog/reparacao-fuga-agua-algoso.html,https://canalizador-norte-reparos.pt/blog/reparacao-fuga-agua-algoso,self-ref-ok,,canonical matches source route
blog/reparacao-fuga-agua-alijo.html,https://canalizador-norte-reparos.pt/reparacao-fugas-pressao-baixa-alijo,hub-money-same-concelho,,same official concelho=alijo; target retained
blog/reparacao-fuga-agua-armamar.html,https://canalizador-norte-reparos.pt/blog/reparacao-fuga-agua-armamar,self-ref-ok,,canonical matches source route
blog/reparacao-fuga-agua-boticas.html,https://canalizador-norte-reparos.pt/blog/reparacao-fuga-agua-boticas,self-ref-ok,,canonical matches source route
blog/reparacao-fuga-agua-braganca.html,https://canalizador-norte-reparos.pt/urgencia-canalizador-braganca,hub-money-same-concelho,,same official concelho=braganca; target retained
blog/reparacao-fuga-agua-carrazeda-ansiaes.html,https://canalizador-norte-reparos.pt/blog/reparacao-fuga-agua-carrazeda-ansiaes,self-ref-ok,,canonical matches source route
blog/reparacao-fuga-agua-chaves.html,https://canalizador-norte-reparos.pt/urgencia-canalizador-chaves,hub-money-same-concelho,,same official concelho=chaves; target retained
blog/reparacao-fuga-agua-duas-igrejas.html,https://canalizador-norte-reparos.pt/blog/reparacao-fuga-agua-duas-igrejas,self-ref-ok,,canonical matches source route
blog/reparacao-fuga-agua-figueira-castelo-rodrigo.html,https://canalizador-norte-reparos.pt/blog/reparacao-fuga-agua-figueira-castelo-rodrigo,self-ref-ok,,canonical matches source route
blog/reparacao-fuga-agua-foz-coa.html,https://canalizador-norte-reparos.pt/blog/reparacao-fuga-agua-foz-coa,self-ref-ok,,canonical matches source route
blog/reparacao-fuga-agua-freixo-espada-cinta.html,https://canalizador-norte-reparos.pt/blog/reparacao-fuga-agua-freixo-espada-cinta,self-ref-ok,,canonical matches source route
blog/reparacao-fuga-agua-lagoaca.html,https://canalizador-norte-reparos.pt/blog/reparacao-fuga-agua-lagoaca,self-ref-ok,,canonical matches source route
blog/reparacao-fuga-agua-lamego.html,https://canalizador-norte-reparos.pt/sem-agua-quente-lamego,hub-money-same-concelho,,same official concelho=lamego; target retained
blog/reparacao-fuga-agua-macedo-cavaleiros.html,https://canalizador-norte-reparos.pt/blog/reparacao-fuga-agua-macedo-cavaleiros,self-ref-ok,,canonical matches source route
blog/reparacao-fuga-agua-meda.html,https://canalizador-norte-reparos.pt/blog/reparacao-fuga-agua-meda,self-ref-ok,,canonical matches source route
blog/reparacao-fuga-agua-mesao-frio.html,https://canalizador-norte-reparos.pt/blog/reparacao-fuga-agua-mesao-frio,self-ref-ok,,canonical matches source route
blog/reparacao-fuga-agua-miranda-douro.html,https://canalizador-norte-reparos.pt/blog/reparacao-fuga-agua-miranda-douro,self-ref-ok,,canonical matches source route
blog/reparacao-fuga-agua-mirandela.html,https://canalizador-norte-reparos.pt/urgencia-canalizador-mirandela,hub-money-same-concelho,,same official concelho=mirandela; target retained
blog/reparacao-fuga-agua-mogadouro.html,https://canalizador-norte-reparos.pt/urgencia-canalizador-mogadouro,hub-money-same-concelho,,same official concelho=mogadouro; target retained
blog/reparacao-fuga-agua-moimenta-beira.html,https://canalizador-norte-reparos.pt/blog/reparacao-fuga-agua-moimenta-beira,self-ref-ok,,canonical matches source route
blog/reparacao-fuga-agua-moncorvo.html,https://canalizador-norte-reparos.pt/blog/reparacao-fuga-agua-moncorvo,self-ref-ok,,canonical matches source route
blog/reparacao-fuga-agua-mondim-basto.html,https://canalizador-norte-reparos.pt/blog/reparacao-fuga-agua-mondim-basto,self-ref-ok,,canonical matches source route
blog/reparacao-fuga-agua-monforte-rio-livre.html,https://canalizador-norte-reparos.pt/blog/reparacao-fuga-agua-monforte-rio-livre,self-ref-ok,,canonical matches source route
blog/reparacao-fuga-agua-montalegre.html,https://canalizador-norte-reparos.pt/blog/reparacao-fuga-agua-montalegre,self-ref-ok,,canonical matches source route
blog/reparacao-fuga-agua-murca.html,https://canalizador-norte-reparos.pt/blog/reparacao-fuga-agua-murca,self-ref-ok,,canonical matches source route
blog/reparacao-fuga-agua-penedono.html,https://canalizador-norte-reparos.pt/blog/reparacao-fuga-agua-penedono,self-ref-ok,,canonical matches source route
blog/reparacao-fuga-agua-rebordelo.html,https://canalizador-norte-reparos.pt/blog/reparacao-fuga-agua-rebordelo,self-ref-ok,,canonical matches source route
blog/reparacao-fuga-agua-regua.html,https://canalizador-norte-reparos.pt/blog/reparacao-fuga-agua-regua,self-ref-ok,,canonical matches source route
blog/reparacao-fuga-agua-ribeira-pena.html,https://canalizador-norte-reparos.pt/blog/reparacao-fuga-agua-ribeira-pena,self-ref-ok,,canonical matches source route
blog/reparacao-fuga-agua-sabrosa.html,https://canalizador-norte-reparos.pt/blog/reparacao-fuga-agua-sabrosa,self-ref-ok,,canonical matches source route
blog/reparacao-fuga-agua-santa-marta-penaguiao.html,https://canalizador-norte-reparos.pt/blog/reparacao-fuga-agua-santa-marta-penaguiao,self-ref-ok,,canonical matches source route
blog/reparacao-fuga-agua-sao-joao-pesqueira.html,https://canalizador-norte-reparos.pt/blog/reparacao-fuga-agua-sao-joao-pesqueira,self-ref-ok,,canonical matches source route
blog/reparacao-fuga-agua-sendim.html,https://canalizador-norte-reparos.pt/blog/reparacao-fuga-agua-sendim,self-ref-ok,,canonical matches source route
blog/reparacao-fuga-agua-sernancelhe.html,https://canalizador-norte-reparos.pt/blog/reparacao-fuga-agua-sernancelhe,self-ref-ok,,canonical matches source route
blog/reparacao-fuga-agua-tabuaco.html,https://canalizador-norte-reparos.pt/blog/reparacao-fuga-agua-tabuaco,self-ref-ok,,canonical matches source route
blog/reparacao-fuga-agua-torre-moncorvo.html,https://canalizador-norte-reparos.pt/blog/reparacao-fuga-agua-torre-moncorvo,self-ref-ok,,canonical matches source route
blog/reparacao-fuga-agua-valpacos.html,https://canalizador-norte-reparos.pt/urgencia-canalizador-valpacos,hub-money-same-concelho,,same official concelho=valpacos; target retained
blog/reparacao-fuga-agua-vila-flor.html,https://canalizador-norte-reparos.pt/blog/reparacao-fuga-agua-vila-flor,self-ref-ok,,canonical matches source route
blog/reparacao-fuga-agua-vila-pouca-aguiar.html,https://canalizador-norte-reparos.pt/blog/reparacao-fuga-agua-vila-pouca-aguiar,self-ref-ok,,canonical matches source route
blog/reparacao-fuga-agua-vila-real.html,https://canalizador-norte-reparos.pt/urgencia-canalizador-vila-real,hub-money-same-concelho,,same official concelho=vila-real; target retained
blog/reparacao-fuga-agua-vimioso.html,https://canalizador-norte-reparos.pt/blog/reparacao-fuga-agua-vimioso,self-ref-ok,,canonical matches source route
blog/reparacao-fuga-agua-vinhais.html,https://canalizador-norte-reparos.pt/urgencia-canalizador-vinhais,hub-money-same-concelho,,same official concelho=vinhais; target retained
blog/reparacao-torneira-alfandega-fe.html,https://canalizador-norte-reparos.pt/blog/reparacao-torneira-alfandega-fe,self-ref-ok,,canonical matches source route
blog/reparacao-torneira-algoso.html,https://canalizador-norte-reparos.pt/blog/reparacao-torneira-algoso,self-ref-ok,,canonical matches source route
blog/reparacao-torneira-alijo.html,https://canalizador-norte-reparos.pt/reparacao-fugas-pressao-baixa-alijo,hub-money-same-concelho,,same official concelho=alijo; target retained
blog/reparacao-torneira-armamar.html,https://canalizador-norte-reparos.pt/blog/reparacao-torneira-armamar,self-ref-ok,,canonical matches source route
blog/reparacao-torneira-boticas.html,https://canalizador-norte-reparos.pt/blog/reparacao-torneira-boticas,self-ref-ok,,canonical matches source route
blog/reparacao-torneira-braganca.html,https://canalizador-norte-reparos.pt/urgencia-canalizador-braganca,hub-money-same-concelho,,same official concelho=braganca; target retained
blog/reparacao-torneira-carrazeda-ansiaes.html,https://canalizador-norte-reparos.pt/blog/reparacao-torneira-carrazeda-ansiaes,self-ref-ok,,canonical matches source route
blog/reparacao-torneira-chaves.html,https://canalizador-norte-reparos.pt/urgencia-canalizador-chaves,hub-money-same-concelho,,same official concelho=chaves; target retained
blog/reparacao-torneira-duas-igrejas.html,https://canalizador-norte-reparos.pt/blog/reparacao-torneira-duas-igrejas,self-ref-ok,,canonical matches source route
blog/reparacao-torneira-figueira-castelo-rodrigo.html,https://canalizador-norte-reparos.pt/blog/reparacao-torneira-figueira-castelo-rodrigo,self-ref-ok,,canonical matches source route
blog/reparacao-torneira-foz-coa.html,https://canalizador-norte-reparos.pt/blog/reparacao-torneira-foz-coa,self-ref-ok,,canonical matches source route
blog/reparacao-torneira-freixo-espada-cinta.html,https://canalizador-norte-reparos.pt/blog/reparacao-torneira-freixo-espada-cinta,self-ref-ok,,canonical matches source route
blog/reparacao-torneira-lagoaca.html,https://canalizador-norte-reparos.pt/blog/reparacao-torneira-lagoaca,self-ref-ok,,canonical matches source route
blog/reparacao-torneira-lamego.html,https://canalizador-norte-reparos.pt/sem-agua-quente-lamego,hub-money-same-concelho,,same official concelho=lamego; target retained
blog/reparacao-torneira-macedo-cavaleiros.html,https://canalizador-norte-reparos.pt/blog/reparacao-torneira-macedo-cavaleiros,self-ref-ok,,canonical matches source route
blog/reparacao-torneira-meda.html,https://canalizador-norte-reparos.pt/blog/reparacao-torneira-meda,self-ref-ok,,canonical matches source route
blog/reparacao-torneira-mesao-frio.html,https://canalizador-norte-reparos.pt/blog/reparacao-torneira-mesao-frio,self-ref-ok,,canonical matches source route
blog/reparacao-torneira-miranda-douro.html,https://canalizador-norte-reparos.pt/blog/reparacao-torneira-miranda-douro,self-ref-ok,,canonical matches source route
blog/reparacao-torneira-mirandela.html,https://canalizador-norte-reparos.pt/urgencia-canalizador-mirandela,hub-money-same-concelho,,same official concelho=mirandela; target retained
blog/reparacao-torneira-mogadouro.html,https://canalizador-norte-reparos.pt/urgencia-canalizador-mogadouro,hub-money-same-concelho,,same official concelho=mogadouro; target retained
blog/reparacao-torneira-moimenta-beira.html,https://canalizador-norte-reparos.pt/blog/reparacao-torneira-moimenta-beira,self-ref-ok,,canonical matches source route
blog/reparacao-torneira-moncorvo.html,https://canalizador-norte-reparos.pt/blog/reparacao-torneira-moncorvo,self-ref-ok,,canonical matches source route
blog/reparacao-torneira-mondim-basto.html,https://canalizador-norte-reparos.pt/blog/reparacao-torneira-mondim-basto,self-ref-ok,,canonical matches source route
blog/reparacao-torneira-monforte-rio-livre.html,https://canalizador-norte-reparos.pt/blog/reparacao-torneira-monforte-rio-livre,self-ref-ok,,canonical matches source route
blog/reparacao-torneira-montalegre.html,https://canalizador-norte-reparos.pt/blog/reparacao-torneira-montalegre,self-ref-ok,,canonical matches source route
blog/reparacao-torneira-murca.html,https://canalizador-norte-reparos.pt/blog/reparacao-torneira-murca,self-ref-ok,,canonical matches source route
blog/reparacao-torneira-penedono.html,https://canalizador-norte-reparos.pt/blog/reparacao-torneira-penedono,self-ref-ok,,canonical matches source route
blog/reparacao-torneira-rebordelo.html,https://canalizador-norte-reparos.pt/blog/reparacao-torneira-rebordelo,self-ref-ok,,canonical matches source route
blog/reparacao-torneira-regua.html,https://canalizador-norte-reparos.pt/blog/reparacao-torneira-regua,self-ref-ok,,canonical matches source route
blog/reparacao-torneira-ribeira-pena.html,https://canalizador-norte-reparos.pt/blog/reparacao-torneira-ribeira-pena,self-ref-ok,,canonical matches source route
blog/reparacao-torneira-sabrosa.html,https://canalizador-norte-reparos.pt/blog/reparacao-torneira-sabrosa,self-ref-ok,,canonical matches source route
blog/reparacao-torneira-santa-marta-penaguiao.html,https://canalizador-norte-reparos.pt/blog/reparacao-torneira-santa-marta-penaguiao,self-ref-ok,,canonical matches source route
blog/reparacao-torneira-sao-joao-pesqueira.html,https://canalizador-norte-reparos.pt/blog/reparacao-torneira-sao-joao-pesqueira,self-ref-ok,,canonical matches source route
blog/reparacao-torneira-sendim.html,https://canalizador-norte-reparos.pt/blog/reparacao-torneira-sendim,self-ref-ok,,canonical matches source route
blog/reparacao-torneira-sernancelhe.html,https://canalizador-norte-reparos.pt/blog/reparacao-torneira-sernancelhe,self-ref-ok,,canonical matches source route
blog/reparacao-torneira-tabuaco.html,https://canalizador-norte-reparos.pt/blog/reparacao-torneira-tabuaco,self-ref-ok,,canonical matches source route
blog/reparacao-torneira-torre-moncorvo.html,https://canalizador-norte-reparos.pt/blog/reparacao-torneira-torre-moncorvo,self-ref-ok,,canonical matches source route
blog/reparacao-torneira-valpacos.html,https://canalizador-norte-reparos.pt/urgencia-canalizador-valpacos,hub-money-same-concelho,,same official concelho=valpacos; target retained
blog/reparacao-torneira-vila-flor.html,https://canalizador-norte-reparos.pt/blog/reparacao-torneira-vila-flor,self-ref-ok,,canonical matches source route
blog/reparacao-torneira-vila-pouca-aguiar.html,https://canalizador-norte-reparos.pt/blog/reparacao-torneira-vila-pouca-aguiar,self-ref-ok,,canonical matches source route
blog/reparacao-torneira-vila-real.html,https://canalizador-norte-reparos.pt/urgencia-canalizador-vila-real,hub-money-same-concelho,,same official concelho=vila-real; target retained
blog/reparacao-torneira-vimioso.html,https://canalizador-norte-reparos.pt/blog/reparacao-torneira-vimioso,self-ref-ok,,canonical matches source route
blog/reparacao-torneira-vinhais.html,https://canalizador-norte-reparos.pt/urgencia-canalizador-vinhais,hub-money-same-concelho,,same official concelho=vinhais; target retained
blog/reparar-cano-pvc.html,https://canalizador-norte-reparos.pt/blog/reparar-cano-pvc,self-ref-ok,,canonical matches source route
blog/responsabilidade-canalizador-obra.html,https://canalizador-norte-reparos.pt/blog/responsabilidade-canalizador-obra,self-ref-ok,,canonical matches source route
blog/ridgid-flexshaft-desentupimento-profissional.html,https://canalizador-norte-reparos.pt/blog/ridgid-flexshaft-desentupimento-profissional,self-ref-ok,,canonical matches source route
blog/robot-piscina-vale-pena.html,https://canalizador-norte-reparos.pt/blog/robot-piscina-vale-pena,self-ref-ok,,canonical matches source route
blog/ruido-martelo-agua.html,https://canalizador-norte-reparos.pt/blog/ruido-martelo-agua,self-ref-ok,,canonical matches source route
blog/sanita-entupida-o-que-fazer.html,https://canalizador-norte-reparos.pt/blog/sanita-entupida-o-que-fazer,self-ref-ok,,canonical matches source route
blog/sanita-entupida-papel.html,https://canalizador-norte-reparos.pt/blog/sanita-entupida-papel,self-ref-ok,,canonical matches source route
blog/sanita-entupida-solucao-urgente.html,https://canalizador-norte-reparos.pt/blog/sanita-entupida-solucao-urgente,self-ref-ok,,canonical matches source route
blog/sanita-nao-puxa-causa-solucao.html,https://canalizador-norte-reparos.pt/blog/sanita-nao-puxa-causa-solucao,self-ref-ok,,canonical matches source route
blog/sanita-suspensa-vs-chao.html,https://canalizador-norte-reparos.pt/blog/sanita-suspensa-vs-chao,self-ref-ok,,canonical matches source route
blog/seguro-residencial-canalizacao.html,https://canalizador-norte-reparos.pt/blog/seguro-residencial-canalizacao,self-ref-ok,,canonical matches source route
blog/silicone-preto-chuveiro.html,https://canalizador-norte-reparos.pt/blog/silicone-preto-chuveiro,self-ref-ok,,canonical matches source route
blog/sinais-fuga-agua-oculta-alfandega-fe.html,https://canalizador-norte-reparos.pt/blog/sinais-fuga-agua-oculta-alfandega-fe,self-ref-ok,,canonical matches source route
blog/sinais-fuga-agua-oculta-alijo.html,https://canalizador-norte-reparos.pt/reparacao-fugas-pressao-baixa-alijo,hub-money-same-concelho,,same official concelho=alijo; target retained
blog/sinais-fuga-agua-oculta-armamar.html,https://canalizador-norte-reparos.pt/blog/sinais-fuga-agua-oculta-armamar,self-ref-ok,,canonical matches source route
blog/sinais-fuga-agua-oculta-boticas.html,https://canalizador-norte-reparos.pt/blog/sinais-fuga-agua-oculta-boticas,self-ref-ok,,canonical matches source route
blog/sinais-fuga-agua-oculta-carrazeda-ansiaes.html,https://canalizador-norte-reparos.pt/blog/sinais-fuga-agua-oculta-carrazeda-ansiaes,self-ref-ok,,canonical matches source route
blog/sinais-fuga-agua-oculta-freixo-espada-cinta.html,https://canalizador-norte-reparos.pt/blog/sinais-fuga-agua-oculta-freixo-espada-cinta,self-ref-ok,,canonical matches source route
blog/sinais-fuga-agua-oculta-mesao-frio.html,https://canalizador-norte-reparos.pt/blog/sinais-fuga-agua-oculta-mesao-frio,self-ref-ok,,canonical matches source route
blog/sinais-fuga-agua-oculta-moimenta-beira.html,https://canalizador-norte-reparos.pt/blog/sinais-fuga-agua-oculta-moimenta-beira,self-ref-ok,,canonical matches source route
blog/sinais-fuga-agua-oculta-mondim-basto.html,https://canalizador-norte-reparos.pt/blog/sinais-fuga-agua-oculta-mondim-basto,self-ref-ok,,canonical matches source route
blog/sinais-fuga-agua-oculta-montalegre.html,https://canalizador-norte-reparos.pt/blog/sinais-fuga-agua-oculta-montalegre,self-ref-ok,,canonical matches source route
blog/sinais-fuga-agua-oculta-murca.html,https://canalizador-norte-reparos.pt/blog/sinais-fuga-agua-oculta-murca,self-ref-ok,,canonical matches source route
blog/sinais-fuga-agua-oculta-penedono.html,https://canalizador-norte-reparos.pt/blog/sinais-fuga-agua-oculta-penedono,self-ref-ok,,canonical matches source route
blog/sinais-fuga-agua-oculta-ribeira-pena.html,https://canalizador-norte-reparos.pt/blog/sinais-fuga-agua-oculta-ribeira-pena,self-ref-ok,,canonical matches source route
blog/sinais-fuga-agua-oculta-sabrosa.html,https://canalizador-norte-reparos.pt/blog/sinais-fuga-agua-oculta-sabrosa,self-ref-ok,,canonical matches source route
blog/sinais-fuga-agua-oculta-santa-marta-penaguiao.html,https://canalizador-norte-reparos.pt/blog/sinais-fuga-agua-oculta-santa-marta-penaguiao,self-ref-ok,,canonical matches source route
blog/sinais-fuga-agua-oculta-torre-moncorvo.html,https://canalizador-norte-reparos.pt/blog/sinais-fuga-agua-oculta-torre-moncorvo,self-ref-ok,,canonical matches source route
blog/sinais-fuga-agua-oculta-valpacos.html,https://canalizador-norte-reparos.pt/urgencia-canalizador-valpacos,hub-money-same-concelho,,same official concelho=valpacos; target retained
blog/sinais-fuga-agua-oculta-vila-flor.html,https://canalizador-norte-reparos.pt/blog/sinais-fuga-agua-oculta-vila-flor,self-ref-ok,,canonical matches source route
blog/sinais-fuga-agua-oculta-vila-pouca-aguiar.html,https://canalizador-norte-reparos.pt/blog/sinais-fuga-agua-oculta-vila-pouca-aguiar,self-ref-ok,,canonical matches source route
blog/sinais-fuga-agua-oculta-vimioso.html,https://canalizador-norte-reparos.pt/blog/sinais-fuga-agua-oculta-vimioso,self-ref-ok,,canonical matches source route
blog/sinais-fugas-agua-escondidas.html,https://canalizador-norte-reparos.pt/blog/sinais-fugas-agua-escondidas,self-ref-ok,,canonical matches source route
blog/sistema-aguas-cinzentas.html,https://canalizador-norte-reparos.pt/blog/sistema-aguas-cinzentas,self-ref-ok,,canonical matches source route
blog/sistema-rega-automatica-jardim.html,https://canalizador-norte-reparos.pt/blog/sistema-rega-automatica-jardim,self-ref-ok,,canonical matches source route
blog/substituir-cano-furado.html,https://canalizador-norte-reparos.pt/blog/substituir-cano-furado,self-ref-ok,,canonical matches source route
blog/termoacumulador-nao-aquece-causa.html,https://canalizador-norte-reparos.pt/blog/termoacumulador-nao-aquece-causa,self-ref-ok,,canonical matches source route
blog/termoacumulador-nao-aquece.html,https://canalizador-norte-reparos.pt/blog/termoacumulador-nao-aquece,self-ref-ok,,canonical matches source route
blog/termoacumulador-vertical-vs-horizontal.html,https://canalizador-norte-reparos.pt/blog/termoacumulador-vertical-vs-horizontal,self-ref-ok,,canonical matches source route
blog/termostato-nao-funciona.html,https://canalizador-norte-reparos.pt/blog/termostato-nao-funciona,self-ref-ok,,canonical matches source route
blog/teto-molhado-causa-solucao.html,https://canalizador-norte-reparos.pt/blog/teto-molhado-causa-solucao,self-ref-ok,,canonical matches source route
blog/toalheiro-aquecido-nao-funciona.html,https://canalizador-norte-reparos.pt/blog/toalheiro-aquecido-nao-funciona,self-ref-ok,,canonical matches source route
blog/top-5-problemas-canalizacao-alfandega-fe.html,https://canalizador-norte-reparos.pt/blog/top-5-problemas-canalizacao-alfandega-fe,self-ref-ok,,canonical matches source route
blog/top-5-problemas-canalizacao-alijo.html,https://canalizador-norte-reparos.pt/reparacao-fugas-pressao-baixa-alijo,hub-money-same-concelho,,same official concelho=alijo; target retained
blog/top-5-problemas-canalizacao-boticas.html,https://canalizador-norte-reparos.pt/blog/top-5-problemas-canalizacao-boticas,self-ref-ok,,canonical matches source route
blog/top-5-problemas-canalizacao-braganca.html,https://canalizador-norte-reparos.pt/urgencia-canalizador-braganca,hub-money-same-concelho,,same official concelho=braganca; target retained
blog/top-5-problemas-canalizacao-carrazeda-ansiaes.html,https://canalizador-norte-reparos.pt/blog/top-5-problemas-canalizacao-carrazeda-ansiaes,self-ref-ok,,canonical matches source route
blog/top-5-problemas-canalizacao-chaves.html,https://canalizador-norte-reparos.pt/urgencia-canalizador-chaves,hub-money-same-concelho,,same official concelho=chaves; target retained
blog/top-5-problemas-canalizacao-freixo-espada-cinta.html,https://canalizador-norte-reparos.pt/blog/top-5-problemas-canalizacao-freixo-espada-cinta,self-ref-ok,,canonical matches source route
blog/top-5-problemas-canalizacao-lamego.html,https://canalizador-norte-reparos.pt/sem-agua-quente-lamego,hub-money-same-concelho,,same official concelho=lamego; target retained
blog/top-5-problemas-canalizacao-macedo-cavaleiros.html,https://canalizador-norte-reparos.pt/blog/top-5-problemas-canalizacao-macedo-cavaleiros,self-ref-ok,,canonical matches source route
blog/top-5-problemas-canalizacao-miranda-douro.html,https://canalizador-norte-reparos.pt/blog/top-5-problemas-canalizacao-miranda-douro,self-ref-ok,,canonical matches source route
blog/top-5-problemas-canalizacao-mirandela.html,https://canalizador-norte-reparos.pt/urgencia-canalizador-mirandela,hub-money-same-concelho,,same official concelho=mirandela; target retained
blog/top-5-problemas-canalizacao-mogadouro.html,https://canalizador-norte-reparos.pt/urgencia-canalizador-mogadouro,hub-money-same-concelho,,same official concelho=mogadouro; target retained
blog/top-5-problemas-canalizacao-regua.html,https://canalizador-norte-reparos.pt/blog/top-5-problemas-canalizacao-regua,self-ref-ok,,canonical matches source route
blog/top-5-problemas-canalizacao-torre-moncorvo.html,https://canalizador-norte-reparos.pt/blog/top-5-problemas-canalizacao-torre-moncorvo,self-ref-ok,,canonical matches source route
blog/top-5-problemas-canalizacao-vila-flor.html,https://canalizador-norte-reparos.pt/blog/top-5-problemas-canalizacao-vila-flor,self-ref-ok,,canonical matches source route
blog/top-5-problemas-canalizacao-vila-real.html,https://canalizador-norte-reparos.pt/urgencia-canalizador-vila-real,hub-money-same-concelho,,same official concelho=vila-real; target retained
blog/top-5-problemas-canalizacao-vimioso.html,https://canalizador-norte-reparos.pt/blog/top-5-problemas-canalizacao-vimioso,self-ref-ok,,canonical matches source route
blog/top-5-problemas-canalizacao-vinhais.html,https://canalizador-norte-reparos.pt/urgencia-canalizador-vinhais,hub-money-same-concelho,,same official concelho=vinhais; target retained
blog/torneira-a-pingar-como-reparar.html,https://canalizador-norte-reparos.pt/blog/torneira-a-pingar-como-reparar,self-ref-ok,,canonical matches source route
blog/torneira-a-pingar.html,https://canalizador-norte-reparos.pt/blog/torneira-a-pingar,self-ref-ok,,canonical matches source route
blog/torneira-goteja-noite.html,https://canalizador-norte-reparos.pt/blog/torneira-goteja-noite,self-ref-ok,,canonical matches source route
blog/torneira-jardim-instalacao.html,https://canalizador-norte-reparos.pt/blog/torneira-jardim-instalacao,self-ref-ok,,canonical matches source route
blog/torneira-monocomando-vs-misturadora.html,https://canalizador-norte-reparos.pt/blog/torneira-monocomando-vs-misturadora,self-ref-ok,,canonical matches source route
blog/torneira-pinga-fechada-solucao.html,https://canalizador-norte-reparos.pt/blog/torneira-pinga-fechada-solucao,self-ref-ok,,canonical matches source route
blog/torneira-pressao-irregular-causa.html,https://canalizador-norte-reparos.pt/blog/torneira-pressao-irregular-causa,self-ref-ok,,canonical matches source route
blog/tratamento-agua-poco-rural.html,https://canalizador-norte-reparos.pt/blog/tratamento-agua-poco-rural,self-ref-ok,,canonical matches source route
blog/valvula-seguranca-goteja.html,https://canalizador-norte-reparos.pt/blog/valvula-seguranca-goteja,self-ref-ok,,canonical matches source route
blog/ventilacao-casa-banho.html,https://canalizador-norte-reparos.pt/blog/ventilacao-casa-banho,self-ref-ok,,canonical matches source route
blog/vistoria-canalizacao-compra-casa.html,https://canalizador-norte-reparos.pt/blog/vistoria-canalizacao-compra-casa,self-ref-ok,,canonical matches source route
blog/wc-entupido-o-que-fazer.html,https://canalizador-norte-reparos.pt/blog/wc-entupido-o-que-fazer,self-ref-ok,,canonical matches source route
busca-de-fuga-alfandega-da-fe.html,https://canalizador-norte-reparos.pt/busca-de-fuga-alfandega-da-fe,self-ref-ok,,canonical matches source route
busca-de-fuga-alijo.html,https://canalizador-norte-reparos.pt/busca-de-fuga-alijo,self-ref-ok,,canonical matches source route
busca-de-fuga-almendra.html,https://canalizador-norte-reparos.pt/busca-de-fuga-almendra,self-ref-ok,,canonical matches source route
busca-de-fuga-argozelo.html,https://canalizador-norte-reparos.pt/busca-de-fuga-argozelo,self-ref-ok,,canonical matches source route
busca-de-fuga-armamar.html,https://canalizador-norte-reparos.pt/busca-de-fuga-armamar,self-ref-ok,,canonical matches source route
busca-de-fuga-boticas.html,https://canalizador-norte-reparos.pt/busca-de-fuga-boticas,self-ref-ok,,canonical matches source route
busca-de-fuga-braganca.html,https://canalizador-norte-reparos.pt/busca-de-fuga-braganca,self-ref-ok,,canonical matches source route
busca-de-fuga-britiande.html,https://canalizador-norte-reparos.pt/busca-de-fuga-britiande,self-ref-ok,,canonical matches source route
busca-de-fuga-cambres.html,https://canalizador-norte-reparos.pt/busca-de-fuga-cambres,self-ref-ok,,canonical matches source route
busca-de-fuga-carrazeda-de-ansiaes.html,https://canalizador-norte-reparos.pt/busca-de-fuga-carrazeda-de-ansiaes,self-ref-ok,,canonical matches source route
busca-de-fuga-carrazedo-de-montenegro.html,https://canalizador-norte-reparos.pt/busca-de-fuga-carrazedo-de-montenegro,self-ref-ok,,canonical matches source route
busca-de-fuga-cedovim.html,https://canalizador-norte-reparos.pt/busca-de-fuga-cedovim,self-ref-ok,,canonical matches source route
busca-de-fuga-chaves.html,https://canalizador-norte-reparos.pt/busca-de-fuga-chaves,self-ref-ok,,canonical matches source route
busca-de-fuga-cumieira.html,https://canalizador-norte-reparos.pt/busca-de-fuga-cumieira,self-ref-ok,,canonical matches source route
busca-de-fuga-ervedosa-do-douro.html,https://canalizador-norte-reparos.pt/busca-de-fuga-ervedosa-do-douro,self-ref-ok,,canonical matches source route
busca-de-fuga-favaios.html,https://canalizador-norte-reparos.pt/busca-de-fuga-favaios,self-ref-ok,,canonical matches source route
busca-de-fuga-figueira-de-castelo-rodrigo.html,https://canalizador-norte-reparos.pt/busca-de-fuga-figueira-de-castelo-rodrigo,self-ref-ok,,canonical matches source route
busca-de-fuga-freixo-de-espada-a-cinta.html,https://canalizador-norte-reparos.pt/busca-de-fuga-freixo-de-espada-a-cinta,self-ref-ok,,canonical matches source route
busca-de-fuga-freixo-de-numao.html,https://canalizador-norte-reparos.pt/busca-de-fuga-freixo-de-numao,self-ref-ok,,canonical matches source route
busca-de-fuga-izeda.html,https://canalizador-norte-reparos.pt/busca-de-fuga-izeda,self-ref-ok,,canonical matches source route
busca-de-fuga-lalim.html,https://canalizador-norte-reparos.pt/busca-de-fuga-lalim,self-ref-ok,,canonical matches source route
busca-de-fuga-lamego.html,https://canalizador-norte-reparos.pt/busca-de-fuga-lamego,self-ref-ok,,canonical matches source route
busca-de-fuga-lazarim.html,https://canalizador-norte-reparos.pt/busca-de-fuga-lazarim,self-ref-ok,,canonical matches source route
busca-de-fuga-lordelo.html,https://canalizador-norte-reparos.pt/busca-de-fuga-lordelo,self-ref-ok,,canonical matches source route
busca-de-fuga-macedo-de-cavaleiros.html,https://canalizador-norte-reparos.pt/busca-de-fuga-macedo-de-cavaleiros,self-ref-ok,,canonical matches source route
busca-de-fuga-marialva.html,https://canalizador-norte-reparos.pt/busca-de-fuga-marialva,self-ref-ok,,canonical matches source route
busca-de-fuga-mesao-frio.html,https://canalizador-norte-reparos.pt/busca-de-fuga-mesao-frio,self-ref-ok,,canonical matches source route
busca-de-fuga-miranda-do-douro.html,https://canalizador-norte-reparos.pt/busca-de-fuga-miranda-do-douro,self-ref-ok,,canonical matches source route
busca-de-fuga-mirandela.html,https://canalizador-norte-reparos.pt/busca-de-fuga-mirandela,self-ref-ok,,canonical matches source route
busca-de-fuga-mogadouro.html,https://canalizador-norte-reparos.pt/busca-de-fuga-mogadouro,self-ref-ok,,canonical matches source route
busca-de-fuga-mondim-da-beira.html,https://canalizador-norte-reparos.pt/busca-de-fuga-mondim-da-beira,self-ref-ok,,canonical matches source route
busca-de-fuga-montalegre.html,https://canalizador-norte-reparos.pt/busca-de-fuga-montalegre,self-ref-ok,,canonical matches source route
busca-de-fuga-moucos.html,https://canalizador-norte-reparos.pt/busca-de-fuga-moucos,self-ref-ok,,canonical matches source route
busca-de-fuga-murca.html,https://canalizador-norte-reparos.pt/busca-de-fuga-murca,self-ref-ok,,canonical matches source route
busca-de-fuga-pedras-salgadas.html,https://canalizador-norte-reparos.pt/busca-de-fuga-pedras-salgadas,self-ref-ok,,canonical matches source route
busca-de-fuga-penedono.html,https://canalizador-norte-reparos.pt/busca-de-fuga-penedono,self-ref-ok,,canonical matches source route
busca-de-fuga-peso-da-regua.html,https://canalizador-norte-reparos.pt/busca-de-fuga-peso-da-regua,self-ref-ok,,canonical matches source route
busca-de-fuga-pinhao.html,https://canalizador-norte-reparos.pt/busca-de-fuga-pinhao,self-ref-ok,,canonical matches source route
busca-de-fuga-ribeira-de-pena.html,https://canalizador-norte-reparos.pt/busca-de-fuga-ribeira-de-pena,self-ref-ok,,canonical matches source route
busca-de-fuga-sabrosa.html,https://canalizador-norte-reparos.pt/busca-de-fuga-sabrosa,self-ref-ok,,canonical matches source route
busca-de-fuga-salzedas.html,https://canalizador-norte-reparos.pt/busca-de-fuga-salzedas,self-ref-ok,,canonical matches source route
busca-de-fuga-sanfins-do-douro.html,https://canalizador-norte-reparos.pt/busca-de-fuga-sanfins-do-douro,self-ref-ok,,canonical matches source route
busca-de-fuga-santa-marta-de-penaguiao.html,https://canalizador-norte-reparos.pt/busca-de-fuga-santa-marta-de-penaguiao,self-ref-ok,,canonical matches source route
busca-de-fuga-santo-estevao.html,https://canalizador-norte-reparos.pt/busca-de-fuga-santo-estevao,self-ref-ok,,canonical matches source route
busca-de-fuga-sao-cosmado.html,https://canalizador-norte-reparos.pt/busca-de-fuga-sao-cosmado,self-ref-ok,,canonical matches source route
busca-de-fuga-sao-joao-da-pesqueira.html,https://canalizador-norte-reparos.pt/busca-de-fuga-sao-joao-da-pesqueira,self-ref-ok,,canonical matches source route
busca-de-fuga-sao-joao-de-tarouca.html,https://canalizador-norte-reparos.pt/busca-de-fuga-sao-joao-de-tarouca,self-ref-ok,,canonical matches source route
busca-de-fuga-sao-martinho-de-anta.html,https://canalizador-norte-reparos.pt/busca-de-fuga-sao-martinho-de-anta,self-ref-ok,,canonical matches source route
busca-de-fuga-sendim.html,https://canalizador-norte-reparos.pt/busca-de-fuga-sendim,self-ref-ok,,canonical matches source route
busca-de-fuga-sernancelhe.html,https://canalizador-norte-reparos.pt/busca-de-fuga-sernancelhe,self-ref-ok,,canonical matches source route
busca-de-fuga-tabuaco.html,https://canalizador-norte-reparos.pt/busca-de-fuga-tabuaco,self-ref-ok,,canonical matches source route
busca-de-fuga-tarouca.html,https://canalizador-norte-reparos.pt/busca-de-fuga-tarouca,self-ref-ok,,canonical matches source route
busca-de-fuga-torre-de-dona-chama.html,https://canalizador-norte-reparos.pt/busca-de-fuga-torre-de-dona-chama,self-ref-ok,,canonical matches source route
busca-de-fuga-torre-de-moncorvo.html,https://canalizador-norte-reparos.pt/busca-de-fuga-torre-de-moncorvo,self-ref-ok,,canonical matches source route
busca-de-fuga-trevoes.html,https://canalizador-norte-reparos.pt/busca-de-fuga-trevoes,self-ref-ok,,canonical matches source route
busca-de-fuga-valdigem.html,https://canalizador-norte-reparos.pt/busca-de-fuga-valdigem,self-ref-ok,,canonical matches source route
busca-de-fuga-valpacos.html,https://canalizador-norte-reparos.pt/busca-de-fuga-valpacos,self-ref-ok,,canonical matches source route
busca-de-fuga-vidago.html,https://canalizador-norte-reparos.pt/busca-de-fuga-vidago,self-ref-ok,,canonical matches source route
busca-de-fuga-vila-flor.html,https://canalizador-norte-reparos.pt/busca-de-fuga-vila-flor,self-ref-ok,,canonical matches source route
busca-de-fuga-vila-franca-das-naves.html,https://canalizador-norte-reparos.pt/busca-de-fuga-vila-franca-das-naves,self-ref-ok,,canonical matches source route
busca-de-fuga-vila-nova-de-foz-coa.html,https://canalizador-norte-reparos.pt/busca-de-fuga-vila-nova-de-foz-coa,self-ref-ok,,canonical matches source route
busca-de-fuga-vila-pouca-de-aguiar.html,https://canalizador-norte-reparos.pt/busca-de-fuga-vila-pouca-de-aguiar,self-ref-ok,,canonical matches source route
busca-de-fuga-vila-real.html,https://canalizador-norte-reparos.pt/busca-de-fuga-vila-real,self-ref-ok,,canonical matches source route
busca-de-fuga-vilar-de-macada.html,https://canalizador-norte-reparos.pt/busca-de-fuga-vilar-de-macada,self-ref-ok,,canonical matches source route
busca-de-fuga-vilarandelo.html,https://canalizador-norte-reparos.pt/busca-de-fuga-vilarandelo,self-ref-ok,,canonical matches source route
busca-de-fuga-vimioso.html,https://canalizador-norte-reparos.pt/busca-de-fuga-vimioso,self-ref-ok,,canonical matches source route
busca-de-fuga-vinhais.html,https://canalizador-norte-reparos.pt/busca-de-fuga-vinhais,self-ref-ok,,canonical matches source route
calculadora-de-preco.html,https://canalizador-norte-reparos.pt/calculadora-de-preco,self-ref-ok,,canonical matches source route
caldeira-alfandega-da-fe.html,https://canalizador-norte-reparos.pt/caldeira-alfandega-da-fe,self-ref-ok,,canonical matches source route
caldeira-algoso.html,https://canalizador-norte-reparos.pt/caldeira-algoso,self-ref-ok,,canonical matches source route
caldeira-armamar.html,https://canalizador-norte-reparos.pt/caldeira-armamar,self-ref-ok,,canonical matches source route
caldeira-boticas.html,https://canalizador-norte-reparos.pt/caldeira-boticas,self-ref-ok,,canonical matches source route
caldeira-braganca.html,https://canalizador-norte-reparos.pt/urgencia-canalizador-braganca,hub-money-same-concelho,,same official concelho=braganca; target retained
caldeira-carrazeda-de-ansiaes.html,https://canalizador-norte-reparos.pt/caldeira-carrazeda-de-ansiaes,self-ref-ok,,canonical matches source route
caldeira-chaves.html,https://canalizador-norte-reparos.pt/urgencia-canalizador-chaves,hub-money-same-concelho,,same official concelho=chaves; target retained
caldeira-duas-igrejas.html,https://canalizador-norte-reparos.pt/caldeira-duas-igrejas,self-ref-ok,,canonical matches source route
caldeira-freixo-de-espada-a-cinta.html,https://canalizador-norte-reparos.pt/caldeira-freixo-de-espada-a-cinta,self-ref-ok,,canonical matches source route
caldeira-lagoaca.html,https://canalizador-norte-reparos.pt/caldeira-lagoaca,self-ref-ok,,canonical matches source route
caldeira-macedo-de-cavaleiros.html,https://canalizador-norte-reparos.pt/caldeira-macedo-de-cavaleiros,self-ref-ok,,canonical matches source route
caldeira-mesao-frio.html,https://canalizador-norte-reparos.pt/caldeira-mesao-frio,self-ref-ok,,canonical matches source route
caldeira-miranda-do-douro.html,https://canalizador-norte-reparos.pt/caldeira-miranda-do-douro,self-ref-ok,,canonical matches source route
caldeira-mirandela.html,https://canalizador-norte-reparos.pt/caldeira-mirandela,self-ref-ok,,canonical matches source route
caldeira-mogadouro.html,https://canalizador-norte-reparos.pt/caldeira-mogadouro,self-ref-ok,,canonical matches source route
caldeira-moncorvo.html,https://canalizador-norte-reparos.pt/caldeira-moncorvo,self-ref-ok,,canonical matches source route
caldeira-mondim-de-basto.html,https://canalizador-norte-reparos.pt/caldeira-mondim-de-basto,self-ref-ok,,canonical matches source route
caldeira-monforte-de-rio-livre.html,https://canalizador-norte-reparos.pt/caldeira-monforte-de-rio-livre,self-ref-ok,,canonical matches source route
caldeira-montalegre.html,https://canalizador-norte-reparos.pt/caldeira-montalegre,self-ref-ok,,canonical matches source route
caldeira-murca.html,https://canalizador-norte-reparos.pt/caldeira-murca,self-ref-ok,,canonical matches source route
caldeira-penedono.html,https://canalizador-norte-reparos.pt/caldeira-penedono,self-ref-ok,,canonical matches source route
caldeira-rebordelo.html,https://canalizador-norte-reparos.pt/caldeira-rebordelo,self-ref-ok,,canonical matches source route
caldeira-ribeira-de-pena.html,https://canalizador-norte-reparos.pt/caldeira-ribeira-de-pena,self-ref-ok,,canonical matches source route
caldeira-santa-marta-penaguiao.html,https://canalizador-norte-reparos.pt/caldeira-santa-marta-penaguiao,self-ref-ok,,canonical matches source route
caldeira-sendim.html,https://canalizador-norte-reparos.pt/caldeira-sendim,self-ref-ok,,canonical matches source route
caldeira-sernancelhe.html,https://canalizador-norte-reparos.pt/caldeira-sernancelhe,self-ref-ok,,canonical matches source route
caldeira-tabuaco.html,https://canalizador-norte-reparos.pt/caldeira-tabuaco,self-ref-ok,,canonical matches source route
caldeira-torre-de-moncorvo.html,https://canalizador-norte-reparos.pt/caldeira-torre-de-moncorvo,self-ref-ok,,canonical matches source route
caldeira-valpacos.html,https://canalizador-norte-reparos.pt/caldeira-valpacos,self-ref-ok,,canonical matches source route
caldeira-vila-flor.html,https://canalizador-norte-reparos.pt/caldeira-vila-flor,self-ref-ok,,canonical matches source route
caldeira-vila-pouca-de-aguiar.html,https://canalizador-norte-reparos.pt/caldeira-vila-pouca-de-aguiar,self-ref-ok,,canonical matches source route
caldeira-vila-real.html,https://canalizador-norte-reparos.pt/urgencia-canalizador-vila-real,hub-money-same-concelho,,same official concelho=vila-real; target retained
caldeira-vimioso.html,https://canalizador-norte-reparos.pt/caldeira-vimioso,self-ref-ok,,canonical matches source route
caldeira-vinhais.html,https://canalizador-norte-reparos.pt/caldeira-vinhais,self-ref-ok,,canonical matches source route
camera-inspecao-canalizacao.html,https://canalizador-norte-reparos.pt/camera-inspecao-canalizacao,self-ref-ok,,canonical matches source route
canalizacao-nova-alfandega.html,https://canalizador-norte-reparos.pt/canalizacao-nova-alfandega,self-ref-ok,,canonical matches source route
canalizacao-nova-braganca.html,https://canalizador-norte-reparos.pt/urgencia-canalizador-braganca,hub-money-same-concelho,,same official concelho=braganca; target retained
canalizacao-nova-chaves.html,https://canalizador-norte-reparos.pt/canalizacao-nova-chaves,self-ref-ok,,canonical matches source route
canalizacao-nova-construcao.html,https://canalizador-norte-reparos.pt/canalizacao-nova-construcao,self-ref-ok,,canonical matches source route
canalizacao-nova-lamego.html,https://canalizador-norte-reparos.pt/canalizacao-nova-lamego,self-ref-ok,,canonical matches source route
canalizacao-nova-macedo.html,https://canalizador-norte-reparos.pt/canalizacao-nova-macedo,self-ref-ok,,canonical matches source route
canalizacao-nova-miranda-douro.html,https://canalizador-norte-reparos.pt/canalizacao-nova-miranda-douro,self-ref-ok,,canonical matches source route
canalizacao-nova-mirandela.html,https://canalizador-norte-reparos.pt/urgencia-canalizador-mirandela,hub-money-same-concelho,,same official concelho=mirandela; target retained
canalizacao-nova-mogadouro.html,https://canalizador-norte-reparos.pt/canalizacao-nova-mogadouro,self-ref-ok,,canonical matches source route
canalizacao-nova-torre-moncorvo.html,https://canalizador-norte-reparos.pt/canalizacao-nova-torre-moncorvo,self-ref-ok,,canonical matches source route
canalizacao-nova-valpacos.html,https://canalizador-norte-reparos.pt/canalizacao-nova-valpacos,self-ref-ok,,canonical matches source route
canalizacao-nova-vila-real.html,https://canalizador-norte-reparos.pt/urgencia-canalizador-vila-real,hub-money-same-concelho,,same official concelho=vila-real; target retained
canalizacao-nova-vinhais.html,https://canalizador-norte-reparos.pt/canalizacao-nova-vinhais,self-ref-ok,,canonical matches source route
canalizacao-urgencia-alfandega-da-fe.html,https://canalizador-norte-reparos.pt/canalizacao-urgencia-alfandega-da-fe,self-ref-ok,,canonical matches source route
canalizacao-urgencia-braganca.html,https://canalizador-norte-reparos.pt/urgencia-canalizador-braganca,hub-money-same-concelho,,same official concelho=braganca; target retained
canalizacao-urgencia-carrazeda-de-ansiaes.html,https://canalizador-norte-reparos.pt/canalizacao-urgencia-carrazeda-de-ansiaes,self-ref-ok,,canonical matches source route
canalizacao-urgencia-chaves.html,https://canalizador-norte-reparos.pt/urgencia-canalizador-chaves,hub-money-same-concelho,,same official concelho=chaves; target retained
canalizacao-urgencia-freixo-de-espada-a-cinta.html,https://canalizador-norte-reparos.pt/canalizacao-urgencia-freixo-de-espada-a-cinta,self-ref-ok,,canonical matches source route
canalizacao-urgencia-macedo-de-cavaleiros.html,https://canalizador-norte-reparos.pt/canalizacao-urgencia-macedo-de-cavaleiros,self-ref-ok,,canonical matches source route
canalizacao-urgencia-mirandela.html,https://canalizador-norte-reparos.pt/canalizacao-urgencia-mirandela,self-ref-ok,,canonical matches source route
canalizacao-urgencia-mogadouro.html,https://canalizador-norte-reparos.pt/canalizacao-urgencia-mogadouro,self-ref-ok,,canonical matches source route
canalizacao-urgencia-murca.html,https://canalizador-norte-reparos.pt/canalizacao-urgencia-murca,self-ref-ok,,canonical matches source route
canalizacao-urgencia-torre-de-moncorvo.html,https://canalizador-norte-reparos.pt/canalizacao-urgencia-torre-de-moncorvo,self-ref-ok,,canonical matches source route
canalizacao-urgencia-valpacos.html,https://canalizador-norte-reparos.pt/canalizacao-urgencia-valpacos,self-ref-ok,,canonical matches source route
canalizacao-urgencia-vila-flor.html,https://canalizador-norte-reparos.pt/canalizacao-urgencia-vila-flor,self-ref-ok,,canonical matches source route
canalizacao-urgencia-vila-real.html,https://canalizador-norte-reparos.pt/urgencia-canalizador-vila-real,hub-money-same-concelho,,same official concelho=vila-real; target retained
canalizacao-urgencia-vimioso.html,https://canalizador-norte-reparos.pt/canalizacao-urgencia-vimioso,self-ref-ok,,canonical matches source route
canalizacao-urgencia-vinhais.html,https://canalizador-norte-reparos.pt/canalizacao-urgencia-vinhais,self-ref-ok,,canonical matches source route
canalizador-a-gudia.html,https://canalizador-norte-reparos.pt/canalizador-a-gudia,self-ref-ok,,canonical matches source route
canalizador-a-mezquita.html,https://canalizador-norte-reparos.pt/canalizador-a-mezquita,self-ref-ok,,canonical matches source route
canalizador-abacas.html,https://canalizador-norte-reparos.pt/canalizador-abacas,self-ref-ok,,canonical matches source route
canalizador-abambres.html,https://canalizador-norte-reparos.pt/canalizador-abambres,self-ref-ok,,canonical matches source route
canalizador-abaças.html,https://canalizador-norte-reparos.pt/canalizador-abaças,self-ref-ok,,canonical matches source route
canalizador-abreiro.html,https://canalizador-norte-reparos.pt/canalizador-abreiro,self-ref-ok,,canonical matches source route
canalizador-acoreira.html,https://canalizador-norte-reparos.pt/canalizador-acoreira,self-ref-ok,,canonical matches source route
canalizador-adeganha.html,https://canalizador-norte-reparos.pt/canalizador-adeganha,self-ref-ok,,canonical matches source route
canalizador-adorigo.html,https://canalizador-norte-reparos.pt/canalizador-adorigo,self-ref-ok,,canonical matches source route
canalizador-adoufe.html,https://canalizador-norte-reparos.pt/canalizador-adoufe,self-ref-ok,,canonical matches source route
canalizador-afonsim.html,https://canalizador-norte-reparos.pt/canalizador-afonsim,self-ref-ok,,canonical matches source route
canalizador-agrobom.html,https://canalizador-norte-reparos.pt/canalizador-agrobom,self-ref-ok,,canonical matches source route
canalizador-agrochao.html,https://canalizador-norte-reparos.pt/canalizador-agrochao,self-ref-ok,,canonical matches source route
canalizador-agrochão.html,https://canalizador-norte-reparos.pt/canalizador-agrochão,self-ref-ok,,canonical matches source route
canalizador-agua-reves.html,https://canalizador-norte-reparos.pt/canalizador-agua-reves,self-ref-ok,,canonical matches source route
canalizador-aguas-frias.html,https://canalizador-norte-reparos.pt/canalizador-aguas-frias,self-ref-ok,,canonical matches source route
canalizador-aguas-vivas.html,https://canalizador-norte-reparos.pt/canalizador-aguas-vivas,self-ref-ok,,canonical matches source route
canalizador-aguieira.html,https://canalizador-norte-reparos.pt/canalizador-aguieira,self-ref-ok,,canonical matches source route
canalizador-aguieiras.html,https://canalizador-norte-reparos.pt/canalizador-aguieiras,self-ref-ok,,canonical matches source route
canalizador-ala.html,https://canalizador-norte-reparos.pt/canalizador-ala,self-ref-ok,,canonical matches source route
canalizador-albarellos.html,https://canalizador-norte-reparos.pt/canalizador-albarellos,self-ref-ok,,canonical matches source route
canalizador-alcaices.html,https://canalizador-norte-reparos.pt/canalizador-alcaices,self-ref-ok,,canonical matches source route
canalizador-alcarva.html,https://canalizador-norte-reparos.pt/canalizador-alcarva,self-ref-ok,,canonical matches source route
canalizador-aldeia-vicosa.html,https://canalizador-norte-reparos.pt/canalizador-aldeia-vicosa,self-ref-ok,,canonical matches source route
canalizador-aldeias.html,https://canalizador-norte-reparos.pt/canalizador-aldeias,self-ref-ok,,canonical matches source route
canalizador-alfaiao.html,https://canalizador-norte-reparos.pt/canalizador-alfaiao,self-ref-ok,,canonical matches source route
canalizador-alfaião.html,https://canalizador-norte-reparos.pt/canalizador-alfaião,self-ref-ok,,canonical matches source route
canalizador-alfandega-da-fe.html,https://canalizador-norte-reparos.pt/canalizador-alfandega-da-fe,self-ref-ok,,canonical matches source route
canalizador-alfarela-de-jales.html,https://canalizador-norte-reparos.pt/canalizador-alfarela-de-jales,self-ref-ok,,canonical matches source route
canalizador-alfândega-da-fé.html,https://canalizador-norte-reparos.pt/canalizador-alfândega-da-fé,self-ref-ok,,canonical matches source route
canalizador-algeriz.html,https://canalizador-norte-reparos.pt/canalizador-algeriz,self-ref-ok,,canonical matches source route
canalizador-algoso.html,https://canalizador-norte-reparos.pt/canalizador-algoso,self-ref-ok,,canonical matches source route
canalizador-alijo.html,https://canalizador-norte-reparos.pt/canalizador-alijo,self-ref-ok,,canonical matches source route
canalizador-alijó.html,https://canalizador-norte-reparos.pt/canalizador-alijó,self-ref-ok,,canonical matches source route
canalizador-alimonde.html,https://canalizador-norte-reparos.pt/canalizador-alimonde,self-ref-ok,,canonical matches source route
canalizador-aliviada.html,https://canalizador-norte-reparos.pt/canalizador-aliviada,self-ref-ok,,canonical matches source route
canalizador-almendra.html,https://canalizador-norte-reparos.pt/canalizador-almendra,self-ref-ok,,canonical matches source route
canalizador-almofala.html,https://canalizador-norte-reparos.pt/canalizador-almofala,self-ref-ok,,canonical matches source route
canalizador-alturas-do-barroso.html,https://canalizador-norte-reparos.pt/canalizador-alturas-do-barroso,self-ref-ok,,canonical matches source route
canalizador-alvacoes-do-corgo.html,https://canalizador-norte-reparos.pt/canalizador-alvacoes-do-corgo,self-ref-ok,,canonical matches source route
canalizador-alvadia.html,https://canalizador-norte-reparos.pt/canalizador-alvadia,self-ref-ok,,canonical matches source route
canalizador-alvaredos.html,https://canalizador-norte-reparos.pt/canalizador-alvaredos,self-ref-ok,,canonical matches source route
canalizador-alvarelhos.html,https://canalizador-norte-reparos.pt/canalizador-alvarelhos,self-ref-ok,,canonical matches source route
canalizador-alvações-do-corgo.html,https://canalizador-norte-reparos.pt/canalizador-alvações-do-corgo,self-ref-ok,,canonical matches source route
canalizador-alvendre.html,https://canalizador-norte-reparos.pt/canalizador-alvendre,self-ref-ok,,canonical matches source route
canalizador-alverca-da-beira.html,https://canalizador-norte-reparos.pt/canalizador-alverca-da-beira,self-ref-ok,,canonical matches source route
canalizador-alvites.html,https://canalizador-norte-reparos.pt/canalizador-alvites,self-ref-ok,,canonical matches source route
canalizador-amarante.html,https://canalizador-norte-reparos.pt/canalizador-amarante,self-ref-ok,,canonical matches source route
canalizador-amedo.html,https://canalizador-norte-reparos.pt/canalizador-amedo,self-ref-ok,,canonical matches source route
canalizador-amendoeira.html,https://canalizador-norte-reparos.pt/canalizador-amendoeira,self-ref-ok,,canonical matches source route
canalizador-amieiro.html,https://canalizador-norte-reparos.pt/canalizador-amieiro,self-ref-ok,,canonical matches source route
canalizador-andavas.html,https://canalizador-norte-reparos.pt/canalizador-andavas,self-ref-ok,,canonical matches source route
canalizador-andraes.html,https://canalizador-norte-reparos.pt/canalizador-andraes,self-ref-ok,,canonical matches source route
canalizador-andrães.html,https://canalizador-norte-reparos.pt/canalizador-andrães,self-ref-ok,,canonical matches source route
canalizador-anelhe.html,https://canalizador-norte-reparos.pt/canalizador-anelhe,self-ref-ok,,canonical matches source route
canalizador-angueira.html,https://canalizador-norte-reparos.pt/canalizador-angueira,self-ref-ok,,canonical matches source route
canalizador-ansiaes.html,https://canalizador-norte-reparos.pt/canalizador-ansiaes,self-ref-ok,,canonical matches source route
canalizador-antas.html,https://canalizador-norte-reparos.pt/canalizador-antas,self-ref-ok,,canonical matches source route
canalizador-arcas.html,https://canalizador-norte-reparos.pt/canalizador-arcas,self-ref-ok,,canonical matches source route
canalizador-arcosso.html,https://canalizador-norte-reparos.pt/canalizador-arcosso,self-ref-ok,,canonical matches source route
canalizador-arcossó.html,https://canalizador-norte-reparos.pt/canalizador-arcossó,self-ref-ok,,canonical matches source route
canalizador-ardaos.html,https://canalizador-norte-reparos.pt/canalizador-ardaos,self-ref-ok,,canonical matches source route
canalizador-ardãos.html,https://canalizador-norte-reparos.pt/canalizador-ardãos,self-ref-ok,,canonical matches source route
canalizador-argan.html,https://canalizador-norte-reparos.pt/canalizador-argan,self-ref-ok,,canonical matches source route
canalizador-argana.html,https://canalizador-norte-reparos.pt/canalizador-argana,self-ref-ok,,canonical matches source route
canalizador-argozelo.html,https://canalizador-norte-reparos.pt/canalizador-argozelo,self-ref-ok,,canonical matches source route
canalizador-aricera.html,https://canalizador-norte-reparos.pt/canalizador-aricera,self-ref-ok,,canonical matches source route
canalizador-armamar.html,https://canalizador-norte-reparos.pt/canalizador-armamar,self-ref-ok,,canonical matches source route
canalizador-armoniz.html,https://canalizador-norte-reparos.pt/canalizador-armoniz,self-ref-ok,,canonical matches source route
canalizador-arnas.html,https://canalizador-norte-reparos.pt/canalizador-arnas,self-ref-ok,,canonical matches source route
canalizador-arrabalde-de-santo-antonio.html,https://canalizador-norte-reparos.pt/canalizador-arrabalde-de-santo-antonio,self-ref-ok,,canonical matches source route
canalizador-arrabalde-do-poco.html,https://canalizador-norte-reparos.pt/canalizador-arrabalde-do-poco,self-ref-ok,,canonical matches source route
canalizador-arrifana.html,https://canalizador-norte-reparos.pt/canalizador-arrifana,self-ref-ok,,canonical matches source route
canalizador-arroios.html,https://canalizador-norte-reparos.pt/canalizador-arroios,self-ref-ok,,canonical matches source route
canalizador-assares.html,https://canalizador-norte-reparos.pt/canalizador-assares,self-ref-ok,,canonical matches source route
canalizador-atalaia.html,https://canalizador-norte-reparos.pt/canalizador-atalaia,self-ref-ok,,canonical matches source route
canalizador-atenor.html,https://canalizador-norte-reparos.pt/canalizador-atenor,self-ref-ok,,canonical matches source route
canalizador-autoclismo-alfandega-da-fe.html,https://canalizador-norte-reparos.pt/canalizador-autoclismo-alfandega-da-fe,self-ref-ok,,canonical matches source route
canalizador-autoclismo-alijo.html,https://canalizador-norte-reparos.pt/canalizador-autoclismo-alijo,self-ref-ok,,canonical matches source route
canalizador-autoclismo-almendra.html,https://canalizador-norte-reparos.pt/canalizador-autoclismo-almendra,self-ref-ok,,canonical matches source route
canalizador-autoclismo-amarante.html,https://canalizador-norte-reparos.pt/canalizador-autoclismo-amarante,self-ref-ok,,canonical matches source route
canalizador-autoclismo-argozelo.html,https://canalizador-norte-reparos.pt/canalizador-autoclismo-argozelo,self-ref-ok,,canonical matches source route
canalizador-autoclismo-armamar.html,https://canalizador-norte-reparos.pt/canalizador-autoclismo-armamar,self-ref-ok,,canonical matches source route
canalizador-autoclismo-boticas.html,https://canalizador-norte-reparos.pt/canalizador-autoclismo-boticas,self-ref-ok,,canonical matches source route
canalizador-autoclismo-braganca.html,https://canalizador-norte-reparos.pt/canalizador-autoclismo-braganca,self-ref-ok,,canonical matches source route
canalizador-autoclismo-britiande.html,https://canalizador-norte-reparos.pt/canalizador-autoclismo-britiande,self-ref-ok,,canonical matches source route
canalizador-autoclismo-cambres.html,https://canalizador-norte-reparos.pt/canalizador-autoclismo-cambres,self-ref-ok,,canonical matches source route
canalizador-autoclismo-carrazeda-de-ansiaes.html,https://canalizador-norte-reparos.pt/canalizador-autoclismo-carrazeda-de-ansiaes,self-ref-ok,,canonical matches source route
canalizador-autoclismo-carrazedo-de-montenegro.html,https://canalizador-norte-reparos.pt/canalizador-autoclismo-carrazedo-de-montenegro,self-ref-ok,,canonical matches source route
canalizador-autoclismo-cedovim.html,https://canalizador-norte-reparos.pt/canalizador-autoclismo-cedovim,self-ref-ok,,canonical matches source route
canalizador-autoclismo-cerva.html,https://canalizador-norte-reparos.pt/canalizador-autoclismo-cerva,self-ref-ok,,canonical matches source route
canalizador-autoclismo-chaves.html,https://canalizador-norte-reparos.pt/canalizador-autoclismo-chaves,self-ref-ok,,canonical matches source route
canalizador-autoclismo-cumieira.html,https://canalizador-norte-reparos.pt/canalizador-autoclismo-cumieira,self-ref-ok,,canonical matches source route
canalizador-autoclismo-ervedosa-do-douro.html,https://canalizador-norte-reparos.pt/canalizador-autoclismo-ervedosa-do-douro,self-ref-ok,,canonical matches source route
canalizador-autoclismo-favaios.html,https://canalizador-norte-reparos.pt/canalizador-autoclismo-favaios,self-ref-ok,,canonical matches source route
canalizador-autoclismo-figueira-de-castelo-rodrigo.html,https://canalizador-norte-reparos.pt/canalizador-autoclismo-figueira-de-castelo-rodrigo,self-ref-ok,,canonical matches source route
canalizador-autoclismo-freixo-de-espada-a-cinta.html,https://canalizador-norte-reparos.pt/canalizador-autoclismo-freixo-de-espada-a-cinta,self-ref-ok,,canonical matches source route
canalizador-autoclismo-freixo-de-numao.html,https://canalizador-norte-reparos.pt/canalizador-autoclismo-freixo-de-numao,self-ref-ok,,canonical matches source route
canalizador-autoclismo-izeda.html,https://canalizador-norte-reparos.pt/canalizador-autoclismo-izeda,self-ref-ok,,canonical matches source route
canalizador-autoclismo-lalim.html,https://canalizador-norte-reparos.pt/canalizador-autoclismo-lalim,self-ref-ok,,canonical matches source route
canalizador-autoclismo-lamego.html,https://canalizador-norte-reparos.pt/canalizador-autoclismo-lamego,self-ref-ok,,canonical matches source route
canalizador-autoclismo-lazarim.html,https://canalizador-norte-reparos.pt/canalizador-autoclismo-lazarim,self-ref-ok,,canonical matches source route
canalizador-autoclismo-lixa.html,https://canalizador-norte-reparos.pt/canalizador-autoclismo-lixa,self-ref-ok,,canonical matches source route
canalizador-autoclismo-lordelo.html,https://canalizador-norte-reparos.pt/canalizador-autoclismo-lordelo,self-ref-ok,,canonical matches source route
canalizador-autoclismo-macedo-de-cavaleiros.html,https://canalizador-norte-reparos.pt/canalizador-autoclismo-macedo-de-cavaleiros,self-ref-ok,,canonical matches source route
canalizador-autoclismo-marco-de-canaveses.html,https://canalizador-norte-reparos.pt/canalizador-autoclismo-marco-de-canaveses,self-ref-ok,,canonical matches source route
canalizador-autoclismo-marialva.html,https://canalizador-norte-reparos.pt/canalizador-autoclismo-marialva,self-ref-ok,,canonical matches source route
canalizador-autoclismo-mesao-frio.html,https://canalizador-norte-reparos.pt/canalizador-autoclismo-mesao-frio,self-ref-ok,,canonical matches source route
canalizador-autoclismo-miranda-do-douro.html,https://canalizador-norte-reparos.pt/canalizador-autoclismo-miranda-do-douro,self-ref-ok,,canonical matches source route
canalizador-autoclismo-mirandela.html,https://canalizador-norte-reparos.pt/canalizador-autoclismo-mirandela,self-ref-ok,,canonical matches source route
canalizador-autoclismo-mogadouro.html,https://canalizador-norte-reparos.pt/canalizador-autoclismo-mogadouro,self-ref-ok,,canonical matches source route
canalizador-autoclismo-mondim-da-beira.html,https://canalizador-norte-reparos.pt/canalizador-autoclismo-mondim-da-beira,self-ref-ok,,canonical matches source route
canalizador-autoclismo-mondim-de-basto.html,https://canalizador-norte-reparos.pt/canalizador-autoclismo-mondim-de-basto,self-ref-ok,,canonical matches source route
canalizador-autoclismo-montalegre.html,https://canalizador-norte-reparos.pt/canalizador-autoclismo-montalegre,self-ref-ok,,canonical matches source route
canalizador-autoclismo-moucos.html,https://canalizador-norte-reparos.pt/canalizador-autoclismo-moucos,self-ref-ok,,canonical matches source route
canalizador-autoclismo-murca.html,https://canalizador-norte-reparos.pt/canalizador-autoclismo-murca,self-ref-ok,,canonical matches source route
canalizador-autoclismo-pedras-salgadas.html,https://canalizador-norte-reparos.pt/canalizador-autoclismo-pedras-salgadas,self-ref-ok,,canonical matches source route
canalizador-autoclismo-penedono.html,https://canalizador-norte-reparos.pt/canalizador-autoclismo-penedono,self-ref-ok,,canonical matches source route
canalizador-autoclismo-peso-da-regua.html,https://canalizador-norte-reparos.pt/canalizador-autoclismo-peso-da-regua,self-ref-ok,,canonical matches source route
canalizador-autoclismo-pinhao.html,https://canalizador-norte-reparos.pt/canalizador-autoclismo-pinhao,self-ref-ok,,canonical matches source route
canalizador-autoclismo-resende.html,https://canalizador-norte-reparos.pt/canalizador-autoclismo-resende,self-ref-ok,,canonical matches source route
canalizador-autoclismo-ribeira-de-pena.html,https://canalizador-norte-reparos.pt/canalizador-autoclismo-ribeira-de-pena,self-ref-ok,,canonical matches source route
canalizador-autoclismo-sabrosa.html,https://canalizador-norte-reparos.pt/canalizador-autoclismo-sabrosa,self-ref-ok,,canonical matches source route
canalizador-autoclismo-salzedas.html,https://canalizador-norte-reparos.pt/canalizador-autoclismo-salzedas,self-ref-ok,,canonical matches source route
canalizador-autoclismo-sanfins-do-douro.html,https://canalizador-norte-reparos.pt/canalizador-autoclismo-sanfins-do-douro,self-ref-ok,,canonical matches source route
canalizador-autoclismo-santa-marinha-do-zezere.html,https://canalizador-norte-reparos.pt/canalizador-autoclismo-santa-marinha-do-zezere,self-ref-ok,,canonical matches source route
canalizador-autoclismo-santa-marta-de-penaguiao.html,https://canalizador-norte-reparos.pt/canalizador-autoclismo-santa-marta-de-penaguiao,self-ref-ok,,canonical matches source route
canalizador-autoclismo-santo-estevao.html,https://canalizador-norte-reparos.pt/canalizador-autoclismo-santo-estevao,self-ref-ok,,canonical matches source route
canalizador-autoclismo-sao-cosmado.html,https://canalizador-norte-reparos.pt/canalizador-autoclismo-sao-cosmado,self-ref-ok,,canonical matches source route
canalizador-autoclismo-sao-joao-da-pesqueira.html,https://canalizador-norte-reparos.pt/canalizador-autoclismo-sao-joao-da-pesqueira,self-ref-ok,,canonical matches source route
canalizador-autoclismo-sao-joao-de-tarouca.html,https://canalizador-norte-reparos.pt/canalizador-autoclismo-sao-joao-de-tarouca,self-ref-ok,,canonical matches source route
canalizador-autoclismo-sao-martinho-de-anta.html,https://canalizador-norte-reparos.pt/canalizador-autoclismo-sao-martinho-de-anta,self-ref-ok,,canonical matches source route
canalizador-autoclismo-sao-martinho-de-mouros.html,https://canalizador-norte-reparos.pt/canalizador-autoclismo-sao-martinho-de-mouros,self-ref-ok,,canonical matches source route
canalizador-autoclismo-sendim.html,https://canalizador-norte-reparos.pt/canalizador-autoclismo-sendim,self-ref-ok,,canonical matches source route
canalizador-autoclismo-sernancelhe.html,https://canalizador-norte-reparos.pt/canalizador-autoclismo-sernancelhe,self-ref-ok,,canonical matches source route
canalizador-autoclismo-tabuaco.html,https://canalizador-norte-reparos.pt/canalizador-autoclismo-tabuaco,self-ref-ok,,canonical matches source route
canalizador-autoclismo-tarouca.html,https://canalizador-norte-reparos.pt/canalizador-autoclismo-tarouca,self-ref-ok,,canonical matches source route
canalizador-autoclismo-torre-de-dona-chama.html,https://canalizador-norte-reparos.pt/canalizador-autoclismo-torre-de-dona-chama,self-ref-ok,,canonical matches source route
canalizador-autoclismo-torre-de-moncorvo.html,https://canalizador-norte-reparos.pt/canalizador-autoclismo-torre-de-moncorvo,self-ref-ok,,canonical matches source route
canalizador-autoclismo-trevoes.html,https://canalizador-norte-reparos.pt/canalizador-autoclismo-trevoes,self-ref-ok,,canonical matches source route
canalizador-autoclismo-valdigem.html,https://canalizador-norte-reparos.pt/canalizador-autoclismo-valdigem,self-ref-ok,,canonical matches source route
canalizador-autoclismo-valpacos.html,https://canalizador-norte-reparos.pt/canalizador-autoclismo-valpacos,self-ref-ok,,canonical matches source route
canalizador-autoclismo-vern.html,https://canalizador-norte-reparos.pt/canalizador-autoclismo-vern,self-ref-ok,,canonical matches source route
canalizador-autoclismo-vidago.html,https://canalizador-norte-reparos.pt/canalizador-autoclismo-vidago,self-ref-ok,,canonical matches source route
canalizador-autoclismo-vila-flor.html,https://canalizador-norte-reparos.pt/canalizador-autoclismo-vila-flor,self-ref-ok,,canonical matches source route
canalizador-autoclismo-vila-franca-das-naves.html,https://canalizador-norte-reparos.pt/canalizador-autoclismo-vila-franca-das-naves,self-ref-ok,,canonical matches source route
canalizador-autoclismo-vila-nova-de-foz-coa.html,https://canalizador-norte-reparos.pt/canalizador-autoclismo-vila-nova-de-foz-coa,self-ref-ok,,canonical matches source route
canalizador-autoclismo-vila-pouca-de-aguiar.html,https://canalizador-norte-reparos.pt/canalizador-autoclismo-vila-pouca-de-aguiar,self-ref-ok,,canonical matches source route
canalizador-autoclismo-vila-real.html,https://canalizador-norte-reparos.pt/canalizador-autoclismo-vila-real,self-ref-ok,,canonical matches source route
canalizador-autoclismo-vilar-de-macada.html,https://canalizador-norte-reparos.pt/canalizador-autoclismo-vilar-de-macada,self-ref-ok,,canonical matches source route
canalizador-autoclismo-vilarandelo.html,https://canalizador-norte-reparos.pt/canalizador-autoclismo-vilarandelo,self-ref-ok,,canonical matches source route
canalizador-autoclismo-vimioso.html,https://canalizador-norte-reparos.pt/canalizador-autoclismo-vimioso,self-ref-ok,,canonical matches source route
canalizador-autoclismo-vinhais.html,https://canalizador-norte-reparos.pt/canalizador-autoclismo-vinhais,self-ref-ok,,canonical matches source route
canalizador-autoclismo-xinzo-de-limia.html,https://canalizador-norte-reparos.pt/canalizador-autoclismo-xinzo-de-limia,self-ref-ok,,canonical matches source route
canalizador-avantos.html,https://canalizador-norte-reparos.pt/canalizador-avantos,self-ref-ok,,canonical matches source route
canalizador-avelanoso.html,https://canalizador-norte-reparos.pt/canalizador-avelanoso,self-ref-ok,,canonical matches source route
canalizador-avelas-da-ribeira.html,https://canalizador-norte-reparos.pt/canalizador-avelas-da-ribeira,self-ref-ok,,canonical matches source route
canalizador-avelas-de-ambom.html,https://canalizador-norte-reparos.pt/canalizador-avelas-de-ambom,self-ref-ok,,canonical matches source route
canalizador-aveloso.html,https://canalizador-norte-reparos.pt/canalizador-aveloso,self-ref-ok,,canonical matches source route
canalizador-avidagos.html,https://canalizador-norte-reparos.pt/canalizador-avidagos,self-ref-ok,,canonical matches source route
canalizador-avinho.html,https://canalizador-norte-reparos.pt/canalizador-avinho,self-ref-ok,,canonical matches source route
canalizador-avinhó.html,https://canalizador-norte-reparos.pt/canalizador-avinhó,self-ref-ok,,canonical matches source route
canalizador-avoes.html,https://canalizador-norte-reparos.pt/canalizador-avoes,self-ref-ok,,canonical matches source route
canalizador-azevo.html,https://canalizador-norte-reparos.pt/canalizador-azevo,self-ref-ok,,canonical matches source route
canalizador-azibeiro.html,https://canalizador-norte-reparos.pt/canalizador-azibeiro,self-ref-ok,,canonical matches source route
canalizador-azibo.html,https://canalizador-norte-reparos.pt/canalizador-azibo,self-ref-ok,,canonical matches source route
canalizador-azinhoso.html,https://canalizador-norte-reparos.pt/canalizador-azinhoso,self-ref-ok,,canonical matches source route
canalizador-azêvo.html,https://canalizador-norte-reparos.pt/canalizador-azêvo,self-ref-ok,,canonical matches source route
canalizador-açoreira.html,https://canalizador-norte-reparos.pt/canalizador-açoreira,self-ref-ok,,canonical matches source route
canalizador-babe.html,https://canalizador-norte-reparos.pt/canalizador-babe,self-ref-ok,,canonical matches source route
canalizador-bacal.html,https://canalizador-norte-reparos.pt/canalizador-bacal,self-ref-ok,,canonical matches source route
canalizador-bagueixe.html,https://canalizador-norte-reparos.pt/canalizador-bagueixe,self-ref-ok,,canonical matches source route
canalizador-bairro-do-fundo-de-fomento-a-habitacao.html,https://canalizador-norte-reparos.pt/canalizador-bairro-do-fundo-de-fomento-a-habitacao,self-ref-ok,,canonical matches source route
canalizador-bairro-do-fundo-de-fomento-à-habitação.html,https://canalizador-norte-reparos.pt/canalizador-bairro-do-fundo-de-fomento-à-habitação,self-ref-ok,,canonical matches source route
canalizador-bairro-social-de-alvoracaes.html,https://canalizador-norte-reparos.pt/canalizador-bairro-social-de-alvoracaes,self-ref-ok,,canonical matches source route
canalizador-baldos.html,https://canalizador-norte-reparos.pt/canalizador-baldos,self-ref-ok,,canonical matches source route
canalizador-baltar.html,https://canalizador-norte-reparos.pt/canalizador-baltar,self-ref-ok,,canonical matches source route
canalizador-baracal.html,https://canalizador-norte-reparos.pt/canalizador-baracal,self-ref-ok,,canonical matches source route
canalizador-barcel.html,https://canalizador-norte-reparos.pt/canalizador-barcel,self-ref-ok,,canonical matches source route
canalizador-barcos.html,https://canalizador-norte-reparos.pt/canalizador-barcos,self-ref-ok,,canonical matches source route
canalizador-barqueiros.html,https://canalizador-norte-reparos.pt/canalizador-barqueiros,self-ref-ok,,canonical matches source route
canalizador-barreira.html,https://canalizador-norte-reparos.pt/canalizador-barreira,self-ref-ok,,canonical matches source route
canalizador-barreiros.html,https://canalizador-norte-reparos.pt/canalizador-barreiros,self-ref-ok,,canonical matches source route
canalizador-barro.html,https://canalizador-norte-reparos.pt/canalizador-barro,self-ref-ok,,canonical matches source route
canalizador-baçal.html,https://canalizador-norte-reparos.pt/canalizador-baçal,self-ref-ok,,canonical matches source route
canalizador-beca.html,https://canalizador-norte-reparos.pt/canalizador-beca,self-ref-ok,,canonical matches source route
canalizador-beira-grande.html,https://canalizador-norte-reparos.pt/canalizador-beira-grande,self-ref-ok,,canonical matches source route
canalizador-belver.html,https://canalizador-norte-reparos.pt/canalizador-belver,self-ref-ok,,canonical matches source route
canalizador-bemposta.html,https://canalizador-norte-reparos.pt/canalizador-bemposta,self-ref-ok,,canonical matches source route
canalizador-benlhevai.html,https://canalizador-norte-reparos.pt/canalizador-benlhevai,self-ref-ok,,canonical matches source route
canalizador-beselga.html,https://canalizador-norte-reparos.pt/canalizador-beselga,self-ref-ok,,canonical matches source route
canalizador-beça.html,https://canalizador-norte-reparos.pt/canalizador-beça,self-ref-ok,,canonical matches source route
canalizador-bigorne.html,https://canalizador-norte-reparos.pt/canalizador-bigorne,self-ref-ok,,canonical matches source route
canalizador-bilho.html,https://canalizador-norte-reparos.pt/canalizador-bilho,self-ref-ok,,canonical matches source route
canalizador-bilhó.html,https://canalizador-norte-reparos.pt/canalizador-bilhó,self-ref-ok,,canonical matches source route
canalizador-bobadela.html,https://canalizador-norte-reparos.pt/canalizador-bobadela,self-ref-ok,,canonical matches source route
canalizador-bogalhal.html,https://canalizador-norte-reparos.pt/canalizador-bogalhal,self-ref-ok,,canonical matches source route
canalizador-borba-de-godim.html,https://canalizador-norte-reparos.pt/canalizador-borba-de-godim,self-ref-ok,,canonical matches source route
canalizador-borbela.html,https://canalizador-norte-reparos.pt/canalizador-borbela,self-ref-ok,,canonical matches source route
canalizador-bornes-de-aguiar.html,https://canalizador-norte-reparos.pt/canalizador-bornes-de-aguiar,self-ref-ok,,canonical matches source route
canalizador-bornes.html,https://canalizador-norte-reparos.pt/canalizador-bornes,self-ref-ok,,canonical matches source route
canalizador-boticas.html,https://canalizador-norte-reparos.pt/canalizador-boticas,self-ref-ok,,canonical matches source route
canalizador-bouca-cova.html,https://canalizador-norte-reparos.pt/canalizador-bouca-cova,self-ref-ok,,canonical matches source route
canalizador-bouca.html,https://canalizador-norte-reparos.pt/canalizador-bouca,self-ref-ok,,canonical matches source route
canalizador-boucas.html,https://canalizador-norte-reparos.pt/canalizador-boucas,self-ref-ok,,canonical matches source route
canalizador-boucoaes.html,https://canalizador-norte-reparos.pt/canalizador-boucoaes,self-ref-ok,,canonical matches source route
canalizador-bousende.html,https://canalizador-norte-reparos.pt/canalizador-bousende,self-ref-ok,,canonical matches source route
canalizador-bouça.html,https://canalizador-norte-reparos.pt/canalizador-bouça,self-ref-ok,,canonical matches source route
canalizador-bouças.html,https://canalizador-norte-reparos.pt/canalizador-bouças,self-ref-ok,,canonical matches source route
canalizador-bouçoães.html,https://canalizador-norte-reparos.pt/canalizador-bouçoães,self-ref-ok,,canonical matches source route
canalizador-bragada.html,https://canalizador-norte-reparos.pt/canalizador-bragada,self-ref-ok,,canonical matches source route
canalizador-bragado.html,https://canalizador-norte-reparos.pt/canalizador-bragado,self-ref-ok,,canonical matches source route
canalizador-braganca.html,https://canalizador-norte-reparos.pt/canalizador-braganca,self-ref-ok,,canonical matches source route
canalizador-brinco.html,https://canalizador-norte-reparos.pt/canalizador-brinco,self-ref-ok,,canonical matches source route
canalizador-brinço.html,https://canalizador-norte-reparos.pt/canalizador-brinço,self-ref-ok,,canonical matches source route
canalizador-britiande.html,https://canalizador-norte-reparos.pt/canalizador-britiande,self-ref-ok,,canonical matches source route
canalizador-brito-de-baixo.html,https://canalizador-norte-reparos.pt/canalizador-brito-de-baixo,self-ref-ok,,canonical matches source route
canalizador-bronceda.html,https://canalizador-norte-reparos.pt/canalizador-bronceda,self-ref-ok,,canonical matches source route
canalizador-bruco.html,https://canalizador-norte-reparos.pt/canalizador-bruco,self-ref-ok,,canonical matches source route
canalizador-brunhosinho.html,https://canalizador-norte-reparos.pt/canalizador-brunhosinho,self-ref-ok,,canonical matches source route
canalizador-brunhoso.html,https://canalizador-norte-reparos.pt/canalizador-brunhoso,self-ref-ok,,canonical matches source route
canalizador-bruçó.html,https://canalizador-norte-reparos.pt/canalizador-bruçó,self-ref-ok,,canonical matches source route
canalizador-burga.html,https://canalizador-norte-reparos.pt/canalizador-burga,self-ref-ok,,canonical matches source route
canalizador-bustelo.html,https://canalizador-norte-reparos.pt/canalizador-bustelo,self-ref-ok,,canonical matches source route
canalizador-cabacos.html,https://canalizador-norte-reparos.pt/canalizador-cabacos,self-ref-ok,,canonical matches source route
canalizador-cabanas.html,https://canalizador-norte-reparos.pt/canalizador-cabanas,self-ref-ok,,canonical matches source route
canalizador-cabanelas.html,https://canalizador-norte-reparos.pt/canalizador-cabanelas,self-ref-ok,,canonical matches source route
canalizador-cabaços.html,https://canalizador-norte-reparos.pt/canalizador-cabaços,self-ref-ok,,canonical matches source route
canalizador-cabreira.html,https://canalizador-norte-reparos.pt/canalizador-cabreira,self-ref-ok,,canonical matches source route
canalizador-cacarelhos.html,https://canalizador-norte-reparos.pt/canalizador-cacarelhos,self-ref-ok,,canonical matches source route
canalizador-cachao.html,https://canalizador-norte-reparos.pt/canalizador-cachao,self-ref-ok,,canonical matches source route
canalizador-cachão.html,https://canalizador-norte-reparos.pt/canalizador-cachão,self-ref-ok,,canonical matches source route
canalizador-cadafaz.html,https://canalizador-norte-reparos.pt/canalizador-cadafaz,self-ref-ok,,canonical matches source route
canalizador-calvao.html,https://canalizador-norte-reparos.pt/canalizador-calvao,self-ref-ok,,canonical matches source route
canalizador-calvelhe.html,https://canalizador-norte-reparos.pt/canalizador-calvelhe,self-ref-ok,,canonical matches source route
canalizador-calvão.html,https://canalizador-norte-reparos.pt/canalizador-calvão,self-ref-ok,,canonical matches source route
canalizador-cambeses-do-rio.html,https://canalizador-norte-reparos.pt/canalizador-cambeses-do-rio,self-ref-ok,,canonical matches source route
canalizador-cambres.html,https://canalizador-norte-reparos.pt/canalizador-cambres,self-ref-ok,,canonical matches source route
canalizador-campanho.html,https://canalizador-norte-reparos.pt/canalizador-campanho,self-ref-ok,,canonical matches source route
canalizador-campea.html,https://canalizador-norte-reparos.pt/canalizador-campea,self-ref-ok,,canonical matches source route
canalizador-campo-de-viboras.html,https://canalizador-norte-reparos.pt/canalizador-campo-de-viboras,self-ref-ok,,canonical matches source route
canalizador-campo-de-víboras.html,https://canalizador-norte-reparos.pt/canalizador-campo-de-víboras,self-ref-ok,,canonical matches source route
canalizador-campo.html,https://canalizador-norte-reparos.pt/canalizador-campo,self-ref-ok,,canonical matches source route
canalizador-canadelo.html,https://canalizador-norte-reparos.pt/canalizador-canadelo,self-ref-ok,,canonical matches source route
canalizador-canalizacao-nova-alfandega-da-fe.html,https://canalizador-norte-reparos.pt/canalizador-canalizacao-nova-alfandega-da-fe,self-ref-ok,,canonical matches source route
canalizador-canalizacao-nova-alijo.html,https://canalizador-norte-reparos.pt/canalizador-canalizacao-nova-alijo,self-ref-ok,,canonical matches source route
canalizador-canalizacao-nova-almendra.html,https://canalizador-norte-reparos.pt/canalizador-canalizacao-nova-almendra,self-ref-ok,,canonical matches source route
canalizador-canalizacao-nova-amarante.html,https://canalizador-norte-reparos.pt/canalizador-canalizacao-nova-amarante,self-ref-ok,,canonical matches source route
canalizador-canalizacao-nova-argozelo.html,https://canalizador-norte-reparos.pt/canalizador-canalizacao-nova-argozelo,self-ref-ok,,canonical matches source route
canalizador-canalizacao-nova-armamar.html,https://canalizador-norte-reparos.pt/canalizador-canalizacao-nova-armamar,self-ref-ok,,canonical matches source route
canalizador-canalizacao-nova-boticas.html,https://canalizador-norte-reparos.pt/canalizador-canalizacao-nova-boticas,self-ref-ok,,canonical matches source route
canalizador-canalizacao-nova-braganca.html,https://canalizador-norte-reparos.pt/canalizador-canalizacao-nova-braganca,self-ref-ok,,canonical matches source route
canalizador-canalizacao-nova-britiande.html,https://canalizador-norte-reparos.pt/canalizador-canalizacao-nova-britiande,self-ref-ok,,canonical matches source route
canalizador-canalizacao-nova-cambres.html,https://canalizador-norte-reparos.pt/canalizador-canalizacao-nova-cambres,self-ref-ok,,canonical matches source route
canalizador-canalizacao-nova-carrazeda-de-ansiaes.html,https://canalizador-norte-reparos.pt/canalizador-canalizacao-nova-carrazeda-de-ansiaes,self-ref-ok,,canonical matches source route
canalizador-canalizacao-nova-carrazedo-de-montenegro.html,https://canalizador-norte-reparos.pt/canalizador-canalizacao-nova-carrazedo-de-montenegro,self-ref-ok,,canonical matches source route
canalizador-canalizacao-nova-cedovim.html,https://canalizador-norte-reparos.pt/canalizador-canalizacao-nova-cedovim,self-ref-ok,,canonical matches source route
canalizador-canalizacao-nova-cerva.html,https://canalizador-norte-reparos.pt/canalizador-canalizacao-nova-cerva,self-ref-ok,,canonical matches source route
canalizador-canalizacao-nova-chaves.html,https://canalizador-norte-reparos.pt/canalizador-canalizacao-nova-chaves,self-ref-ok,,canonical matches source route
canalizador-canalizacao-nova-cumieira.html,https://canalizador-norte-reparos.pt/canalizador-canalizacao-nova-cumieira,self-ref-ok,,canonical matches source route
canalizador-canalizacao-nova-ervedosa-do-douro.html,https://canalizador-norte-reparos.pt/canalizador-canalizacao-nova-ervedosa-do-douro,self-ref-ok,,canonical matches source route
canalizador-canalizacao-nova-favaios.html,https://canalizador-norte-reparos.pt/canalizador-canalizacao-nova-favaios,self-ref-ok,,canonical matches source route
canalizador-canalizacao-nova-figueira-de-castelo-rodrigo.html,https://canalizador-norte-reparos.pt/canalizador-canalizacao-nova-figueira-de-castelo-rodrigo,self-ref-ok,,canonical matches source route
canalizador-canalizacao-nova-freixo-de-espada-a-cinta.html,https://canalizador-norte-reparos.pt/canalizador-canalizacao-nova-freixo-de-espada-a-cinta,self-ref-ok,,canonical matches source route
canalizador-canalizacao-nova-freixo-de-numao.html,https://canalizador-norte-reparos.pt/canalizador-canalizacao-nova-freixo-de-numao,self-ref-ok,,canonical matches source route
canalizador-canalizacao-nova-izeda.html,https://canalizador-norte-reparos.pt/canalizador-canalizacao-nova-izeda,self-ref-ok,,canonical matches source route
canalizador-canalizacao-nova-lalim.html,https://canalizador-norte-reparos.pt/canalizador-canalizacao-nova-lalim,self-ref-ok,,canonical matches source route
canalizador-canalizacao-nova-lamego.html,https://canalizador-norte-reparos.pt/canalizador-canalizacao-nova-lamego,self-ref-ok,,canonical matches source route
canalizador-canalizacao-nova-lazarim.html,https://canalizador-norte-reparos.pt/canalizador-canalizacao-nova-lazarim,self-ref-ok,,canonical matches source route
canalizador-canalizacao-nova-lixa.html,https://canalizador-norte-reparos.pt/canalizador-canalizacao-nova-lixa,self-ref-ok,,canonical matches source route
canalizador-canalizacao-nova-lordelo.html,https://canalizador-norte-reparos.pt/canalizador-canalizacao-nova-lordelo,self-ref-ok,,canonical matches source route
canalizador-canalizacao-nova-macedo-de-cavaleiros.html,https://canalizador-norte-reparos.pt/canalizador-canalizacao-nova-macedo-de-cavaleiros,self-ref-ok,,canonical matches source route
canalizador-canalizacao-nova-marco-de-canaveses.html,https://canalizador-norte-reparos.pt/canalizador-canalizacao-nova-marco-de-canaveses,self-ref-ok,,canonical matches source route
canalizador-canalizacao-nova-marialva.html,https://canalizador-norte-reparos.pt/canalizador-canalizacao-nova-marialva,self-ref-ok,,canonical matches source route
canalizador-canalizacao-nova-mesao-frio.html,https://canalizador-norte-reparos.pt/canalizador-canalizacao-nova-mesao-frio,self-ref-ok,,canonical matches source route
canalizador-canalizacao-nova-miranda-do-douro.html,https://canalizador-norte-reparos.pt/canalizador-canalizacao-nova-miranda-do-douro,self-ref-ok,,canonical matches source route
canalizador-canalizacao-nova-mirandela.html,https://canalizador-norte-reparos.pt/canalizador-canalizacao-nova-mirandela,self-ref-ok,,canonical matches source route
canalizador-canalizacao-nova-mogadouro.html,https://canalizador-norte-reparos.pt/canalizador-canalizacao-nova-mogadouro,self-ref-ok,,canonical matches source route
canalizador-canalizacao-nova-mondim-da-beira.html,https://canalizador-norte-reparos.pt/canalizador-canalizacao-nova-mondim-da-beira,self-ref-ok,,canonical matches source route
canalizador-canalizacao-nova-mondim-de-basto.html,https://canalizador-norte-reparos.pt/canalizador-canalizacao-nova-mondim-de-basto,self-ref-ok,,canonical matches source route
canalizador-canalizacao-nova-montalegre.html,https://canalizador-norte-reparos.pt/canalizador-canalizacao-nova-montalegre,self-ref-ok,,canonical matches source route
canalizador-canalizacao-nova-moucos.html,https://canalizador-norte-reparos.pt/canalizador-canalizacao-nova-moucos,self-ref-ok,,canonical matches source route
canalizador-canalizacao-nova-murca.html,https://canalizador-norte-reparos.pt/canalizador-canalizacao-nova-murca,self-ref-ok,,canonical matches source route
canalizador-canalizacao-nova-pedras-salgadas.html,https://canalizador-norte-reparos.pt/canalizador-canalizacao-nova-pedras-salgadas,self-ref-ok,,canonical matches source route
canalizador-canalizacao-nova-penedono.html,https://canalizador-norte-reparos.pt/canalizador-canalizacao-nova-penedono,self-ref-ok,,canonical matches source route
canalizador-canalizacao-nova-peso-da-regua.html,https://canalizador-norte-reparos.pt/canalizador-canalizacao-nova-peso-da-regua,self-ref-ok,,canonical matches source route
canalizador-canalizacao-nova-pinhao.html,https://canalizador-norte-reparos.pt/canalizador-canalizacao-nova-pinhao,self-ref-ok,,canonical matches source route
canalizador-canalizacao-nova-resende.html,https://canalizador-norte-reparos.pt/canalizador-canalizacao-nova-resende,self-ref-ok,,canonical matches source route
canalizador-canalizacao-nova-ribeira-de-pena.html,https://canalizador-norte-reparos.pt/canalizador-canalizacao-nova-ribeira-de-pena,self-ref-ok,,canonical matches source route
canalizador-canalizacao-nova-sabrosa.html,https://canalizador-norte-reparos.pt/canalizador-canalizacao-nova-sabrosa,self-ref-ok,,canonical matches source route
canalizador-canalizacao-nova-salzedas.html,https://canalizador-norte-reparos.pt/canalizador-canalizacao-nova-salzedas,self-ref-ok,,canonical matches source route
canalizador-canalizacao-nova-sanfins-do-douro.html,https://canalizador-norte-reparos.pt/canalizador-canalizacao-nova-sanfins-do-douro,self-ref-ok,,canonical matches source route
canalizador-canalizacao-nova-santa-marinha-do-zezere.html,https://canalizador-norte-reparos.pt/canalizador-canalizacao-nova-santa-marinha-do-zezere,self-ref-ok,,canonical matches source route
canalizador-canalizacao-nova-santa-marta-de-penaguiao.html,https://canalizador-norte-reparos.pt/canalizador-canalizacao-nova-santa-marta-de-penaguiao,self-ref-ok,,canonical matches source route
canalizador-canalizacao-nova-santo-estevao.html,https://canalizador-norte-reparos.pt/canalizador-canalizacao-nova-santo-estevao,self-ref-ok,,canonical matches source route
canalizador-canalizacao-nova-sao-cosmado.html,https://canalizador-norte-reparos.pt/canalizador-canalizacao-nova-sao-cosmado,self-ref-ok,,canonical matches source route
canalizador-canalizacao-nova-sao-joao-da-pesqueira.html,https://canalizador-norte-reparos.pt/canalizador-canalizacao-nova-sao-joao-da-pesqueira,self-ref-ok,,canonical matches source route
canalizador-canalizacao-nova-sao-joao-de-tarouca.html,https://canalizador-norte-reparos.pt/canalizador-canalizacao-nova-sao-joao-de-tarouca,self-ref-ok,,canonical matches source route
canalizador-canalizacao-nova-sao-martinho-de-anta.html,https://canalizador-norte-reparos.pt/canalizador-canalizacao-nova-sao-martinho-de-anta,self-ref-ok,,canonical matches source route
canalizador-canalizacao-nova-sao-martinho-de-mouros.html,https://canalizador-norte-reparos.pt/canalizador-canalizacao-nova-sao-martinho-de-mouros,self-ref-ok,,canonical matches source route
canalizador-canalizacao-nova-sendim.html,https://canalizador-norte-reparos.pt/canalizador-canalizacao-nova-sendim,self-ref-ok,,canonical matches source route
canalizador-canalizacao-nova-sernancelhe.html,https://canalizador-norte-reparos.pt/canalizador-canalizacao-nova-sernancelhe,self-ref-ok,,canonical matches source route
canalizador-canalizacao-nova-tabuaco.html,https://canalizador-norte-reparos.pt/canalizador-canalizacao-nova-tabuaco,self-ref-ok,,canonical matches source route
canalizador-canalizacao-nova-tarouca.html,https://canalizador-norte-reparos.pt/canalizador-canalizacao-nova-tarouca,self-ref-ok,,canonical matches source route
canalizador-canalizacao-nova-torre-de-dona-chama.html,https://canalizador-norte-reparos.pt/canalizador-canalizacao-nova-torre-de-dona-chama,self-ref-ok,,canonical matches source route
canalizador-canalizacao-nova-torre-de-moncorvo.html,https://canalizador-norte-reparos.pt/canalizador-canalizacao-nova-torre-de-moncorvo,self-ref-ok,,canonical matches source route
canalizador-canalizacao-nova-trevoes.html,https://canalizador-norte-reparos.pt/canalizador-canalizacao-nova-trevoes,self-ref-ok,,canonical matches source route
canalizador-canalizacao-nova-valdigem.html,https://canalizador-norte-reparos.pt/canalizador-canalizacao-nova-valdigem,self-ref-ok,,canonical matches source route
canalizador-canalizacao-nova-valpacos.html,https://canalizador-norte-reparos.pt/canalizador-canalizacao-nova-valpacos,self-ref-ok,,canonical matches source route
canalizador-canalizacao-nova-vern.html,https://canalizador-norte-reparos.pt/canalizador-canalizacao-nova-vern,self-ref-ok,,canonical matches source route
canalizador-canalizacao-nova-vidago.html,https://canalizador-norte-reparos.pt/canalizador-canalizacao-nova-vidago,self-ref-ok,,canonical matches source route
canalizador-canalizacao-nova-vila-flor.html,https://canalizador-norte-reparos.pt/canalizador-canalizacao-nova-vila-flor,self-ref-ok,,canonical matches source route
canalizador-canalizacao-nova-vila-franca-das-naves.html,https://canalizador-norte-reparos.pt/canalizador-canalizacao-nova-vila-franca-das-naves,self-ref-ok,,canonical matches source route
canalizador-canalizacao-nova-vila-nova-de-foz-coa.html,https://canalizador-norte-reparos.pt/canalizador-canalizacao-nova-vila-nova-de-foz-coa,self-ref-ok,,canonical matches source route
canalizador-canalizacao-nova-vila-pouca-de-aguiar.html,https://canalizador-norte-reparos.pt/canalizador-canalizacao-nova-vila-pouca-de-aguiar,self-ref-ok,,canonical matches source route
canalizador-canalizacao-nova-vila-real.html,https://canalizador-norte-reparos.pt/canalizador-canalizacao-nova-vila-real,self-ref-ok,,canonical matches source route
canalizador-canalizacao-nova-vilar-de-macada.html,https://canalizador-norte-reparos.pt/canalizador-canalizacao-nova-vilar-de-macada,self-ref-ok,,canonical matches source route
canalizador-canalizacao-nova-vilarandelo.html,https://canalizador-norte-reparos.pt/canalizador-canalizacao-nova-vilarandelo,self-ref-ok,,canonical matches source route
canalizador-canalizacao-nova-vimioso.html,https://canalizador-norte-reparos.pt/canalizador-canalizacao-nova-vimioso,self-ref-ok,,canonical matches source route
canalizador-canalizacao-nova-vinhais.html,https://canalizador-norte-reparos.pt/canalizador-canalizacao-nova-vinhais,self-ref-ok,,canonical matches source route
canalizador-canalizacao-nova-xinzo-de-limia.html,https://canalizador-norte-reparos.pt/canalizador-canalizacao-nova-xinzo-de-limia,self-ref-ok,,canonical matches source route
canalizador-canaveses.html,https://canalizador-norte-reparos.pt/canalizador-canaveses,self-ref-ok,,canonical matches source route
canalizador-candedo.html,https://canalizador-norte-reparos.pt/canalizador-candedo,self-ref-ok,,canonical matches source route
canalizador-candemil.html,https://canalizador-norte-reparos.pt/canalizador-candemil,self-ref-ok,,canonical matches source route
canalizador-candoso.html,https://canalizador-norte-reparos.pt/canalizador-candoso,self-ref-ok,,canonical matches source route
canalizador-canelas.html,https://canalizador-norte-reparos.pt/canalizador-canelas,self-ref-ok,,canonical matches source route
canalizador-caravelas.html,https://canalizador-norte-reparos.pt/canalizador-caravelas,self-ref-ok,,canonical matches source route
canalizador-carcao.html,https://canalizador-norte-reparos.pt/canalizador-carcao,self-ref-ok,,canonical matches source route
canalizador-carcaozinho.html,https://canalizador-norte-reparos.pt/canalizador-carcaozinho,self-ref-ok,,canonical matches source route
canalizador-cardanha.html,https://canalizador-norte-reparos.pt/canalizador-cardanha,self-ref-ok,,canonical matches source route
canalizador-carlao.html,https://canalizador-norte-reparos.pt/canalizador-carlao,self-ref-ok,,canonical matches source route
canalizador-carlão.html,https://canalizador-norte-reparos.pt/canalizador-carlão,self-ref-ok,,canonical matches source route
canalizador-carnicaes.html,https://canalizador-norte-reparos.pt/canalizador-carnicaes,self-ref-ok,,canonical matches source route
canalizador-carocedo.html,https://canalizador-norte-reparos.pt/canalizador-carocedo,self-ref-ok,,canonical matches source route
canalizador-carragosa.html,https://canalizador-norte-reparos.pt/canalizador-carragosa,self-ref-ok,,canonical matches source route
canalizador-carrapatas.html,https://canalizador-norte-reparos.pt/canalizador-carrapatas,self-ref-ok,,canonical matches source route
canalizador-carrapatinha.html,https://canalizador-norte-reparos.pt/canalizador-carrapatinha,self-ref-ok,,canonical matches source route
canalizador-carrazeda-de-anciaes.html,https://canalizador-norte-reparos.pt/canalizador-carrazeda-de-anciaes,self-ref-ok,,canonical matches source route
canalizador-carrazeda-de-ansiaes.html,https://canalizador-norte-reparos.pt/canalizador-carrazeda-de-ansiaes,self-ref-ok,,canonical matches source route
canalizador-carrazeda-de-ansiães.html,https://canalizador-norte-reparos.pt/canalizador-carrazeda-de-ansiães,self-ref-ok,,canonical matches source route
canalizador-carrazedo-de-montenegro.html,https://canalizador-norte-reparos.pt/canalizador-carrazedo-de-montenegro,self-ref-ok,,canonical matches source route
canalizador-carrazedo-do-alvao.html,https://canalizador-norte-reparos.pt/canalizador-carrazedo-do-alvao,self-ref-ok,,canonical matches source route
canalizador-carrazedo-do-alvão.html,https://canalizador-norte-reparos.pt/canalizador-carrazedo-do-alvão,self-ref-ok,,canonical matches source route
canalizador-carrazedo.html,https://canalizador-norte-reparos.pt/canalizador-carrazedo,self-ref-ok,,canonical matches source route
canalizador-carva.html,https://canalizador-norte-reparos.pt/canalizador-carva,self-ref-ok,,canonical matches source route
canalizador-carvalhais.html,https://canalizador-norte-reparos.pt/canalizador-carvalhais,self-ref-ok,,canonical matches source route
canalizador-carvalho-de-egas.html,https://canalizador-norte-reparos.pt/canalizador-carvalho-de-egas,self-ref-ok,,canonical matches source route
canalizador-carvalho-de-rei.html,https://canalizador-norte-reparos.pt/canalizador-carvalho-de-rei,self-ref-ok,,canonical matches source route
canalizador-carvicais.html,https://canalizador-norte-reparos.pt/canalizador-carvicais,self-ref-ok,,canonical matches source route
canalizador-carviçais.html,https://canalizador-norte-reparos.pt/canalizador-carviçais,self-ref-ok,,canonical matches source route
canalizador-carção.html,https://canalizador-norte-reparos.pt/canalizador-carção,self-ref-ok,,canonical matches source route
canalizador-carçãozinho.html,https://canalizador-norte-reparos.pt/canalizador-carçãozinho,self-ref-ok,,canonical matches source route
canalizador-casa-do-povo-e-sede-da-junta-de-freguesia.html,https://canalizador-norte-reparos.pt/canalizador-casa-do-povo-e-sede-da-junta-de-freguesia,self-ref-ok,,canonical matches source route
canalizador-casa-nova.html,https://canalizador-norte-reparos.pt/canalizador-casa-nova,self-ref-ok,,canonical matches source route
canalizador-casal-de-loivos.html,https://canalizador-norte-reparos.pt/canalizador-casal-de-loivos,self-ref-ok,,canonical matches source route
canalizador-casal-do-monte.html,https://canalizador-norte-reparos.pt/canalizador-casal-do-monte,self-ref-ok,,canonical matches source route
canalizador-casario.html,https://canalizador-norte-reparos.pt/canalizador-casario,self-ref-ok,,canonical matches source route
canalizador-casas-do-soeiro.html,https://canalizador-norte-reparos.pt/canalizador-casas-do-soeiro,self-ref-ok,,canonical matches source route
canalizador-castade.html,https://canalizador-norte-reparos.pt/canalizador-castade,self-ref-ok,,canonical matches source route
canalizador-castainco.html,https://canalizador-norte-reparos.pt/canalizador-castainco,self-ref-ok,,canonical matches source route
canalizador-castainço.html,https://canalizador-norte-reparos.pt/canalizador-castainço,self-ref-ok,,canonical matches source route
canalizador-castanheiro-do-norte.html,https://canalizador-norte-reparos.pt/canalizador-castanheiro-do-norte,self-ref-ok,,canonical matches source route
canalizador-castanheiro-do-sul.html,https://canalizador-norte-reparos.pt/canalizador-castanheiro-do-sul,self-ref-ok,,canonical matches source route
canalizador-castedo.html,https://canalizador-norte-reparos.pt/canalizador-castedo,self-ref-ok,,canonical matches source route
canalizador-casteicao.html,https://canalizador-norte-reparos.pt/canalizador-casteicao,self-ref-ok,,canonical matches source route
canalizador-castelaos.html,https://canalizador-norte-reparos.pt/canalizador-castelaos,self-ref-ok,,canonical matches source route
canalizador-castelo-branco.html,https://canalizador-norte-reparos.pt/canalizador-castelo-branco,self-ref-ok,,canonical matches source route
canalizador-castelo-de-balsamao.html,https://canalizador-norte-reparos.pt/canalizador-castelo-de-balsamao,self-ref-ok,,canonical matches source route
canalizador-castelo-de-balsamão.html,https://canalizador-norte-reparos.pt/canalizador-castelo-de-balsamão,self-ref-ok,,canonical matches source route
canalizador-castelo-melhor.html,https://canalizador-norte-reparos.pt/canalizador-castelo-melhor,self-ref-ok,,canonical matches source route
canalizador-castelo-rodrigo.html,https://canalizador-norte-reparos.pt/canalizador-castelo-rodrigo,self-ref-ok,,canonical matches source route
canalizador-castelãos.html,https://canalizador-norte-reparos.pt/canalizador-castelãos,self-ref-ok,,canonical matches source route
canalizador-castrelo-do-val.html,https://canalizador-norte-reparos.pt/canalizador-castrelo-do-val,self-ref-ok,,canonical matches source route
canalizador-castrelos.html,https://canalizador-norte-reparos.pt/canalizador-castrelos,self-ref-ok,,canonical matches source route
canalizador-castro-de-avelas.html,https://canalizador-norte-reparos.pt/canalizador-castro-de-avelas,self-ref-ok,,canonical matches source route
canalizador-castro-de-avelãs.html,https://canalizador-norte-reparos.pt/canalizador-castro-de-avelãs,self-ref-ok,,canonical matches source route
canalizador-castro-roupal.html,https://canalizador-norte-reparos.pt/canalizador-castro-roupal,self-ref-ok,,canonical matches source route
canalizador-castro-vicente.html,https://canalizador-norte-reparos.pt/canalizador-castro-vicente,self-ref-ok,,canonical matches source route
canalizador-cavadoude.html,https://canalizador-norte-reparos.pt/canalizador-cavadoude,self-ref-ok,,canonical matches source route
canalizador-caçarelhos.html,https://canalizador-norte-reparos.pt/canalizador-caçarelhos,self-ref-ok,,canonical matches source route
canalizador-cedaes.html,https://canalizador-norte-reparos.pt/canalizador-cedaes,self-ref-ok,,canonical matches source route
canalizador-cedainhos.html,https://canalizador-norte-reparos.pt/canalizador-cedainhos,self-ref-ok,,canonical matches source route
canalizador-cedovim.html,https://canalizador-norte-reparos.pt/canalizador-cedovim,self-ref-ok,,canonical matches source route
canalizador-cedães.html,https://canalizador-norte-reparos.pt/canalizador-cedães,self-ref-ok,,canonical matches source route
canalizador-cela.html,https://canalizador-norte-reparos.pt/canalizador-cela,self-ref-ok,,canonical matches source route
canalizador-celas.html,https://canalizador-norte-reparos.pt/canalizador-celas,self-ref-ok,,canonical matches source route
canalizador-cepelos.html,https://canalizador-norte-reparos.pt/canalizador-cepelos,self-ref-ok,,canonical matches source route
canalizador-cepoes.html,https://canalizador-norte-reparos.pt/canalizador-cepoes,self-ref-ok,,canonical matches source route
canalizador-cerejais.html,https://canalizador-norte-reparos.pt/canalizador-cerejais,self-ref-ok,,canonical matches source route
canalizador-cerejo.html,https://canalizador-norte-reparos.pt/canalizador-cerejo,self-ref-ok,,canonical matches source route
canalizador-cernadela.html,https://canalizador-norte-reparos.pt/canalizador-cernadela,self-ref-ok,,canonical matches source route
canalizador-cerva.html,https://canalizador-norte-reparos.pt/canalizador-cerva,self-ref-ok,,canonical matches source route
canalizador-cervos.html,https://canalizador-norte-reparos.pt/canalizador-cervos,self-ref-ok,,canonical matches source route
canalizador-chacim.html,https://canalizador-norte-reparos.pt/canalizador-chacim,self-ref-ok,,canonical matches source route
canalizador-chairos.html,https://canalizador-norte-reparos.pt/canalizador-chairos,self-ref-ok,,canonical matches source route
canalizador-chaos.html,https://canalizador-norte-reparos.pt/canalizador-chaos,self-ref-ok,,canonical matches source route
canalizador-chapa.html,https://canalizador-norte-reparos.pt/canalizador-chapa,self-ref-ok,,canonical matches source route
canalizador-chas.html,https://canalizador-norte-reparos.pt/canalizador-chas,self-ref-ok,,canonical matches source route
canalizador-chavaes.html,https://canalizador-norte-reparos.pt/canalizador-chavaes,self-ref-ok,,canonical matches source route
canalizador-chaves.html,https://canalizador-norte-reparos.pt/canalizador-chaves,self-ref-ok,,canonical matches source route
canalizador-chavães.html,https://canalizador-norte-reparos.pt/canalizador-chavães,self-ref-ok,,canonical matches source route
canalizador-chelas.html,https://canalizador-norte-reparos.pt/canalizador-chelas,self-ref-ok,,canonical matches source route
canalizador-chosendo.html,https://canalizador-norte-reparos.pt/canalizador-chosendo,self-ref-ok,,canonical matches source route
canalizador-chãos.html,https://canalizador-norte-reparos.pt/canalizador-chãos,self-ref-ok,,canonical matches source route
canalizador-chãs.html,https://canalizador-norte-reparos.pt/canalizador-chãs,self-ref-ok,,canonical matches source route
canalizador-cicuiro.html,https://canalizador-norte-reparos.pt/canalizador-cicuiro,self-ref-ok,,canonical matches source route
canalizador-cidadelhe.html,https://canalizador-norte-reparos.pt/canalizador-cidadelhe,self-ref-ok,,canonical matches source route
canalizador-cidoes.html,https://canalizador-norte-reparos.pt/canalizador-cidoes,self-ref-ok,,canonical matches source route
canalizador-cidões.html,https://canalizador-norte-reparos.pt/canalizador-cidões,self-ref-ok,,canonical matches source route
canalizador-cimbres.html,https://canalizador-norte-reparos.pt/canalizador-cimbres,self-ref-ok,,canonical matches source route
canalizador-cimo-de-vila-da-castanheira.html,https://canalizador-norte-reparos.pt/canalizador-cimo-de-vila-da-castanheira,self-ref-ok,,canonical matches source route
canalizador-cinco-vilas.html,https://canalizador-norte-reparos.pt/canalizador-cinco-vilas,self-ref-ok,,canonical matches source route
canalizador-cobro.html,https://canalizador-norte-reparos.pt/canalizador-cobro,self-ref-ok,,canonical matches source route
canalizador-cocanha.html,https://canalizador-norte-reparos.pt/canalizador-cocanha,self-ref-ok,,canonical matches source route
canalizador-codesseiro.html,https://canalizador-norte-reparos.pt/canalizador-codesseiro,self-ref-ok,,canonical matches source route
canalizador-codessoso.html,https://canalizador-norte-reparos.pt/canalizador-codessoso,self-ref-ok,,canonical matches source route
canalizador-coelhoso.html,https://canalizador-norte-reparos.pt/canalizador-coelhoso,self-ref-ok,,canonical matches source route
canalizador-cogula.html,https://canalizador-norte-reparos.pt/canalizador-cogula,self-ref-ok,,canonical matches source route
canalizador-colmeais.html,https://canalizador-norte-reparos.pt/canalizador-colmeais,self-ref-ok,,canonical matches source route
canalizador-colo-de-pito.html,https://canalizador-norte-reparos.pt/canalizador-colo-de-pito,self-ref-ok,,canonical matches source route
canalizador-comunhas.html,https://canalizador-norte-reparos.pt/canalizador-comunhas,self-ref-ok,,canonical matches source route
canalizador-constantim.html,https://canalizador-norte-reparos.pt/canalizador-constantim,self-ref-ok,,canonical matches source route
canalizador-contins.html,https://canalizador-norte-reparos.pt/canalizador-contins,self-ref-ok,,canonical matches source route
canalizador-coriscada.html,https://canalizador-norte-reparos.pt/canalizador-coriscada,self-ref-ok,,canonical matches source route
canalizador-corrica.html,https://canalizador-norte-reparos.pt/canalizador-corrica,self-ref-ok,,canonical matches source route
canalizador-corriça.html,https://canalizador-norte-reparos.pt/canalizador-corriça,self-ref-ok,,canonical matches source route
canalizador-cortico.html,https://canalizador-norte-reparos.pt/canalizador-cortico,self-ref-ok,,canonical matches source route
canalizador-corticos.html,https://canalizador-norte-reparos.pt/canalizador-corticos,self-ref-ok,,canonical matches source route
canalizador-cortiços.html,https://canalizador-norte-reparos.pt/canalizador-cortiços,self-ref-ok,,canonical matches source route
canalizador-corujas.html,https://canalizador-norte-reparos.pt/canalizador-corujas,self-ref-ok,,canonical matches source route
canalizador-cotas.html,https://canalizador-norte-reparos.pt/canalizador-cotas,self-ref-ok,,canonical matches source route
canalizador-cotimos.html,https://canalizador-norte-reparos.pt/canalizador-cotimos,self-ref-ok,,canonical matches source route
canalizador-coucos.html,https://canalizador-norte-reparos.pt/canalizador-coucos,self-ref-ok,,canonical matches source route
canalizador-couços.html,https://canalizador-norte-reparos.pt/canalizador-couços,self-ref-ok,,canonical matches source route
canalizador-covas-do-barroso.html,https://canalizador-norte-reparos.pt/canalizador-covas-do-barroso,self-ref-ok,,canonical matches source route
canalizador-covas-do-douro.html,https://canalizador-norte-reparos.pt/canalizador-covas-do-douro,self-ref-ok,,canonical matches source route
canalizador-covelaes.html,https://canalizador-norte-reparos.pt/canalizador-covelaes,self-ref-ok,,canonical matches source route
canalizador-covelas.html,https://canalizador-norte-reparos.pt/canalizador-covelas,self-ref-ok,,canonical matches source route
canalizador-covelinhas.html,https://canalizador-norte-reparos.pt/canalizador-covelinhas,self-ref-ok,,canonical matches source route
canalizador-crasto.html,https://canalizador-norte-reparos.pt/canalizador-crasto,self-ref-ok,,canonical matches source route
canalizador-cumieira.html,https://canalizador-norte-reparos.pt/canalizador-cumieira,self-ref-ok,,canonical matches source route
canalizador-cunha.html,https://canalizador-norte-reparos.pt/canalizador-cunha,self-ref-ok,,canonical matches source route
canalizador-curalha.html,https://canalizador-norte-reparos.pt/canalizador-curalha,self-ref-ok,,canonical matches source route
canalizador-curopos.html,https://canalizador-norte-reparos.pt/canalizador-curopos,self-ref-ok,,canonical matches source route
canalizador-curros.html,https://canalizador-norte-reparos.pt/canalizador-curros,self-ref-ok,,canonical matches source route
canalizador-custoias.html,https://canalizador-norte-reparos.pt/canalizador-custoias,self-ref-ok,,canonical matches source route
canalizador-custóias.html,https://canalizador-norte-reparos.pt/canalizador-custóias,self-ref-ok,,canonical matches source route
canalizador-dalvares.html,https://canalizador-norte-reparos.pt/canalizador-dalvares,self-ref-ok,,canonical matches source route
canalizador-deilao.html,https://canalizador-norte-reparos.pt/canalizador-deilao,self-ref-ok,,canonical matches source route
canalizador-deilão.html,https://canalizador-norte-reparos.pt/canalizador-deilão,self-ref-ok,,canonical matches source route
canalizador-desejosa.html,https://canalizador-norte-reparos.pt/canalizador-desejosa,self-ref-ok,,canonical matches source route
canalizador-desentupimento-alfandega-da-fe.html,https://canalizador-norte-reparos.pt/canalizador-desentupimento-alfandega-da-fe,self-ref-ok,,canonical matches source route
canalizador-desentupimento-alijo.html,https://canalizador-norte-reparos.pt/canalizador-desentupimento-alijo,self-ref-ok,,canonical matches source route
canalizador-desentupimento-almendra.html,https://canalizador-norte-reparos.pt/canalizador-desentupimento-almendra,self-ref-ok,,canonical matches source route
canalizador-desentupimento-amarante.html,https://canalizador-norte-reparos.pt/canalizador-desentupimento-amarante,self-ref-ok,,canonical matches source route
canalizador-desentupimento-argozelo.html,https://canalizador-norte-reparos.pt/canalizador-desentupimento-argozelo,self-ref-ok,,canonical matches source route
canalizador-desentupimento-armamar.html,https://canalizador-norte-reparos.pt/canalizador-desentupimento-armamar,self-ref-ok,,canonical matches source route
canalizador-desentupimento-boticas.html,https://canalizador-norte-reparos.pt/canalizador-desentupimento-boticas,self-ref-ok,,canonical matches source route
canalizador-desentupimento-braganca.html,https://canalizador-norte-reparos.pt/canalizador-desentupimento-braganca,self-ref-ok,,canonical matches source route
canalizador-desentupimento-britiande.html,https://canalizador-norte-reparos.pt/canalizador-desentupimento-britiande,self-ref-ok,,canonical matches source route
canalizador-desentupimento-cambres.html,https://canalizador-norte-reparos.pt/canalizador-desentupimento-cambres,self-ref-ok,,canonical matches source route
canalizador-desentupimento-carrazeda-de-ansiaes.html,https://canalizador-norte-reparos.pt/canalizador-desentupimento-carrazeda-de-ansiaes,self-ref-ok,,canonical matches source route
canalizador-desentupimento-carrazedo-de-montenegro.html,https://canalizador-norte-reparos.pt/canalizador-desentupimento-carrazedo-de-montenegro,self-ref-ok,,canonical matches source route
canalizador-desentupimento-cedovim.html,https://canalizador-norte-reparos.pt/canalizador-desentupimento-cedovim,self-ref-ok,,canonical matches source route
canalizador-desentupimento-cerva.html,https://canalizador-norte-reparos.pt/canalizador-desentupimento-cerva,self-ref-ok,,canonical matches source route
canalizador-desentupimento-chaves.html,https://canalizador-norte-reparos.pt/canalizador-desentupimento-chaves,self-ref-ok,,canonical matches source route
canalizador-desentupimento-cumieira.html,https://canalizador-norte-reparos.pt/canalizador-desentupimento-cumieira,self-ref-ok,,canonical matches source route
canalizador-desentupimento-ervedosa-do-douro.html,https://canalizador-norte-reparos.pt/canalizador-desentupimento-ervedosa-do-douro,self-ref-ok,,canonical matches source route
canalizador-desentupimento-favaios.html,https://canalizador-norte-reparos.pt/canalizador-desentupimento-favaios,self-ref-ok,,canonical matches source route
canalizador-desentupimento-figueira-de-castelo-rodrigo.html,https://canalizador-norte-reparos.pt/canalizador-desentupimento-figueira-de-castelo-rodrigo,self-ref-ok,,canonical matches source route
canalizador-desentupimento-freixo-de-espada-a-cinta.html,https://canalizador-norte-reparos.pt/canalizador-desentupimento-freixo-de-espada-a-cinta,self-ref-ok,,canonical matches source route
canalizador-desentupimento-freixo-de-numao.html,https://canalizador-norte-reparos.pt/canalizador-desentupimento-freixo-de-numao,self-ref-ok,,canonical matches source route
canalizador-desentupimento-izeda.html,https://canalizador-norte-reparos.pt/canalizador-desentupimento-izeda,self-ref-ok,,canonical matches source route
canalizador-desentupimento-lalim.html,https://canalizador-norte-reparos.pt/canalizador-desentupimento-lalim,self-ref-ok,,canonical matches source route
canalizador-desentupimento-lamego.html,https://canalizador-norte-reparos.pt/canalizador-desentupimento-lamego,self-ref-ok,,canonical matches source route
canalizador-desentupimento-lazarim.html,https://canalizador-norte-reparos.pt/canalizador-desentupimento-lazarim,self-ref-ok,,canonical matches source route
canalizador-desentupimento-lixa.html,https://canalizador-norte-reparos.pt/canalizador-desentupimento-lixa,self-ref-ok,,canonical matches source route
canalizador-desentupimento-lordelo.html,https://canalizador-norte-reparos.pt/canalizador-desentupimento-lordelo,self-ref-ok,,canonical matches source route
canalizador-desentupimento-macedo-de-cavaleiros.html,https://canalizador-norte-reparos.pt/canalizador-desentupimento-macedo-de-cavaleiros,self-ref-ok,,canonical matches source route
canalizador-desentupimento-marco-de-canaveses.html,https://canalizador-norte-reparos.pt/canalizador-desentupimento-marco-de-canaveses,self-ref-ok,,canonical matches source route
canalizador-desentupimento-marialva.html,https://canalizador-norte-reparos.pt/canalizador-desentupimento-marialva,self-ref-ok,,canonical matches source route
canalizador-desentupimento-mesao-frio.html,https://canalizador-norte-reparos.pt/canalizador-desentupimento-mesao-frio,self-ref-ok,,canonical matches source route
canalizador-desentupimento-miranda-do-douro.html,https://canalizador-norte-reparos.pt/canalizador-desentupimento-miranda-do-douro,self-ref-ok,,canonical matches source route
canalizador-desentupimento-mirandela.html,https://canalizador-norte-reparos.pt/canalizador-desentupimento-mirandela,self-ref-ok,,canonical matches source route
canalizador-desentupimento-mogadouro.html,https://canalizador-norte-reparos.pt/canalizador-desentupimento-mogadouro,self-ref-ok,,canonical matches source route
canalizador-desentupimento-mondim-da-beira.html,https://canalizador-norte-reparos.pt/canalizador-desentupimento-mondim-da-beira,self-ref-ok,,canonical matches source route
canalizador-desentupimento-mondim-de-basto.html,https://canalizador-norte-reparos.pt/canalizador-desentupimento-mondim-de-basto,self-ref-ok,,canonical matches source route
canalizador-desentupimento-montalegre.html,https://canalizador-norte-reparos.pt/canalizador-desentupimento-montalegre,self-ref-ok,,canonical matches source route
canalizador-desentupimento-moucos.html,https://canalizador-norte-reparos.pt/canalizador-desentupimento-moucos,self-ref-ok,,canonical matches source route
canalizador-desentupimento-murca.html,https://canalizador-norte-reparos.pt/canalizador-desentupimento-murca,self-ref-ok,,canonical matches source route
canalizador-desentupimento-pedras-salgadas.html,https://canalizador-norte-reparos.pt/canalizador-desentupimento-pedras-salgadas,self-ref-ok,,canonical matches source route
canalizador-desentupimento-penedono.html,https://canalizador-norte-reparos.pt/canalizador-desentupimento-penedono,self-ref-ok,,canonical matches source route
canalizador-desentupimento-peso-da-regua.html,https://canalizador-norte-reparos.pt/canalizador-desentupimento-peso-da-regua,self-ref-ok,,canonical matches source route
canalizador-desentupimento-pinhao.html,https://canalizador-norte-reparos.pt/canalizador-desentupimento-pinhao,self-ref-ok,,canonical matches source route
canalizador-desentupimento-resende.html,https://canalizador-norte-reparos.pt/canalizador-desentupimento-resende,self-ref-ok,,canonical matches source route
canalizador-desentupimento-ribeira-de-pena.html,https://canalizador-norte-reparos.pt/canalizador-desentupimento-ribeira-de-pena,self-ref-ok,,canonical matches source route
canalizador-desentupimento-sabrosa.html,https://canalizador-norte-reparos.pt/canalizador-desentupimento-sabrosa,self-ref-ok,,canonical matches source route
canalizador-desentupimento-salzedas.html,https://canalizador-norte-reparos.pt/canalizador-desentupimento-salzedas,self-ref-ok,,canonical matches source route
canalizador-desentupimento-sanfins-do-douro.html,https://canalizador-norte-reparos.pt/canalizador-desentupimento-sanfins-do-douro,self-ref-ok,,canonical matches source route
canalizador-desentupimento-santa-marinha-do-zezere.html,https://canalizador-norte-reparos.pt/canalizador-desentupimento-santa-marinha-do-zezere,self-ref-ok,,canonical matches source route
canalizador-desentupimento-santa-marta-de-penaguiao.html,https://canalizador-norte-reparos.pt/canalizador-desentupimento-santa-marta-de-penaguiao,self-ref-ok,,canonical matches source route
canalizador-desentupimento-santo-estevao.html,https://canalizador-norte-reparos.pt/canalizador-desentupimento-santo-estevao,self-ref-ok,,canonical matches source route
canalizador-desentupimento-sao-cosmado.html,https://canalizador-norte-reparos.pt/canalizador-desentupimento-sao-cosmado,self-ref-ok,,canonical matches source route
canalizador-desentupimento-sao-joao-da-pesqueira.html,https://canalizador-norte-reparos.pt/canalizador-desentupimento-sao-joao-da-pesqueira,self-ref-ok,,canonical matches source route
canalizador-desentupimento-sao-joao-de-tarouca.html,https://canalizador-norte-reparos.pt/canalizador-desentupimento-sao-joao-de-tarouca,self-ref-ok,,canonical matches source route
canalizador-desentupimento-sao-martinho-de-anta.html,https://canalizador-norte-reparos.pt/canalizador-desentupimento-sao-martinho-de-anta,self-ref-ok,,canonical matches source route
canalizador-desentupimento-sao-martinho-de-mouros.html,https://canalizador-norte-reparos.pt/canalizador-desentupimento-sao-martinho-de-mouros,self-ref-ok,,canonical matches source route
canalizador-desentupimento-sendim.html,https://canalizador-norte-reparos.pt/canalizador-desentupimento-sendim,self-ref-ok,,canonical matches source route
canalizador-desentupimento-sernancelhe.html,https://canalizador-norte-reparos.pt/canalizador-desentupimento-sernancelhe,self-ref-ok,,canonical matches source route
canalizador-desentupimento-tabuaco.html,https://canalizador-norte-reparos.pt/canalizador-desentupimento-tabuaco,self-ref-ok,,canonical matches source route
canalizador-desentupimento-tarouca.html,https://canalizador-norte-reparos.pt/canalizador-desentupimento-tarouca,self-ref-ok,,canonical matches source route
canalizador-desentupimento-torre-de-dona-chama.html,https://canalizador-norte-reparos.pt/canalizador-desentupimento-torre-de-dona-chama,self-ref-ok,,canonical matches source route
canalizador-desentupimento-torre-de-moncorvo.html,https://canalizador-norte-reparos.pt/canalizador-desentupimento-torre-de-moncorvo,self-ref-ok,,canonical matches source route
canalizador-desentupimento-trevoes.html,https://canalizador-norte-reparos.pt/canalizador-desentupimento-trevoes,self-ref-ok,,canonical matches source route
canalizador-desentupimento-valdigem.html,https://canalizador-norte-reparos.pt/canalizador-desentupimento-valdigem,self-ref-ok,,canonical matches source route
canalizador-desentupimento-valpacos.html,https://canalizador-norte-reparos.pt/canalizador-desentupimento-valpacos,self-ref-ok,,canonical matches source route
canalizador-desentupimento-vern.html,https://canalizador-norte-reparos.pt/canalizador-desentupimento-vern,self-ref-ok,,canonical matches source route
canalizador-desentupimento-vidago.html,https://canalizador-norte-reparos.pt/canalizador-desentupimento-vidago,self-ref-ok,,canonical matches source route
canalizador-desentupimento-vila-flor.html,https://canalizador-norte-reparos.pt/canalizador-desentupimento-vila-flor,self-ref-ok,,canonical matches source route
canalizador-desentupimento-vila-franca-das-naves.html,https://canalizador-norte-reparos.pt/canalizador-desentupimento-vila-franca-das-naves,self-ref-ok,,canonical matches source route
canalizador-desentupimento-vila-nova-de-foz-coa.html,https://canalizador-norte-reparos.pt/canalizador-desentupimento-vila-nova-de-foz-coa,self-ref-ok,,canonical matches source route
canalizador-desentupimento-vila-pouca-de-aguiar.html,https://canalizador-norte-reparos.pt/canalizador-desentupimento-vila-pouca-de-aguiar,self-ref-ok,,canonical matches source route
canalizador-desentupimento-vila-real.html,https://canalizador-norte-reparos.pt/canalizador-desentupimento-vila-real,self-ref-ok,,canonical matches source route
canalizador-desentupimento-vilar-de-macada.html,https://canalizador-norte-reparos.pt/canalizador-desentupimento-vilar-de-macada,self-ref-ok,,canonical matches source route
canalizador-desentupimento-vilarandelo.html,https://canalizador-norte-reparos.pt/canalizador-desentupimento-vilarandelo,self-ref-ok,,canonical matches source route
canalizador-desentupimento-vimioso.html,https://canalizador-norte-reparos.pt/canalizador-desentupimento-vimioso,self-ref-ok,,canonical matches source route
canalizador-desentupimento-vinhais.html,https://canalizador-norte-reparos.pt/canalizador-desentupimento-vinhais,self-ref-ok,,canonical matches source route
canalizador-desentupimento-xinzo-de-limia.html,https://canalizador-norte-reparos.pt/canalizador-desentupimento-xinzo-de-limia,self-ref-ok,,canonical matches source route
canalizador-distrito-de-braganca.html,https://canalizador-norte-reparos.pt/canalizador-distrito-de-braganca,self-ref-ok,,canonical matches source route
canalizador-distrito-de-vila-real.html,https://canalizador-norte-reparos.pt/canalizador-distrito-de-vila-real,self-ref-ok,,canonical matches source route
canalizador-donai.html,https://canalizador-norte-reparos.pt/canalizador-donai,self-ref-ok,,canonical matches source route
canalizador-donoes.html,https://canalizador-norte-reparos.pt/canalizador-donoes,self-ref-ok,,canonical matches source route
canalizador-duas-igrejas.html,https://canalizador-norte-reparos.pt/canalizador-duas-igrejas,self-ref-ok,,canonical matches source route
canalizador-edral.html,https://canalizador-norte-reparos.pt/canalizador-edral,self-ref-ok,,canonical matches source route
canalizador-edrosa.html,https://canalizador-norte-reparos.pt/canalizador-edrosa,self-ref-ok,,canonical matches source route
canalizador-edroso.html,https://canalizador-norte-reparos.pt/canalizador-edroso,self-ref-ok,,canonical matches source route
canalizador-eirado.html,https://canalizador-norte-reparos.pt/canalizador-eirado,self-ref-ok,,canonical matches source route
canalizador-eiras-maiores.html,https://canalizador-norte-reparos.pt/canalizador-eiras-maiores,self-ref-ok,,canonical matches source route
canalizador-eiras.html,https://canalizador-norte-reparos.pt/canalizador-eiras,self-ref-ok,,canonical matches source route
canalizador-eivados.html,https://canalizador-norte-reparos.pt/canalizador-eivados,self-ref-ok,,canonical matches source route
canalizador-eixes.html,https://canalizador-norte-reparos.pt/canalizador-eixes,self-ref-ok,,canonical matches source route
canalizador-ermelo.html,https://canalizador-norte-reparos.pt/canalizador-ermelo,self-ref-ok,,canonical matches source route
canalizador-ermida.html,https://canalizador-norte-reparos.pt/canalizador-ermida,self-ref-ok,,canonical matches source route
canalizador-ermidas.html,https://canalizador-norte-reparos.pt/canalizador-ermidas,self-ref-ok,,canonical matches source route
canalizador-ervas-tenras.html,https://canalizador-norte-reparos.pt/canalizador-ervas-tenras,self-ref-ok,,canonical matches source route
canalizador-ervededo.html,https://canalizador-norte-reparos.pt/canalizador-ervededo,self-ref-ok,,canonical matches source route
canalizador-ervedosa-do-douro.html,https://canalizador-norte-reparos.pt/canalizador-ervedosa-do-douro,self-ref-ok,,canonical matches source route
canalizador-ervedosa.html,https://canalizador-norte-reparos.pt/canalizador-ervedosa,self-ref-ok,,canonical matches source route
canalizador-ervideira.html,https://canalizador-norte-reparos.pt/canalizador-ervideira,self-ref-ok,,canonical matches source route
canalizador-ervoes.html,https://canalizador-norte-reparos.pt/canalizador-ervoes,self-ref-ok,,canonical matches source route
canalizador-ervões.html,https://canalizador-norte-reparos.pt/canalizador-ervões,self-ref-ok,,canonical matches source route
canalizador-escalhao.html,https://canalizador-norte-reparos.pt/canalizador-escalhao,self-ref-ok,,canonical matches source route
canalizador-escalhão.html,https://canalizador-norte-reparos.pt/canalizador-escalhão,self-ref-ok,,canonical matches source route
canalizador-escarigo.html,https://canalizador-norte-reparos.pt/canalizador-escarigo,self-ref-ok,,canonical matches source route
canalizador-escurquela.html,https://canalizador-norte-reparos.pt/canalizador-escurquela,self-ref-ok,,canonical matches source route
canalizador-espadaedo.html,https://canalizador-norte-reparos.pt/canalizador-espadaedo,self-ref-ok,,canonical matches source route
canalizador-espadanedo.html,https://canalizador-norte-reparos.pt/canalizador-espadanedo,self-ref-ok,,canonical matches source route
canalizador-espinhosa.html,https://canalizador-norte-reparos.pt/canalizador-espinhosa,self-ref-ok,,canonical matches source route
canalizador-espinhosela.html,https://canalizador-norte-reparos.pt/canalizador-espinhosela,self-ref-ok,,canonical matches source route
canalizador-esquentador-alfandega-da-fe.html,https://canalizador-norte-reparos.pt/canalizador-esquentador-alfandega-da-fe,self-ref-ok,,canonical matches source route
canalizador-esquentador-alijo.html,https://canalizador-norte-reparos.pt/canalizador-esquentador-alijo,self-ref-ok,,canonical matches source route
canalizador-esquentador-almendra.html,https://canalizador-norte-reparos.pt/canalizador-esquentador-almendra,self-ref-ok,,canonical matches source route
canalizador-esquentador-amarante.html,https://canalizador-norte-reparos.pt/canalizador-esquentador-amarante,self-ref-ok,,canonical matches source route
canalizador-esquentador-argozelo.html,https://canalizador-norte-reparos.pt/canalizador-esquentador-argozelo,self-ref-ok,,canonical matches source route
canalizador-esquentador-armamar.html,https://canalizador-norte-reparos.pt/canalizador-esquentador-armamar,self-ref-ok,,canonical matches source route
canalizador-esquentador-boticas.html,https://canalizador-norte-reparos.pt/canalizador-esquentador-boticas,self-ref-ok,,canonical matches source route
canalizador-esquentador-braganca.html,https://canalizador-norte-reparos.pt/canalizador-esquentador-braganca,self-ref-ok,,canonical matches source route
canalizador-esquentador-britiande.html,https://canalizador-norte-reparos.pt/canalizador-esquentador-britiande,self-ref-ok,,canonical matches source route
canalizador-esquentador-cambres.html,https://canalizador-norte-reparos.pt/canalizador-esquentador-cambres,self-ref-ok,,canonical matches source route
canalizador-esquentador-carrazeda-de-ansiaes.html,https://canalizador-norte-reparos.pt/canalizador-esquentador-carrazeda-de-ansiaes,self-ref-ok,,canonical matches source route
canalizador-esquentador-carrazedo-de-montenegro.html,https://canalizador-norte-reparos.pt/canalizador-esquentador-carrazedo-de-montenegro,self-ref-ok,,canonical matches source route
canalizador-esquentador-cedovim.html,https://canalizador-norte-reparos.pt/canalizador-esquentador-cedovim,self-ref-ok,,canonical matches source route
canalizador-esquentador-cerva.html,https://canalizador-norte-reparos.pt/canalizador-esquentador-cerva,self-ref-ok,,canonical matches source route
canalizador-esquentador-chaves.html,https://canalizador-norte-reparos.pt/canalizador-esquentador-chaves,self-ref-ok,,canonical matches source route
canalizador-esquentador-cumieira.html,https://canalizador-norte-reparos.pt/canalizador-esquentador-cumieira,self-ref-ok,,canonical matches source route
canalizador-esquentador-ervedosa-do-douro.html,https://canalizador-norte-reparos.pt/canalizador-esquentador-ervedosa-do-douro,self-ref-ok,,canonical matches source route
canalizador-esquentador-favaios.html,https://canalizador-norte-reparos.pt/canalizador-esquentador-favaios,self-ref-ok,,canonical matches source route
canalizador-esquentador-figueira-de-castelo-rodrigo.html,https://canalizador-norte-reparos.pt/canalizador-esquentador-figueira-de-castelo-rodrigo,self-ref-ok,,canonical matches source route
canalizador-esquentador-freixo-de-espada-a-cinta.html,https://canalizador-norte-reparos.pt/canalizador-esquentador-freixo-de-espada-a-cinta,self-ref-ok,,canonical matches source route
canalizador-esquentador-freixo-de-numao.html,https://canalizador-norte-reparos.pt/canalizador-esquentador-freixo-de-numao,self-ref-ok,,canonical matches source route
canalizador-esquentador-izeda.html,https://canalizador-norte-reparos.pt/canalizador-esquentador-izeda,self-ref-ok,,canonical matches source route
canalizador-esquentador-lalim.html,https://canalizador-norte-reparos.pt/canalizador-esquentador-lalim,self-ref-ok,,canonical matches source route
canalizador-esquentador-lamego.html,https://canalizador-norte-reparos.pt/canalizador-esquentador-lamego,self-ref-ok,,canonical matches source route
canalizador-esquentador-lazarim.html,https://canalizador-norte-reparos.pt/canalizador-esquentador-lazarim,self-ref-ok,,canonical matches source route
canalizador-esquentador-lixa.html,https://canalizador-norte-reparos.pt/canalizador-esquentador-lixa,self-ref-ok,,canonical matches source route
canalizador-esquentador-lordelo.html,https://canalizador-norte-reparos.pt/canalizador-esquentador-lordelo,self-ref-ok,,canonical matches source route
canalizador-esquentador-macedo-de-cavaleiros.html,https://canalizador-norte-reparos.pt/canalizador-esquentador-macedo-de-cavaleiros,self-ref-ok,,canonical matches source route
canalizador-esquentador-marco-de-canaveses.html,https://canalizador-norte-reparos.pt/canalizador-esquentador-marco-de-canaveses,self-ref-ok,,canonical matches source route
canalizador-esquentador-marialva.html,https://canalizador-norte-reparos.pt/canalizador-esquentador-marialva,self-ref-ok,,canonical matches source route
canalizador-esquentador-mesao-frio.html,https://canalizador-norte-reparos.pt/canalizador-esquentador-mesao-frio,self-ref-ok,,canonical matches source route
canalizador-esquentador-miranda-do-douro.html,https://canalizador-norte-reparos.pt/canalizador-esquentador-miranda-do-douro,self-ref-ok,,canonical matches source route
canalizador-esquentador-mirandela.html,https://canalizador-norte-reparos.pt/canalizador-esquentador-mirandela,self-ref-ok,,canonical matches source route
canalizador-esquentador-mogadouro.html,https://canalizador-norte-reparos.pt/canalizador-esquentador-mogadouro,self-ref-ok,,canonical matches source route
canalizador-esquentador-mondim-da-beira.html,https://canalizador-norte-reparos.pt/canalizador-esquentador-mondim-da-beira,self-ref-ok,,canonical matches source route
canalizador-esquentador-mondim-de-basto.html,https://canalizador-norte-reparos.pt/canalizador-esquentador-mondim-de-basto,self-ref-ok,,canonical matches source route
canalizador-esquentador-montalegre.html,https://canalizador-norte-reparos.pt/canalizador-esquentador-montalegre,self-ref-ok,,canonical matches source route
canalizador-esquentador-moucos.html,https://canalizador-norte-reparos.pt/canalizador-esquentador-moucos,self-ref-ok,,canonical matches source route
canalizador-esquentador-murca.html,https://canalizador-norte-reparos.pt/canalizador-esquentador-murca,self-ref-ok,,canonical matches source route
canalizador-esquentador-pedras-salgadas.html,https://canalizador-norte-reparos.pt/canalizador-esquentador-pedras-salgadas,self-ref-ok,,canonical matches source route
canalizador-esquentador-penedono.html,https://canalizador-norte-reparos.pt/canalizador-esquentador-penedono,self-ref-ok,,canonical matches source route
canalizador-esquentador-peso-da-regua.html,https://canalizador-norte-reparos.pt/canalizador-esquentador-peso-da-regua,self-ref-ok,,canonical matches source route
canalizador-esquentador-pinhao.html,https://canalizador-norte-reparos.pt/canalizador-esquentador-pinhao,self-ref-ok,,canonical matches source route
canalizador-esquentador-resende.html,https://canalizador-norte-reparos.pt/canalizador-esquentador-resende,self-ref-ok,,canonical matches source route
canalizador-esquentador-ribeira-de-pena.html,https://canalizador-norte-reparos.pt/canalizador-esquentador-ribeira-de-pena,self-ref-ok,,canonical matches source route
canalizador-esquentador-sabrosa.html,https://canalizador-norte-reparos.pt/canalizador-esquentador-sabrosa,self-ref-ok,,canonical matches source route
canalizador-esquentador-salzedas.html,https://canalizador-norte-reparos.pt/canalizador-esquentador-salzedas,self-ref-ok,,canonical matches source route
canalizador-esquentador-sanfins-do-douro.html,https://canalizador-norte-reparos.pt/canalizador-esquentador-sanfins-do-douro,self-ref-ok,,canonical matches source route
canalizador-esquentador-santa-marinha-do-zezere.html,https://canalizador-norte-reparos.pt/canalizador-esquentador-santa-marinha-do-zezere,self-ref-ok,,canonical matches source route
canalizador-esquentador-santa-marta-de-penaguiao.html,https://canalizador-norte-reparos.pt/canalizador-esquentador-santa-marta-de-penaguiao,self-ref-ok,,canonical matches source route
canalizador-esquentador-santo-estevao.html,https://canalizador-norte-reparos.pt/canalizador-esquentador-santo-estevao,self-ref-ok,,canonical matches source route
canalizador-esquentador-sao-cosmado.html,https://canalizador-norte-reparos.pt/canalizador-esquentador-sao-cosmado,self-ref-ok,,canonical matches source route
canalizador-esquentador-sao-joao-da-pesqueira.html,https://canalizador-norte-reparos.pt/canalizador-esquentador-sao-joao-da-pesqueira,self-ref-ok,,canonical matches source route
canalizador-esquentador-sao-joao-de-tarouca.html,https://canalizador-norte-reparos.pt/canalizador-esquentador-sao-joao-de-tarouca,self-ref-ok,,canonical matches source route
canalizador-esquentador-sao-martinho-de-anta.html,https://canalizador-norte-reparos.pt/canalizador-esquentador-sao-martinho-de-anta,self-ref-ok,,canonical matches source route
canalizador-esquentador-sao-martinho-de-mouros.html,https://canalizador-norte-reparos.pt/canalizador-esquentador-sao-martinho-de-mouros,self-ref-ok,,canonical matches source route
canalizador-esquentador-sendim.html,https://canalizador-norte-reparos.pt/canalizador-esquentador-sendim,self-ref-ok,,canonical matches source route
canalizador-esquentador-sernancelhe.html,https://canalizador-norte-reparos.pt/canalizador-esquentador-sernancelhe,self-ref-ok,,canonical matches source route
canalizador-esquentador-tabuaco.html,https://canalizador-norte-reparos.pt/canalizador-esquentador-tabuaco,self-ref-ok,,canonical matches source route
canalizador-esquentador-tarouca.html,https://canalizador-norte-reparos.pt/canalizador-esquentador-tarouca,self-ref-ok,,canonical matches source route
canalizador-esquentador-torre-de-dona-chama.html,https://canalizador-norte-reparos.pt/canalizador-esquentador-torre-de-dona-chama,self-ref-ok,,canonical matches source route
canalizador-esquentador-torre-de-moncorvo.html,https://canalizador-norte-reparos.pt/canalizador-esquentador-torre-de-moncorvo,self-ref-ok,,canonical matches source route
canalizador-esquentador-trevoes.html,https://canalizador-norte-reparos.pt/canalizador-esquentador-trevoes,self-ref-ok,,canonical matches source route
canalizador-esquentador-valdigem.html,https://canalizador-norte-reparos.pt/canalizador-esquentador-valdigem,self-ref-ok,,canonical matches source route
canalizador-esquentador-valpacos.html,https://canalizador-norte-reparos.pt/canalizador-esquentador-valpacos,self-ref-ok,,canonical matches source route
canalizador-esquentador-vern.html,https://canalizador-norte-reparos.pt/canalizador-esquentador-vern,self-ref-ok,,canonical matches source route
canalizador-esquentador-vidago.html,https://canalizador-norte-reparos.pt/canalizador-esquentador-vidago,self-ref-ok,,canonical matches source route
canalizador-esquentador-vila-flor.html,https://canalizador-norte-reparos.pt/canalizador-esquentador-vila-flor,self-ref-ok,,canonical matches source route
canalizador-esquentador-vila-franca-das-naves.html,https://canalizador-norte-reparos.pt/canalizador-esquentador-vila-franca-das-naves,self-ref-ok,,canonical matches source route
canalizador-esquentador-vila-nova-de-foz-coa.html,https://canalizador-norte-reparos.pt/canalizador-esquentador-vila-nova-de-foz-coa,self-ref-ok,,canonical matches source route
canalizador-esquentador-vila-pouca-de-aguiar.html,https://canalizador-norte-reparos.pt/canalizador-esquentador-vila-pouca-de-aguiar,self-ref-ok,,canonical matches source route
canalizador-esquentador-vila-real.html,https://canalizador-norte-reparos.pt/canalizador-esquentador-vila-real,self-ref-ok,,canonical matches source route
canalizador-esquentador-vilar-de-macada.html,https://canalizador-norte-reparos.pt/canalizador-esquentador-vilar-de-macada,self-ref-ok,,canonical matches source route
canalizador-esquentador-vilarandelo.html,https://canalizador-norte-reparos.pt/canalizador-esquentador-vilarandelo,self-ref-ok,,canonical matches source route
canalizador-esquentador-vimioso.html,https://canalizador-norte-reparos.pt/canalizador-esquentador-vimioso,self-ref-ok,,canonical matches source route
canalizador-esquentador-vinhais.html,https://canalizador-norte-reparos.pt/canalizador-esquentador-vinhais,self-ref-ok,,canonical matches source route
canalizador-esquentador-xinzo-de-limia.html,https://canalizador-norte-reparos.pt/canalizador-esquentador-xinzo-de-limia,self-ref-ok,,canonical matches source route
canalizador-eucisia.html,https://canalizador-norte-reparos.pt/canalizador-eucisia,self-ref-ok,,canonical matches source route
canalizador-failde.html,https://canalizador-norte-reparos.pt/canalizador-failde,self-ref-ok,,canonical matches source route
canalizador-faioes.html,https://canalizador-norte-reparos.pt/canalizador-faioes,self-ref-ok,,canonical matches source route
canalizador-faiões.html,https://canalizador-norte-reparos.pt/canalizador-faiões,self-ref-ok,,canonical matches source route
canalizador-falde.html,https://canalizador-norte-reparos.pt/canalizador-falde,self-ref-ok,,canonical matches source route
canalizador-falgueiras.html,https://canalizador-norte-reparos.pt/canalizador-falgueiras,self-ref-ok,,canonical matches source route
canalizador-fariza-de-sayago.html,https://canalizador-norte-reparos.pt/canalizador-fariza-de-sayago,self-ref-ok,,canonical matches source route
canalizador-favaios.html,https://canalizador-norte-reparos.pt/canalizador-favaios,self-ref-ok,,canonical matches source route
canalizador-faílde.html,https://canalizador-norte-reparos.pt/canalizador-faílde,self-ref-ok,,canonical matches source route
canalizador-feirao.html,https://canalizador-norte-reparos.pt/canalizador-feirao,self-ref-ok,,canonical matches source route
canalizador-feital.html,https://canalizador-norte-reparos.pt/canalizador-feital,self-ref-ok,,canonical matches source route
canalizador-felgar.html,https://canalizador-norte-reparos.pt/canalizador-felgar,self-ref-ok,,canonical matches source route
canalizador-felgueiras.html,https://canalizador-norte-reparos.pt/canalizador-felgueiras,self-ref-ok,,canonical matches source route
canalizador-fermentaos.html,https://canalizador-norte-reparos.pt/canalizador-fermentaos,self-ref-ok,,canonical matches source route
canalizador-fermentãos.html,https://canalizador-norte-reparos.pt/canalizador-fermentãos,self-ref-ok,,canonical matches source route
canalizador-ferradosa.html,https://canalizador-norte-reparos.pt/canalizador-ferradosa,self-ref-ok,,canonical matches source route
canalizador-ferreira.html,https://canalizador-norte-reparos.pt/canalizador-ferreira,self-ref-ok,,canonical matches source route
canalizador-ferreirim.html,https://canalizador-norte-reparos.pt/canalizador-ferreirim,self-ref-ok,,canonical matches source route
canalizador-ferreiros-de-avoes.html,https://canalizador-norte-reparos.pt/canalizador-ferreiros-de-avoes,self-ref-ok,,canonical matches source route
canalizador-ferreruela-de-tabara.html,https://canalizador-norte-reparos.pt/canalizador-ferreruela-de-tabara,self-ref-ok,,canonical matches source route
canalizador-ferreruela-de-tábara.html,https://canalizador-norte-reparos.pt/canalizador-ferreruela-de-tábara,self-ref-ok,,canonical matches source route
canalizador-fervidelas.html,https://canalizador-norte-reparos.pt/canalizador-fervidelas,self-ref-ok,,canonical matches source route
canalizador-fiaes-do-rio.html,https://canalizador-norte-reparos.pt/canalizador-fiaes-do-rio,self-ref-ok,,canonical matches source route
canalizador-fiaes-do-tamega.html,https://canalizador-norte-reparos.pt/canalizador-fiaes-do-tamega,self-ref-ok,,canonical matches source route
canalizador-fiaes.html,https://canalizador-norte-reparos.pt/canalizador-fiaes,self-ref-ok,,canonical matches source route
canalizador-figueira-de-castelo-rodrigo.html,https://canalizador-norte-reparos.pt/canalizador-figueira-de-castelo-rodrigo,self-ref-ok,,canonical matches source route
canalizador-fiolhoso.html,https://canalizador-norte-reparos.pt/canalizador-fiolhoso,self-ref-ok,,canonical matches source route
canalizador-fiães-do-tâmega.html,https://canalizador-norte-reparos.pt/canalizador-fiães-do-tâmega,self-ref-ok,,canonical matches source route
canalizador-fiães.html,https://canalizador-norte-reparos.pt/canalizador-fiães,self-ref-ok,,canonical matches source route
canalizador-folgosa.html,https://canalizador-norte-reparos.pt/canalizador-folgosa,self-ref-ok,,canonical matches source route
canalizador-folhada.html,https://canalizador-norte-reparos.pt/canalizador-folhada,self-ref-ok,,canonical matches source route
canalizador-folhadela.html,https://canalizador-norte-reparos.pt/canalizador-folhadela,self-ref-ok,,canonical matches source route
canalizador-fonfra.html,https://canalizador-norte-reparos.pt/canalizador-fonfra,self-ref-ok,,canonical matches source route
canalizador-fontao.html,https://canalizador-norte-reparos.pt/canalizador-fontao,self-ref-ok,,canonical matches source route
canalizador-fonte-da-urze.html,https://canalizador-norte-reparos.pt/canalizador-fonte-da-urze,self-ref-ok,,canonical matches source route
canalizador-fonte-longa.html,https://canalizador-norte-reparos.pt/canalizador-fonte-longa,self-ref-ok,,canonical matches source route
canalizador-fontão.html,https://canalizador-norte-reparos.pt/canalizador-fontão,self-ref-ok,,canonical matches source route
canalizador-fornos-de-ledra.html,https://canalizador-norte-reparos.pt/canalizador-fornos-de-ledra,self-ref-ok,,canonical matches source route
canalizador-fornos-do-pinhal.html,https://canalizador-norte-reparos.pt/canalizador-fornos-do-pinhal,self-ref-ok,,canonical matches source route
canalizador-fornos.html,https://canalizador-norte-reparos.pt/canalizador-fornos,self-ref-ok,,canonical matches source route
canalizador-fossa-septica-alfandega-da-fe.html,https://canalizador-norte-reparos.pt/canalizador-fossa-septica-alfandega-da-fe,self-ref-ok,,canonical matches source route
canalizador-fossa-septica-alijo.html,https://canalizador-norte-reparos.pt/canalizador-fossa-septica-alijo,self-ref-ok,,canonical matches source route
canalizador-fossa-septica-almendra.html,https://canalizador-norte-reparos.pt/canalizador-fossa-septica-almendra,self-ref-ok,,canonical matches source route
canalizador-fossa-septica-amarante.html,https://canalizador-norte-reparos.pt/canalizador-fossa-septica-amarante,self-ref-ok,,canonical matches source route
canalizador-fossa-septica-argozelo.html,https://canalizador-norte-reparos.pt/canalizador-fossa-septica-argozelo,self-ref-ok,,canonical matches source route
canalizador-fossa-septica-armamar.html,https://canalizador-norte-reparos.pt/canalizador-fossa-septica-armamar,self-ref-ok,,canonical matches source route
canalizador-fossa-septica-boticas.html,https://canalizador-norte-reparos.pt/canalizador-fossa-septica-boticas,self-ref-ok,,canonical matches source route
canalizador-fossa-septica-braganca.html,https://canalizador-norte-reparos.pt/canalizador-fossa-septica-braganca,self-ref-ok,,canonical matches source route
canalizador-fossa-septica-britiande.html,https://canalizador-norte-reparos.pt/canalizador-fossa-septica-britiande,self-ref-ok,,canonical matches source route
canalizador-fossa-septica-cambres.html,https://canalizador-norte-reparos.pt/canalizador-fossa-septica-cambres,self-ref-ok,,canonical matches source route
canalizador-fossa-septica-carrazeda-de-ansiaes.html,https://canalizador-norte-reparos.pt/canalizador-fossa-septica-carrazeda-de-ansiaes,self-ref-ok,,canonical matches source route
canalizador-fossa-septica-carrazedo-de-montenegro.html,https://canalizador-norte-reparos.pt/canalizador-fossa-septica-carrazedo-de-montenegro,self-ref-ok,,canonical matches source route
canalizador-fossa-septica-cedovim.html,https://canalizador-norte-reparos.pt/canalizador-fossa-septica-cedovim,self-ref-ok,,canonical matches source route
canalizador-fossa-septica-cerva.html,https://canalizador-norte-reparos.pt/canalizador-fossa-septica-cerva,self-ref-ok,,canonical matches source route
canalizador-fossa-septica-chaves.html,https://canalizador-norte-reparos.pt/canalizador-fossa-septica-chaves,self-ref-ok,,canonical matches source route
canalizador-fossa-septica-cumieira.html,https://canalizador-norte-reparos.pt/canalizador-fossa-septica-cumieira,self-ref-ok,,canonical matches source route
canalizador-fossa-septica-ervedosa-do-douro.html,https://canalizador-norte-reparos.pt/canalizador-fossa-septica-ervedosa-do-douro,self-ref-ok,,canonical matches source route
canalizador-fossa-septica-favaios.html,https://canalizador-norte-reparos.pt/canalizador-fossa-septica-favaios,self-ref-ok,,canonical matches source route
canalizador-fossa-septica-figueira-de-castelo-rodrigo.html,https://canalizador-norte-reparos.pt/canalizador-fossa-septica-figueira-de-castelo-rodrigo,self-ref-ok,,canonical matches source route
canalizador-fossa-septica-freixo-de-espada-a-cinta.html,https://canalizador-norte-reparos.pt/canalizador-fossa-septica-freixo-de-espada-a-cinta,self-ref-ok,,canonical matches source route
canalizador-fossa-septica-freixo-de-numao.html,https://canalizador-norte-reparos.pt/canalizador-fossa-septica-freixo-de-numao,self-ref-ok,,canonical matches source route
canalizador-fossa-septica-izeda.html,https://canalizador-norte-reparos.pt/canalizador-fossa-septica-izeda,self-ref-ok,,canonical matches source route
canalizador-fossa-septica-lalim.html,https://canalizador-norte-reparos.pt/canalizador-fossa-septica-lalim,self-ref-ok,,canonical matches source route
canalizador-fossa-septica-lamego.html,https://canalizador-norte-reparos.pt/canalizador-fossa-septica-lamego,self-ref-ok,,canonical matches source route
canalizador-fossa-septica-lazarim.html,https://canalizador-norte-reparos.pt/canalizador-fossa-septica-lazarim,self-ref-ok,,canonical matches source route
canalizador-fossa-septica-lixa.html,https://canalizador-norte-reparos.pt/canalizador-fossa-septica-lixa,self-ref-ok,,canonical matches source route
canalizador-fossa-septica-lordelo.html,https://canalizador-norte-reparos.pt/canalizador-fossa-septica-lordelo,self-ref-ok,,canonical matches source route
canalizador-fossa-septica-macedo-de-cavaleiros.html,https://canalizador-norte-reparos.pt/canalizador-fossa-septica-macedo-de-cavaleiros,self-ref-ok,,canonical matches source route
canalizador-fossa-septica-marco-de-canaveses.html,https://canalizador-norte-reparos.pt/canalizador-fossa-septica-marco-de-canaveses,self-ref-ok,,canonical matches source route
canalizador-fossa-septica-marialva.html,https://canalizador-norte-reparos.pt/canalizador-fossa-septica-marialva,self-ref-ok,,canonical matches source route
canalizador-fossa-septica-mesao-frio.html,https://canalizador-norte-reparos.pt/canalizador-fossa-septica-mesao-frio,self-ref-ok,,canonical matches source route
canalizador-fossa-septica-miranda-do-douro.html,https://canalizador-norte-reparos.pt/canalizador-fossa-septica-miranda-do-douro,self-ref-ok,,canonical matches source route
canalizador-fossa-septica-mirandela.html,https://canalizador-norte-reparos.pt/canalizador-fossa-septica-mirandela,self-ref-ok,,canonical matches source route
canalizador-fossa-septica-mogadouro.html,https://canalizador-norte-reparos.pt/canalizador-fossa-septica-mogadouro,self-ref-ok,,canonical matches source route
canalizador-fossa-septica-mondim-da-beira.html,https://canalizador-norte-reparos.pt/canalizador-fossa-septica-mondim-da-beira,self-ref-ok,,canonical matches source route
canalizador-fossa-septica-mondim-de-basto.html,https://canalizador-norte-reparos.pt/canalizador-fossa-septica-mondim-de-basto,self-ref-ok,,canonical matches source route
canalizador-fossa-septica-montalegre.html,https://canalizador-norte-reparos.pt/canalizador-fossa-septica-montalegre,self-ref-ok,,canonical matches source route
canalizador-fossa-septica-moucos.html,https://canalizador-norte-reparos.pt/canalizador-fossa-septica-moucos,self-ref-ok,,canonical matches source route
canalizador-fossa-septica-murca.html,https://canalizador-norte-reparos.pt/canalizador-fossa-septica-murca,self-ref-ok,,canonical matches source route
canalizador-fossa-septica-pedras-salgadas.html,https://canalizador-norte-reparos.pt/canalizador-fossa-septica-pedras-salgadas,self-ref-ok,,canonical matches source route
canalizador-fossa-septica-penedono.html,https://canalizador-norte-reparos.pt/canalizador-fossa-septica-penedono,self-ref-ok,,canonical matches source route
canalizador-fossa-septica-peso-da-regua.html,https://canalizador-norte-reparos.pt/canalizador-fossa-septica-peso-da-regua,self-ref-ok,,canonical matches source route
canalizador-fossa-septica-pinhao.html,https://canalizador-norte-reparos.pt/canalizador-fossa-septica-pinhao,self-ref-ok,,canonical matches source route
canalizador-fossa-septica-resende.html,https://canalizador-norte-reparos.pt/canalizador-fossa-septica-resende,self-ref-ok,,canonical matches source route
canalizador-fossa-septica-ribeira-de-pena.html,https://canalizador-norte-reparos.pt/canalizador-fossa-septica-ribeira-de-pena,self-ref-ok,,canonical matches source route
canalizador-fossa-septica-sabrosa.html,https://canalizador-norte-reparos.pt/canalizador-fossa-septica-sabrosa,self-ref-ok,,canonical matches source route
canalizador-fossa-septica-salzedas.html,https://canalizador-norte-reparos.pt/canalizador-fossa-septica-salzedas,self-ref-ok,,canonical matches source route
canalizador-fossa-septica-sanfins-do-douro.html,https://canalizador-norte-reparos.pt/canalizador-fossa-septica-sanfins-do-douro,self-ref-ok,,canonical matches source route
canalizador-fossa-septica-santa-marinha-do-zezere.html,https://canalizador-norte-reparos.pt/canalizador-fossa-septica-santa-marinha-do-zezere,self-ref-ok,,canonical matches source route
canalizador-fossa-septica-santa-marta-de-penaguiao.html,https://canalizador-norte-reparos.pt/canalizador-fossa-septica-santa-marta-de-penaguiao,self-ref-ok,,canonical matches source route
canalizador-fossa-septica-santo-estevao.html,https://canalizador-norte-reparos.pt/canalizador-fossa-septica-santo-estevao,self-ref-ok,,canonical matches source route
canalizador-fossa-septica-sao-cosmado.html,https://canalizador-norte-reparos.pt/canalizador-fossa-septica-sao-cosmado,self-ref-ok,,canonical matches source route
canalizador-fossa-septica-sao-joao-da-pesqueira.html,https://canalizador-norte-reparos.pt/canalizador-fossa-septica-sao-joao-da-pesqueira,self-ref-ok,,canonical matches source route
canalizador-fossa-septica-sao-joao-de-tarouca.html,https://canalizador-norte-reparos.pt/canalizador-fossa-septica-sao-joao-de-tarouca,self-ref-ok,,canonical matches source route
canalizador-fossa-septica-sao-martinho-de-anta.html,https://canalizador-norte-reparos.pt/canalizador-fossa-septica-sao-martinho-de-anta,self-ref-ok,,canonical matches source route
canalizador-fossa-septica-sao-martinho-de-mouros.html,https://canalizador-norte-reparos.pt/canalizador-fossa-septica-sao-martinho-de-mouros,self-ref-ok,,canonical matches source route
canalizador-fossa-septica-sendim.html,https://canalizador-norte-reparos.pt/canalizador-fossa-septica-sendim,self-ref-ok,,canonical matches source route
canalizador-fossa-septica-sernancelhe.html,https://canalizador-norte-reparos.pt/canalizador-fossa-septica-sernancelhe,self-ref-ok,,canonical matches source route
canalizador-fossa-septica-tabuaco.html,https://canalizador-norte-reparos.pt/canalizador-fossa-septica-tabuaco,self-ref-ok,,canonical matches source route
canalizador-fossa-septica-tarouca.html,https://canalizador-norte-reparos.pt/canalizador-fossa-septica-tarouca,self-ref-ok,,canonical matches source route
canalizador-fossa-septica-torre-de-dona-chama.html,https://canalizador-norte-reparos.pt/canalizador-fossa-septica-torre-de-dona-chama,self-ref-ok,,canonical matches source route
canalizador-fossa-septica-torre-de-moncorvo.html,https://canalizador-norte-reparos.pt/canalizador-fossa-septica-torre-de-moncorvo,self-ref-ok,,canonical matches source route
canalizador-fossa-septica-trevoes.html,https://canalizador-norte-reparos.pt/canalizador-fossa-septica-trevoes,self-ref-ok,,canonical matches source route
canalizador-fossa-septica-valdigem.html,https://canalizador-norte-reparos.pt/canalizador-fossa-septica-valdigem,self-ref-ok,,canonical matches source route
canalizador-fossa-septica-valpacos.html,https://canalizador-norte-reparos.pt/canalizador-fossa-septica-valpacos,self-ref-ok,,canonical matches source route
canalizador-fossa-septica-vern.html,https://canalizador-norte-reparos.pt/canalizador-fossa-septica-vern,self-ref-ok,,canonical matches source route
canalizador-fossa-septica-vidago.html,https://canalizador-norte-reparos.pt/canalizador-fossa-septica-vidago,self-ref-ok,,canonical matches source route
canalizador-fossa-septica-vila-flor.html,https://canalizador-norte-reparos.pt/canalizador-fossa-septica-vila-flor,self-ref-ok,,canonical matches source route
canalizador-fossa-septica-vila-franca-das-naves.html,https://canalizador-norte-reparos.pt/canalizador-fossa-septica-vila-franca-das-naves,self-ref-ok,,canonical matches source route
canalizador-fossa-septica-vila-nova-de-foz-coa.html,https://canalizador-norte-reparos.pt/canalizador-fossa-septica-vila-nova-de-foz-coa,self-ref-ok,,canonical matches source route
canalizador-fossa-septica-vila-pouca-de-aguiar.html,https://canalizador-norte-reparos.pt/canalizador-fossa-septica-vila-pouca-de-aguiar,self-ref-ok,,canonical matches source route
canalizador-fossa-septica-vila-real.html,https://canalizador-norte-reparos.pt/canalizador-fossa-septica-vila-real,self-ref-ok,,canonical matches source route
canalizador-fossa-septica-vilar-de-macada.html,https://canalizador-norte-reparos.pt/canalizador-fossa-septica-vilar-de-macada,self-ref-ok,,canonical matches source route
canalizador-fossa-septica-vilarandelo.html,https://canalizador-norte-reparos.pt/canalizador-fossa-septica-vilarandelo,self-ref-ok,,canonical matches source route
canalizador-fossa-septica-vimioso.html,https://canalizador-norte-reparos.pt/canalizador-fossa-septica-vimioso,self-ref-ok,,canonical matches source route
canalizador-fossa-septica-vinhais.html,https://canalizador-norte-reparos.pt/canalizador-fossa-septica-vinhais,self-ref-ok,,canonical matches source route
canalizador-fossa-septica-xinzo-de-limia.html,https://canalizador-norte-reparos.pt/canalizador-fossa-septica-xinzo-de-limia,self-ref-ok,,canonical matches source route
canalizador-fradizela.html,https://canalizador-norte-reparos.pt/canalizador-fradizela,self-ref-ok,,canonical matches source route
canalizador-franca.html,https://canalizador-norte-reparos.pt/canalizador-franca,self-ref-ok,,canonical matches source route
canalizador-franco.html,https://canalizador-norte-reparos.pt/canalizador-franco,self-ref-ok,,canonical matches source route
canalizador-frança.html,https://canalizador-norte-reparos.pt/canalizador-frança,self-ref-ok,,canonical matches source route
canalizador-frechas.html,https://canalizador-norte-reparos.pt/canalizador-frechas,self-ref-ok,,canonical matches source route
canalizador-freches.html,https://canalizador-norte-reparos.pt/canalizador-freches,self-ref-ok,,canonical matches source route
canalizador-fregim.html,https://canalizador-norte-reparos.pt/canalizador-fregim,self-ref-ok,,canonical matches source route
canalizador-freixeda-do-torrao.html,https://canalizador-norte-reparos.pt/canalizador-freixeda-do-torrao,self-ref-ok,,canonical matches source route
canalizador-freixeda-do-torrão.html,https://canalizador-norte-reparos.pt/canalizador-freixeda-do-torrão,self-ref-ok,,canonical matches source route
canalizador-freixeda.html,https://canalizador-norte-reparos.pt/canalizador-freixeda,self-ref-ok,,canonical matches source route
canalizador-freixedas.html,https://canalizador-norte-reparos.pt/canalizador-freixedas,self-ref-ok,,canonical matches source route
canalizador-freixedinha.html,https://canalizador-norte-reparos.pt/canalizador-freixedinha,self-ref-ok,,canonical matches source route
canalizador-freixial.html,https://canalizador-norte-reparos.pt/canalizador-freixial,self-ref-ok,,canonical matches source route
canalizador-freixiel.html,https://canalizador-norte-reparos.pt/canalizador-freixiel,self-ref-ok,,canonical matches source route
canalizador-freixo-de-baixo.html,https://canalizador-norte-reparos.pt/canalizador-freixo-de-baixo,self-ref-ok,,canonical matches source route
canalizador-freixo-de-cima.html,https://canalizador-norte-reparos.pt/canalizador-freixo-de-cima,self-ref-ok,,canonical matches source route
canalizador-freixo-de-espada-a-cinta.html,https://canalizador-norte-reparos.pt/canalizador-freixo-de-espada-a-cinta,self-ref-ok,,canonical matches source route
canalizador-freixo-de-espada-à-cinta.html,https://canalizador-norte-reparos.pt/canalizador-freixo-de-espada-à-cinta,self-ref-ok,,canonical matches source route
canalizador-freixo-de-numao.html,https://canalizador-norte-reparos.pt/canalizador-freixo-de-numao,self-ref-ok,,canonical matches source route
canalizador-freixo-de-numão.html,https://canalizador-norte-reparos.pt/canalizador-freixo-de-numão,self-ref-ok,,canonical matches source route
canalizador-frende.html,https://canalizador-norte-reparos.pt/canalizador-frende,self-ref-ok,,canonical matches source route
canalizador-fresulfe.html,https://canalizador-norte-reparos.pt/canalizador-fresulfe,self-ref-ok,,canonical matches source route
canalizador-fridao.html,https://canalizador-norte-reparos.pt/canalizador-fridao,self-ref-ok,,canonical matches source route
canalizador-frieira.html,https://canalizador-norte-reparos.pt/canalizador-frieira,self-ref-ok,,canonical matches source route
canalizador-frioes.html,https://canalizador-norte-reparos.pt/canalizador-frioes,self-ref-ok,,canonical matches source route
canalizador-friões.html,https://canalizador-norte-reparos.pt/canalizador-friões,self-ref-ok,,canonical matches source route
canalizador-fuga-agua-alfandega-da-fe.html,https://canalizador-norte-reparos.pt/canalizador-fuga-agua-alfandega-da-fe,self-ref-ok,,canonical matches source route
canalizador-fuga-agua-alijo.html,https://canalizador-norte-reparos.pt/canalizador-fuga-agua-alijo,self-ref-ok,,canonical matches source route
canalizador-fuga-agua-almendra.html,https://canalizador-norte-reparos.pt/canalizador-fuga-agua-almendra,self-ref-ok,,canonical matches source route
canalizador-fuga-agua-amarante.html,https://canalizador-norte-reparos.pt/canalizador-fuga-agua-amarante,self-ref-ok,,canonical matches source route
canalizador-fuga-agua-argozelo.html,https://canalizador-norte-reparos.pt/canalizador-fuga-agua-argozelo,self-ref-ok,,canonical matches source route
canalizador-fuga-agua-armamar.html,https://canalizador-norte-reparos.pt/canalizador-fuga-agua-armamar,self-ref-ok,,canonical matches source route
canalizador-fuga-agua-boticas.html,https://canalizador-norte-reparos.pt/canalizador-fuga-agua-boticas,self-ref-ok,,canonical matches source route
canalizador-fuga-agua-braganca.html,https://canalizador-norte-reparos.pt/canalizador-fuga-agua-braganca,self-ref-ok,,canonical matches source route
canalizador-fuga-agua-britiande.html,https://canalizador-norte-reparos.pt/canalizador-fuga-agua-britiande,self-ref-ok,,canonical matches source route
canalizador-fuga-agua-cambres.html,https://canalizador-norte-reparos.pt/canalizador-fuga-agua-cambres,self-ref-ok,,canonical matches source route
canalizador-fuga-agua-carrazeda-de-ansiaes.html,https://canalizador-norte-reparos.pt/canalizador-fuga-agua-carrazeda-de-ansiaes,self-ref-ok,,canonical matches source route
canalizador-fuga-agua-carrazedo-de-montenegro.html,https://canalizador-norte-reparos.pt/canalizador-fuga-agua-carrazedo-de-montenegro,self-ref-ok,,canonical matches source route
canalizador-fuga-agua-cedovim.html,https://canalizador-norte-reparos.pt/canalizador-fuga-agua-cedovim,self-ref-ok,,canonical matches source route
canalizador-fuga-agua-cerva.html,https://canalizador-norte-reparos.pt/canalizador-fuga-agua-cerva,self-ref-ok,,canonical matches source route
canalizador-fuga-agua-chaves.html,https://canalizador-norte-reparos.pt/canalizador-fuga-agua-chaves,self-ref-ok,,canonical matches source route
canalizador-fuga-agua-cumieira.html,https://canalizador-norte-reparos.pt/canalizador-fuga-agua-cumieira,self-ref-ok,,canonical matches source route
canalizador-fuga-agua-ervedosa-do-douro.html,https://canalizador-norte-reparos.pt/canalizador-fuga-agua-ervedosa-do-douro,self-ref-ok,,canonical matches source route
canalizador-fuga-agua-favaios.html,https://canalizador-norte-reparos.pt/canalizador-fuga-agua-favaios,self-ref-ok,,canonical matches source route
canalizador-fuga-agua-figueira-de-castelo-rodrigo.html,https://canalizador-norte-reparos.pt/canalizador-fuga-agua-figueira-de-castelo-rodrigo,self-ref-ok,,canonical matches source route
canalizador-fuga-agua-freixo-de-espada-a-cinta.html,https://canalizador-norte-reparos.pt/canalizador-fuga-agua-freixo-de-espada-a-cinta,self-ref-ok,,canonical matches source route
canalizador-fuga-agua-freixo-de-numao.html,https://canalizador-norte-reparos.pt/canalizador-fuga-agua-freixo-de-numao,self-ref-ok,,canonical matches source route
canalizador-fuga-agua-izeda.html,https://canalizador-norte-reparos.pt/canalizador-fuga-agua-izeda,self-ref-ok,,canonical matches source route
canalizador-fuga-agua-lalim.html,https://canalizador-norte-reparos.pt/canalizador-fuga-agua-lalim,self-ref-ok,,canonical matches source route
canalizador-fuga-agua-lamego.html,https://canalizador-norte-reparos.pt/canalizador-fuga-agua-lamego,self-ref-ok,,canonical matches source route
canalizador-fuga-agua-lazarim.html,https://canalizador-norte-reparos.pt/canalizador-fuga-agua-lazarim,self-ref-ok,,canonical matches source route
canalizador-fuga-agua-lixa.html,https://canalizador-norte-reparos.pt/canalizador-fuga-agua-lixa,self-ref-ok,,canonical matches source route
canalizador-fuga-agua-lordelo.html,https://canalizador-norte-reparos.pt/canalizador-fuga-agua-lordelo,self-ref-ok,,canonical matches source route
canalizador-fuga-agua-macedo-de-cavaleiros.html,https://canalizador-norte-reparos.pt/canalizador-fuga-agua-macedo-de-cavaleiros,self-ref-ok,,canonical matches source route
canalizador-fuga-agua-marco-de-canaveses.html,https://canalizador-norte-reparos.pt/canalizador-fuga-agua-marco-de-canaveses,self-ref-ok,,canonical matches source route
canalizador-fuga-agua-marialva.html,https://canalizador-norte-reparos.pt/canalizador-fuga-agua-marialva,self-ref-ok,,canonical matches source route
canalizador-fuga-agua-mesao-frio.html,https://canalizador-norte-reparos.pt/canalizador-fuga-agua-mesao-frio,self-ref-ok,,canonical matches source route
canalizador-fuga-agua-miranda-do-douro.html,https://canalizador-norte-reparos.pt/canalizador-fuga-agua-miranda-do-douro,self-ref-ok,,canonical matches source route
canalizador-fuga-agua-mirandela.html,https://canalizador-norte-reparos.pt/canalizador-fuga-agua-mirandela,self-ref-ok,,canonical matches source route
canalizador-fuga-agua-mogadouro.html,https://canalizador-norte-reparos.pt/canalizador-fuga-agua-mogadouro,self-ref-ok,,canonical matches source route
canalizador-fuga-agua-mondim-da-beira.html,https://canalizador-norte-reparos.pt/canalizador-fuga-agua-mondim-da-beira,self-ref-ok,,canonical matches source route
canalizador-fuga-agua-mondim-de-basto.html,https://canalizador-norte-reparos.pt/canalizador-fuga-agua-mondim-de-basto,self-ref-ok,,canonical matches source route
canalizador-fuga-agua-montalegre.html,https://canalizador-norte-reparos.pt/canalizador-fuga-agua-montalegre,self-ref-ok,,canonical matches source route
canalizador-fuga-agua-moucos.html,https://canalizador-norte-reparos.pt/canalizador-fuga-agua-moucos,self-ref-ok,,canonical matches source route
canalizador-fuga-agua-murca.html,https://canalizador-norte-reparos.pt/canalizador-fuga-agua-murca,self-ref-ok,,canonical matches source route
canalizador-fuga-agua-pedras-salgadas.html,https://canalizador-norte-reparos.pt/canalizador-fuga-agua-pedras-salgadas,self-ref-ok,,canonical matches source route
canalizador-fuga-agua-penedono.html,https://canalizador-norte-reparos.pt/canalizador-fuga-agua-penedono,self-ref-ok,,canonical matches source route
canalizador-fuga-agua-peso-da-regua.html,https://canalizador-norte-reparos.pt/canalizador-fuga-agua-peso-da-regua,self-ref-ok,,canonical matches source route
canalizador-fuga-agua-pinhao.html,https://canalizador-norte-reparos.pt/canalizador-fuga-agua-pinhao,self-ref-ok,,canonical matches source route
canalizador-fuga-agua-resende.html,https://canalizador-norte-reparos.pt/canalizador-fuga-agua-resende,self-ref-ok,,canonical matches source route
canalizador-fuga-agua-ribeira-de-pena.html,https://canalizador-norte-reparos.pt/canalizador-fuga-agua-ribeira-de-pena,self-ref-ok,,canonical matches source route
canalizador-fuga-agua-sabrosa.html,https://canalizador-norte-reparos.pt/canalizador-fuga-agua-sabrosa,self-ref-ok,,canonical matches source route
canalizador-fuga-agua-salzedas.html,https://canalizador-norte-reparos.pt/canalizador-fuga-agua-salzedas,self-ref-ok,,canonical matches source route
canalizador-fuga-agua-sanfins-do-douro.html,https://canalizador-norte-reparos.pt/canalizador-fuga-agua-sanfins-do-douro,self-ref-ok,,canonical matches source route
canalizador-fuga-agua-santa-marinha-do-zezere.html,https://canalizador-norte-reparos.pt/canalizador-fuga-agua-santa-marinha-do-zezere,self-ref-ok,,canonical matches source route
canalizador-fuga-agua-santa-marta-de-penaguiao.html,https://canalizador-norte-reparos.pt/canalizador-fuga-agua-santa-marta-de-penaguiao,self-ref-ok,,canonical matches source route
canalizador-fuga-agua-santo-estevao.html,https://canalizador-norte-reparos.pt/canalizador-fuga-agua-santo-estevao,self-ref-ok,,canonical matches source route
canalizador-fuga-agua-sao-cosmado.html,https://canalizador-norte-reparos.pt/canalizador-fuga-agua-sao-cosmado,self-ref-ok,,canonical matches source route
canalizador-fuga-agua-sao-joao-da-pesqueira.html,https://canalizador-norte-reparos.pt/canalizador-fuga-agua-sao-joao-da-pesqueira,self-ref-ok,,canonical matches source route
canalizador-fuga-agua-sao-joao-de-tarouca.html,https://canalizador-norte-reparos.pt/canalizador-fuga-agua-sao-joao-de-tarouca,self-ref-ok,,canonical matches source route
canalizador-fuga-agua-sao-martinho-de-anta.html,https://canalizador-norte-reparos.pt/canalizador-fuga-agua-sao-martinho-de-anta,self-ref-ok,,canonical matches source route
canalizador-fuga-agua-sao-martinho-de-mouros.html,https://canalizador-norte-reparos.pt/canalizador-fuga-agua-sao-martinho-de-mouros,self-ref-ok,,canonical matches source route
canalizador-fuga-agua-sendim.html,https://canalizador-norte-reparos.pt/canalizador-fuga-agua-sendim,self-ref-ok,,canonical matches source route
canalizador-fuga-agua-sernancelhe.html,https://canalizador-norte-reparos.pt/canalizador-fuga-agua-sernancelhe,self-ref-ok,,canonical matches source route
canalizador-fuga-agua-tabuaco.html,https://canalizador-norte-reparos.pt/canalizador-fuga-agua-tabuaco,self-ref-ok,,canonical matches source route
canalizador-fuga-agua-tarouca.html,https://canalizador-norte-reparos.pt/canalizador-fuga-agua-tarouca,self-ref-ok,,canonical matches source route
canalizador-fuga-agua-torre-de-dona-chama.html,https://canalizador-norte-reparos.pt/canalizador-fuga-agua-torre-de-dona-chama,self-ref-ok,,canonical matches source route
canalizador-fuga-agua-torre-de-moncorvo.html,https://canalizador-norte-reparos.pt/canalizador-fuga-agua-torre-de-moncorvo,self-ref-ok,,canonical matches source route
canalizador-fuga-agua-trevoes.html,https://canalizador-norte-reparos.pt/canalizador-fuga-agua-trevoes,self-ref-ok,,canonical matches source route
canalizador-fuga-agua-valdigem.html,https://canalizador-norte-reparos.pt/canalizador-fuga-agua-valdigem,self-ref-ok,,canonical matches source route
canalizador-fuga-agua-valpacos.html,https://canalizador-norte-reparos.pt/canalizador-fuga-agua-valpacos,self-ref-ok,,canonical matches source route
canalizador-fuga-agua-vern.html,https://canalizador-norte-reparos.pt/canalizador-fuga-agua-vern,self-ref-ok,,canonical matches source route
canalizador-fuga-agua-vidago.html,https://canalizador-norte-reparos.pt/canalizador-fuga-agua-vidago,self-ref-ok,,canonical matches source route
canalizador-fuga-agua-vila-flor.html,https://canalizador-norte-reparos.pt/canalizador-fuga-agua-vila-flor,self-ref-ok,,canonical matches source route
canalizador-fuga-agua-vila-franca-das-naves.html,https://canalizador-norte-reparos.pt/canalizador-fuga-agua-vila-franca-das-naves,self-ref-ok,,canonical matches source route
canalizador-fuga-agua-vila-nova-de-foz-coa.html,https://canalizador-norte-reparos.pt/canalizador-fuga-agua-vila-nova-de-foz-coa,self-ref-ok,,canonical matches source route
canalizador-fuga-agua-vila-pouca-de-aguiar.html,https://canalizador-norte-reparos.pt/canalizador-fuga-agua-vila-pouca-de-aguiar,self-ref-ok,,canonical matches source route
canalizador-fuga-agua-vila-real.html,https://canalizador-norte-reparos.pt/canalizador-fuga-agua-vila-real,self-ref-ok,,canonical matches source route
canalizador-fuga-agua-vilar-de-macada.html,https://canalizador-norte-reparos.pt/canalizador-fuga-agua-vilar-de-macada,self-ref-ok,,canonical matches source route
canalizador-fuga-agua-vilarandelo.html,https://canalizador-norte-reparos.pt/canalizador-fuga-agua-vilarandelo,self-ref-ok,,canonical matches source route
canalizador-fuga-agua-vimioso.html,https://canalizador-norte-reparos.pt/canalizador-fuga-agua-vimioso,self-ref-ok,,canonical matches source route
canalizador-fuga-agua-vinhais.html,https://canalizador-norte-reparos.pt/canalizador-fuga-agua-vinhais,self-ref-ok,,canonical matches source route
canalizador-fuga-agua-xinzo-de-limia.html,https://canalizador-norte-reparos.pt/canalizador-fuga-agua-xinzo-de-limia,self-ref-ok,,canonical matches source route
canalizador-fuinhas.html,https://canalizador-norte-reparos.pt/canalizador-fuinhas,self-ref-ok,,canonical matches source route
canalizador-galafura.html,https://canalizador-norte-reparos.pt/canalizador-galafura,self-ref-ok,,canonical matches source route
canalizador-gallegos-del-ro.html,https://canalizador-norte-reparos.pt/canalizador-gallegos-del-ro,self-ref-ok,,canonical matches source route
canalizador-gandaricas.html,https://canalizador-norte-reparos.pt/canalizador-gandaricas,self-ref-ok,,canonical matches source route
canalizador-gandariças.html,https://canalizador-norte-reparos.pt/canalizador-gandariças,self-ref-ok,,canonical matches source route
canalizador-gatao.html,https://canalizador-norte-reparos.pt/canalizador-gatao,self-ref-ok,,canonical matches source route
canalizador-gateira.html,https://canalizador-norte-reparos.pt/canalizador-gateira,self-ref-ok,,canonical matches source route
canalizador-gebelim.html,https://canalizador-norte-reparos.pt/canalizador-gebelim,self-ref-ok,,canonical matches source route
canalizador-genisio.html,https://canalizador-norte-reparos.pt/canalizador-genisio,self-ref-ok,,canonical matches source route
canalizador-gensio.html,https://canalizador-norte-reparos.pt/canalizador-gensio,self-ref-ok,,canonical matches source route
canalizador-genísio.html,https://canalizador-norte-reparos.pt/canalizador-genísio,self-ref-ok,,canonical matches source route
canalizador-gestaco.html,https://canalizador-norte-reparos.pt/canalizador-gestaco,self-ref-ok,,canonical matches source route
canalizador-gimonde.html,https://canalizador-norte-reparos.pt/canalizador-gimonde,self-ref-ok,,canonical matches source route
canalizador-godim.html,https://canalizador-norte-reparos.pt/canalizador-godim,self-ref-ok,,canonical matches source route
canalizador-gondesende.html,https://canalizador-norte-reparos.pt/canalizador-gondesende,self-ref-ok,,canonical matches source route
canalizador-gorgoco.html,https://canalizador-norte-reparos.pt/canalizador-gorgoco,self-ref-ok,,canonical matches source route
canalizador-gorgoço.html,https://canalizador-norte-reparos.pt/canalizador-gorgoço,self-ref-ok,,canonical matches source route
canalizador-gosende.html,https://canalizador-norte-reparos.pt/canalizador-gosende,self-ref-ok,,canonical matches source route
canalizador-gostei.html,https://canalizador-norte-reparos.pt/canalizador-gostei,self-ref-ok,,canonical matches source route
canalizador-goujoim.html,https://canalizador-norte-reparos.pt/canalizador-goujoim,self-ref-ok,,canonical matches source route
canalizador-gouvaes-da-serra.html,https://canalizador-norte-reparos.pt/canalizador-gouvaes-da-serra,self-ref-ok,,canonical matches source route
canalizador-gouvaes-do-douro.html,https://canalizador-norte-reparos.pt/canalizador-gouvaes-do-douro,self-ref-ok,,canonical matches source route
canalizador-gouviaes.html,https://canalizador-norte-reparos.pt/canalizador-gouviaes,self-ref-ok,,canonical matches source route
canalizador-gouvinhas.html,https://canalizador-norte-reparos.pt/canalizador-gouvinhas,self-ref-ok,,canonical matches source route
canalizador-gouvães-da-serra.html,https://canalizador-norte-reparos.pt/canalizador-gouvães-da-serra,self-ref-ok,,canonical matches source route
canalizador-gouvães-do-douro.html,https://canalizador-norte-reparos.pt/canalizador-gouvães-do-douro,self-ref-ok,,canonical matches source route
canalizador-gradissimo.html,https://canalizador-norte-reparos.pt/canalizador-gradissimo,self-ref-ok,,canonical matches source route
canalizador-gradiz.html,https://canalizador-norte-reparos.pt/canalizador-gradiz,self-ref-ok,,canonical matches source route
canalizador-gradssimo.html,https://canalizador-norte-reparos.pt/canalizador-gradssimo,self-ref-ok,,canonical matches source route
canalizador-gradíssimo.html,https://canalizador-norte-reparos.pt/canalizador-gradíssimo,self-ref-ok,,canonical matches source route
canalizador-gralhas.html,https://canalizador-norte-reparos.pt/canalizador-gralhas,self-ref-ok,,canonical matches source route
canalizador-gralhos.html,https://canalizador-norte-reparos.pt/canalizador-gralhos,self-ref-ok,,canonical matches source route
canalizador-gralhós.html,https://canalizador-norte-reparos.pt/canalizador-gralhós,self-ref-ok,,canonical matches source route
canalizador-granja-do-tedo.html,https://canalizador-norte-reparos.pt/canalizador-granja-do-tedo,self-ref-ok,,canonical matches source route
canalizador-grijo-de-parada.html,https://canalizador-norte-reparos.pt/canalizador-grijo-de-parada,self-ref-ok,,canonical matches source route
canalizador-grijo.html,https://canalizador-norte-reparos.pt/canalizador-grijo,self-ref-ok,,canonical matches source route
canalizador-grijó-de-parada.html,https://canalizador-norte-reparos.pt/canalizador-grijó-de-parada,self-ref-ok,,canonical matches source route
canalizador-grijó.html,https://canalizador-norte-reparos.pt/canalizador-grijó,self-ref-ok,,canonical matches source route
canalizador-guiaes.html,https://canalizador-norte-reparos.pt/canalizador-guiaes,self-ref-ok,,canonical matches source route
canalizador-guide.html,https://canalizador-norte-reparos.pt/canalizador-guide,self-ref-ok,,canonical matches source route
canalizador-guilheiro.html,https://canalizador-norte-reparos.pt/canalizador-guilheiro,self-ref-ok,,canonical matches source route
canalizador-guiães.html,https://canalizador-norte-reparos.pt/canalizador-guiães,self-ref-ok,,canonical matches source route
canalizador-horta-da-vilarica.html,https://canalizador-norte-reparos.pt/canalizador-horta-da-vilarica,self-ref-ok,,canonical matches source route
canalizador-horta-da-vilariça.html,https://canalizador-norte-reparos.pt/canalizador-horta-da-vilariça,self-ref-ok,,canonical matches source route
canalizador-horta.html,https://canalizador-norte-reparos.pt/canalizador-horta,self-ref-ok,,canonical matches source route
canalizador-ifanes.html,https://canalizador-norte-reparos.pt/canalizador-ifanes,self-ref-ok,,canonical matches source route
canalizador-izeda.html,https://canalizador-norte-reparos.pt/canalizador-izeda,self-ref-ok,,canonical matches source route
canalizador-jazente.html,https://canalizador-norte-reparos.pt/canalizador-jazente,self-ref-ok,,canonical matches source route
canalizador-jerusalem-do-romeu.html,https://canalizador-norte-reparos.pt/canalizador-jerusalem-do-romeu,self-ref-ok,,canonical matches source route
canalizador-jerusalém-do-romeu.html,https://canalizador-norte-reparos.pt/canalizador-jerusalém-do-romeu,self-ref-ok,,canonical matches source route
canalizador-jou.html,https://canalizador-norte-reparos.pt/canalizador-jou,self-ref-ok,,canonical matches source route
canalizador-junca.html,https://canalizador-norte-reparos.pt/canalizador-junca,self-ref-ok,,canonical matches source route
canalizador-junqueira.html,https://canalizador-norte-reparos.pt/canalizador-junqueira,self-ref-ok,,canonical matches source route
canalizador-justes.html,https://canalizador-norte-reparos.pt/canalizador-justes,self-ref-ok,,canonical matches source route
canalizador-lagoa.html,https://canalizador-norte-reparos.pt/canalizador-lagoa,self-ref-ok,,canonical matches source route
canalizador-lagoaca.html,https://canalizador-norte-reparos.pt/canalizador-lagoaca,self-ref-ok,,canonical matches source route
canalizador-lagoaça.html,https://canalizador-norte-reparos.pt/canalizador-lagoaça,self-ref-ok,,canonical matches source route
canalizador-lajeosa-do-mondego.html,https://canalizador-norte-reparos.pt/canalizador-lajeosa-do-mondego,self-ref-ok,,canonical matches source route
canalizador-lalim.html,https://canalizador-norte-reparos.pt/canalizador-lalim,self-ref-ok,,canonical matches source route
canalizador-lama-de-arcos.html,https://canalizador-norte-reparos.pt/canalizador-lama-de-arcos,self-ref-ok,,canonical matches source route
canalizador-lamalonga.html,https://canalizador-norte-reparos.pt/canalizador-lamalonga,self-ref-ok,,canonical matches source route
canalizador-lamares.html,https://canalizador-norte-reparos.pt/canalizador-lamares,self-ref-ok,,canonical matches source route
canalizador-lamas-de-cavalo.html,https://canalizador-norte-reparos.pt/canalizador-lamas-de-cavalo,self-ref-ok,,canonical matches source route
canalizador-lamas-de-olo.html,https://canalizador-norte-reparos.pt/canalizador-lamas-de-olo,self-ref-ok,,canonical matches source route
canalizador-lamas-de-orelhao.html,https://canalizador-norte-reparos.pt/canalizador-lamas-de-orelhao,self-ref-ok,,canonical matches source route
canalizador-lamas-de-orelhão.html,https://canalizador-norte-reparos.pt/canalizador-lamas-de-orelhão,self-ref-ok,,canonical matches source route
canalizador-lamas.html,https://canalizador-norte-reparos.pt/canalizador-lamas,self-ref-ok,,canonical matches source route
canalizador-lamego.html,https://canalizador-norte-reparos.pt/canalizador-lamego,self-ref-ok,,canonical matches source route
canalizador-lancao.html,https://canalizador-norte-reparos.pt/canalizador-lancao,self-ref-ok,,canonical matches source route
canalizador-lanção.html,https://canalizador-norte-reparos.pt/canalizador-lanção,self-ref-ok,,canonical matches source route
canalizador-larinho.html,https://canalizador-norte-reparos.pt/canalizador-larinho,self-ref-ok,,canonical matches source route
canalizador-lavandeira.html,https://canalizador-norte-reparos.pt/canalizador-lavandeira,self-ref-ok,,canonical matches source route
canalizador-lazarim.html,https://canalizador-norte-reparos.pt/canalizador-lazarim,self-ref-ok,,canonical matches source route
canalizador-lebucao.html,https://canalizador-norte-reparos.pt/canalizador-lebucao,self-ref-ok,,canonical matches source route
canalizador-lebução.html,https://canalizador-norte-reparos.pt/canalizador-lebução,self-ref-ok,,canonical matches source route
canalizador-legoinha.html,https://canalizador-norte-reparos.pt/canalizador-legoinha,self-ref-ok,,canonical matches source route
canalizador-ligares.html,https://canalizador-norte-reparos.pt/canalizador-ligares,self-ref-ok,,canonical matches source route
canalizador-lilela.html,https://canalizador-norte-reparos.pt/canalizador-lilela,self-ref-ok,,canonical matches source route
canalizador-limaos.html,https://canalizador-norte-reparos.pt/canalizador-limaos,self-ref-ok,,canonical matches source route
canalizador-limoes.html,https://canalizador-norte-reparos.pt/canalizador-limoes,self-ref-ok,,canonical matches source route
canalizador-limãos.html,https://canalizador-norte-reparos.pt/canalizador-limãos,self-ref-ok,,canonical matches source route
canalizador-limões.html,https://canalizador-norte-reparos.pt/canalizador-limões,self-ref-ok,,canonical matches source route
canalizador-linhares.html,https://canalizador-norte-reparos.pt/canalizador-linhares,self-ref-ok,,canonical matches source route
canalizador-lixa-do-alvao.html,https://canalizador-norte-reparos.pt/canalizador-lixa-do-alvao,self-ref-ok,,canonical matches source route
canalizador-lixa-do-alvão.html,https://canalizador-norte-reparos.pt/canalizador-lixa-do-alvão,self-ref-ok,,canonical matches source route
canalizador-lixa.html,https://canalizador-norte-reparos.pt/canalizador-lixa,self-ref-ok,,canonical matches source route
canalizador-lodoes.html,https://canalizador-norte-reparos.pt/canalizador-lodoes,self-ref-ok,,canonical matches source route
canalizador-lodões.html,https://canalizador-norte-reparos.pt/canalizador-lodões,self-ref-ok,,canonical matches source route
canalizador-loivos-da-ribeira.html,https://canalizador-norte-reparos.pt/canalizador-loivos-da-ribeira,self-ref-ok,,canonical matches source route
canalizador-loivos-do-monte.html,https://canalizador-norte-reparos.pt/canalizador-loivos-do-monte,self-ref-ok,,canonical matches source route
canalizador-loivos.html,https://canalizador-norte-reparos.pt/canalizador-loivos,self-ref-ok,,canonical matches source route
canalizador-lombo.html,https://canalizador-norte-reparos.pt/canalizador-lombo,self-ref-ok,,canonical matches source route
canalizador-longa.html,https://canalizador-norte-reparos.pt/canalizador-longa,self-ref-ok,,canonical matches source route
canalizador-longroiva.html,https://canalizador-norte-reparos.pt/canalizador-longroiva,self-ref-ok,,canonical matches source route
canalizador-lordelo.html,https://canalizador-norte-reparos.pt/canalizador-lordelo,self-ref-ok,,canonical matches source route
canalizador-louredo.html,https://canalizador-norte-reparos.pt/canalizador-louredo,self-ref-ok,,canonical matches source route
canalizador-lousa.html,https://canalizador-norte-reparos.pt/canalizador-lousa,self-ref-ok,,canonical matches source route
canalizador-lufrei.html,https://canalizador-norte-reparos.pt/canalizador-lufrei,self-ref-ok,,canonical matches source route
canalizador-macal-do-chao.html,https://canalizador-norte-reparos.pt/canalizador-macal-do-chao,self-ref-ok,,canonical matches source route
canalizador-macedinho.html,https://canalizador-norte-reparos.pt/canalizador-macedinho,self-ref-ok,,canonical matches source route
canalizador-macedo-de-cavaleiros.html,https://canalizador-norte-reparos.pt/canalizador-macedo-de-cavaleiros,self-ref-ok,,canonical matches source route
canalizador-macedo-do-mato.html,https://canalizador-norte-reparos.pt/canalizador-macedo-do-mato,self-ref-ok,,canonical matches source route
canalizador-macedo-do-peso.html,https://canalizador-norte-reparos.pt/canalizador-macedo-do-peso,self-ref-ok,,canonical matches source route
canalizador-maceira.html,https://canalizador-norte-reparos.pt/canalizador-maceira,self-ref-ok,,canonical matches source route
canalizador-macores.html,https://canalizador-norte-reparos.pt/canalizador-macores,self-ref-ok,,canonical matches source route
canalizador-madalena.html,https://canalizador-norte-reparos.pt/canalizador-madalena,self-ref-ok,,canonical matches source route
canalizador-magueija.html,https://canalizador-norte-reparos.pt/canalizador-magueija,self-ref-ok,,canonical matches source route
canalizador-mairos.html,https://canalizador-norte-reparos.pt/canalizador-mairos,self-ref-ok,,canonical matches source route
canalizador-malhadas.html,https://canalizador-norte-reparos.pt/canalizador-malhadas,self-ref-ok,,canonical matches source route
canalizador-malta.html,https://canalizador-norte-reparos.pt/canalizador-malta,self-ref-ok,,canonical matches source route
canalizador-mancelos.html,https://canalizador-norte-reparos.pt/canalizador-mancelos,self-ref-ok,,canonical matches source route
canalizador-manigoto.html,https://canalizador-norte-reparos.pt/canalizador-manigoto,self-ref-ok,,canonical matches source route
canalizador-marco-de-canaveses.html,https://canalizador-norte-reparos.pt/canalizador-marco-de-canaveses,self-ref-ok,,canonical matches source route
canalizador-marialva.html,https://canalizador-norte-reparos.pt/canalizador-marialva,self-ref-ok,,canonical matches source route
canalizador-marmelos.html,https://canalizador-norte-reparos.pt/canalizador-marmelos,self-ref-ok,,canonical matches source route
canalizador-martim.html,https://canalizador-norte-reparos.pt/canalizador-martim,self-ref-ok,,canonical matches source route
canalizador-marzagao.html,https://canalizador-norte-reparos.pt/canalizador-marzagao,self-ref-ok,,canonical matches source route
canalizador-marzagão.html,https://canalizador-norte-reparos.pt/canalizador-marzagão,self-ref-ok,,canonical matches source route
canalizador-mascarenhas.html,https://canalizador-norte-reparos.pt/canalizador-mascarenhas,self-ref-ok,,canonical matches source route
canalizador-mata-de-lobos.html,https://canalizador-norte-reparos.pt/canalizador-mata-de-lobos,self-ref-ok,,canonical matches source route
canalizador-matela.html,https://canalizador-norte-reparos.pt/canalizador-matela,self-ref-ok,,canonical matches source route
canalizador-mateus.html,https://canalizador-norte-reparos.pt/canalizador-mateus,self-ref-ok,,canonical matches source route
canalizador-mazouco.html,https://canalizador-norte-reparos.pt/canalizador-mazouco,self-ref-ok,,canonical matches source route
canalizador-maçores.html,https://canalizador-norte-reparos.pt/canalizador-maçores,self-ref-ok,,canonical matches source route
canalizador-medroes.html,https://canalizador-norte-reparos.pt/canalizador-medroes,self-ref-ok,,canonical matches source route
canalizador-meijinhos.html,https://canalizador-norte-reparos.pt/canalizador-meijinhos,self-ref-ok,,canonical matches source route
canalizador-meireles.html,https://canalizador-norte-reparos.pt/canalizador-meireles,self-ref-ok,,canonical matches source route
canalizador-meirinhos.html,https://canalizador-norte-reparos.pt/canalizador-meirinhos,self-ref-ok,,canonical matches source route
canalizador-meixedo.html,https://canalizador-norte-reparos.pt/canalizador-meixedo,self-ref-ok,,canonical matches source route
canalizador-meixide.html,https://canalizador-norte-reparos.pt/canalizador-meixide,self-ref-ok,,canonical matches source route
canalizador-melcoes.html,https://canalizador-norte-reparos.pt/canalizador-melcoes,self-ref-ok,,canonical matches source route
canalizador-meles.html,https://canalizador-norte-reparos.pt/canalizador-meles,self-ref-ok,,canonical matches source route
canalizador-melhe.html,https://canalizador-norte-reparos.pt/canalizador-melhe,self-ref-ok,,canonical matches source route
canalizador-mesao-frio.html,https://canalizador-norte-reparos.pt/canalizador-mesao-frio,self-ref-ok,,canonical matches source route
canalizador-mezio.html,https://canalizador-norte-reparos.pt/canalizador-mezio,self-ref-ok,,canonical matches source route
canalizador-milhao.html,https://canalizador-norte-reparos.pt/canalizador-milhao,self-ref-ok,,canonical matches source route
canalizador-milhão.html,https://canalizador-norte-reparos.pt/canalizador-milhão,self-ref-ok,,canonical matches source route
canalizador-minas-da-ervedosa.html,https://canalizador-norte-reparos.pt/canalizador-minas-da-ervedosa,self-ref-ok,,canonical matches source route
canalizador-minhocal.html,https://canalizador-norte-reparos.pt/canalizador-minhocal,self-ref-ok,,canonical matches source route
canalizador-miradezes.html,https://canalizador-norte-reparos.pt/canalizador-miradezes,self-ref-ok,,canonical matches source route
canalizador-miranda-do-douro.html,https://canalizador-norte-reparos.pt/canalizador-miranda-do-douro,self-ref-ok,,canonical matches source route
canalizador-mirandela.html,https://canalizador-norte-reparos.pt/canalizador-mirandela,self-ref-ok,,canonical matches source route
canalizador-mofreita.html,https://canalizador-norte-reparos.pt/canalizador-mofreita,self-ref-ok,,canonical matches source route
canalizador-mogadouro.html,https://canalizador-norte-reparos.pt/canalizador-mogadouro,self-ref-ok,,canonical matches source route
canalizador-mogo-da-malta.html,https://canalizador-norte-reparos.pt/canalizador-mogo-da-malta,self-ref-ok,,canonical matches source route
canalizador-mograo.html,https://canalizador-norte-reparos.pt/canalizador-mograo,self-ref-ok,,canonical matches source route
canalizador-mogrão.html,https://canalizador-norte-reparos.pt/canalizador-mogrão,self-ref-ok,,canonical matches source route
canalizador-moimenta.html,https://canalizador-norte-reparos.pt/canalizador-moimenta,self-ref-ok,,canonical matches source route
canalizador-mondim-da-beira.html,https://canalizador-norte-reparos.pt/canalizador-mondim-da-beira,self-ref-ok,,canonical matches source route
canalizador-mondim-de-basto.html,https://canalizador-norte-reparos.pt/canalizador-mondim-de-basto,self-ref-ok,,canonical matches source route
canalizador-mondroes.html,https://canalizador-norte-reparos.pt/canalizador-mondroes,self-ref-ok,,canonical matches source route
canalizador-mondrões.html,https://canalizador-norte-reparos.pt/canalizador-mondrões,self-ref-ok,,canonical matches source route
canalizador-montalegre.html,https://canalizador-norte-reparos.pt/canalizador-montalegre,self-ref-ok,,canonical matches source route
canalizador-monteiras.html,https://canalizador-norte-reparos.pt/canalizador-monteiras,self-ref-ok,,canonical matches source route
canalizador-monterrei.html,https://canalizador-norte-reparos.pt/canalizador-monterrei,self-ref-ok,,canonical matches source route
canalizador-montouto.html,https://canalizador-norte-reparos.pt/canalizador-montouto,self-ref-ok,,canonical matches source route
canalizador-morais.html,https://canalizador-norte-reparos.pt/canalizador-morais,self-ref-ok,,canonical matches source route
canalizador-moredo.html,https://canalizador-norte-reparos.pt/canalizador-moredo,self-ref-ok,,canonical matches source route
canalizador-moreira-de-rei.html,https://canalizador-norte-reparos.pt/canalizador-moreira-de-rei,self-ref-ok,,canonical matches source route
canalizador-moreira-do-castelo.html,https://canalizador-norte-reparos.pt/canalizador-moreira-do-castelo,self-ref-ok,,canonical matches source route
canalizador-moreira.html,https://canalizador-norte-reparos.pt/canalizador-moreira,self-ref-ok,,canonical matches source route
canalizador-mos-de-celas.html,https://canalizador-norte-reparos.pt/canalizador-mos-de-celas,self-ref-ok,,canonical matches source route
canalizador-mos.html,https://canalizador-norte-reparos.pt/canalizador-mos,self-ref-ok,,canonical matches source route
canalizador-mosteiro.html,https://canalizador-norte-reparos.pt/canalizador-mosteiro,self-ref-ok,,canonical matches source route
canalizador-moucoes.html,https://canalizador-norte-reparos.pt/canalizador-moucoes,self-ref-ok,,canonical matches source route
canalizador-moucos.html,https://canalizador-norte-reparos.pt/canalizador-moucos,self-ref-ok,,canonical matches source route
canalizador-moura-morta.html,https://canalizador-norte-reparos.pt/canalizador-moura-morta,self-ref-ok,,canonical matches source route
canalizador-mourao.html,https://canalizador-norte-reparos.pt/canalizador-mourao,self-ref-ok,,canonical matches source route
canalizador-mourilhe.html,https://canalizador-norte-reparos.pt/canalizador-mourilhe,self-ref-ok,,canonical matches source route
canalizador-mourão.html,https://canalizador-norte-reparos.pt/canalizador-mourão,self-ref-ok,,canonical matches source route
canalizador-mouçós.html,https://canalizador-norte-reparos.pt/canalizador-mouçós,self-ref-ok,,canonical matches source route
canalizador-mrias.html,https://canalizador-norte-reparos.pt/canalizador-mrias,self-ref-ok,,canonical matches source route
canalizador-murca.html,https://canalizador-norte-reparos.pt/canalizador-murca,self-ref-ok,,canonical matches source route
canalizador-murcos.html,https://canalizador-norte-reparos.pt/canalizador-murcos,self-ref-ok,,canonical matches source route
canalizador-murias.html,https://canalizador-norte-reparos.pt/canalizador-murias,self-ref-ok,,canonical matches source route
canalizador-murça.html,https://canalizador-norte-reparos.pt/canalizador-murça,self-ref-ok,,canonical matches source route
canalizador-murçós.html,https://canalizador-norte-reparos.pt/canalizador-murçós,self-ref-ok,,canonical matches source route
canalizador-muxagata.html,https://canalizador-norte-reparos.pt/canalizador-muxagata,self-ref-ok,,canonical matches source route
canalizador-mós-de-celas.html,https://canalizador-norte-reparos.pt/canalizador-mós-de-celas,self-ref-ok,,canonical matches source route
canalizador-mós.html,https://canalizador-norte-reparos.pt/canalizador-mós,self-ref-ok,,canonical matches source route
canalizador-múrias.html,https://canalizador-norte-reparos.pt/canalizador-múrias,self-ref-ok,,canonical matches source route
canalizador-nabo.html,https://canalizador-norte-reparos.pt/canalizador-nabo,self-ref-ok,,canonical matches source route
canalizador-nagosa.html,https://canalizador-norte-reparos.pt/canalizador-nagosa,self-ref-ok,,canonical matches source route
canalizador-nagozelo-do-douro.html,https://canalizador-norte-reparos.pt/canalizador-nagozelo-do-douro,self-ref-ok,,canonical matches source route
canalizador-navalho.html,https://canalizador-norte-reparos.pt/canalizador-navalho,self-ref-ok,,canonical matches source route
canalizador-nave-redonda.html,https://canalizador-norte-reparos.pt/canalizador-nave-redonda,self-ref-ok,,canonical matches source route
canalizador-negreda.html,https://canalizador-norte-reparos.pt/canalizador-negreda,self-ref-ok,,canonical matches source route
canalizador-negroes.html,https://canalizador-norte-reparos.pt/canalizador-negroes,self-ref-ok,,canonical matches source route
canalizador-negrões.html,https://canalizador-norte-reparos.pt/canalizador-negrões,self-ref-ok,,canonical matches source route
canalizador-nogueira-da-montanha.html,https://canalizador-norte-reparos.pt/canalizador-nogueira-da-montanha,self-ref-ok,,canonical matches source route
canalizador-nogueira.html,https://canalizador-norte-reparos.pt/canalizador-nogueira,self-ref-ok,,canonical matches source route
canalizador-nogueirinha.html,https://canalizador-norte-reparos.pt/canalizador-nogueirinha,self-ref-ok,,canonical matches source route
canalizador-noselos.html,https://canalizador-norte-reparos.pt/canalizador-noselos,self-ref-ok,,canonical matches source route
canalizador-noura.html,https://canalizador-norte-reparos.pt/canalizador-noura,self-ref-ok,,canonical matches source route
canalizador-nozelos.html,https://canalizador-norte-reparos.pt/canalizador-nozelos,self-ref-ok,,canonical matches source route
canalizador-numao.html,https://canalizador-norte-reparos.pt/canalizador-numao,self-ref-ok,,canonical matches source route
canalizador-numão.html,https://canalizador-norte-reparos.pt/canalizador-numão,self-ref-ok,,canonical matches source route
canalizador-nunes.html,https://canalizador-norte-reparos.pt/canalizador-nunes,self-ref-ok,,canonical matches source route
canalizador-nuzedo-de-baixo.html,https://canalizador-norte-reparos.pt/canalizador-nuzedo-de-baixo,self-ref-ok,,canonical matches source route
canalizador-o-rios.html,https://canalizador-norte-reparos.pt/canalizador-o-rios,self-ref-ok,,canonical matches source route
canalizador-o-riós.html,https://canalizador-norte-reparos.pt/canalizador-o-riós,self-ref-ok,,canonical matches source route
canalizador-olas.html,https://canalizador-norte-reparos.pt/canalizador-olas,self-ref-ok,,canonical matches source route
canalizador-olmos.html,https://canalizador-norte-reparos.pt/canalizador-olmos,self-ref-ok,,canonical matches source route
canalizador-olo.html,https://canalizador-norte-reparos.pt/canalizador-olo,self-ref-ok,,canonical matches source route
canalizador-ombra.html,https://canalizador-norte-reparos.pt/canalizador-ombra,self-ref-ok,,canonical matches source route
canalizador-oucidres.html,https://canalizador-norte-reparos.pt/canalizador-oucidres,self-ref-ok,,canonical matches source route
canalizador-oura.html,https://canalizador-norte-reparos.pt/canalizador-oura,self-ref-ok,,canonical matches source route
canalizador-ourozinho.html,https://canalizador-norte-reparos.pt/canalizador-ourozinho,self-ref-ok,,canonical matches source route
canalizador-ousilhao.html,https://canalizador-norte-reparos.pt/canalizador-ousilhao,self-ref-ok,,canonical matches source route
canalizador-ousilhão.html,https://canalizador-norte-reparos.pt/canalizador-ousilhão,self-ref-ok,,canonical matches source route
canalizador-outeiro-de-gatos.html,https://canalizador-norte-reparos.pt/canalizador-outeiro-de-gatos,self-ref-ok,,canonical matches source route
canalizador-outeiro-seco.html,https://canalizador-norte-reparos.pt/canalizador-outeiro-seco,self-ref-ok,,canonical matches source route
canalizador-outeiro.html,https://canalizador-norte-reparos.pt/canalizador-outeiro,self-ref-ok,,canonical matches source route
canalizador-paco-de-sortes.html,https://canalizador-norte-reparos.pt/canalizador-paco-de-sortes,self-ref-ok,,canonical matches source route
canalizador-pacos.html,https://canalizador-norte-reparos.pt/canalizador-pacos,self-ref-ok,,canonical matches source route
canalizador-padornelos.html,https://canalizador-norte-reparos.pt/canalizador-padornelos,self-ref-ok,,canonical matches source route
canalizador-padrela.html,https://canalizador-norte-reparos.pt/canalizador-padrela,self-ref-ok,,canonical matches source route
canalizador-padronelo.html,https://canalizador-norte-reparos.pt/canalizador-padronelo,self-ref-ok,,canonical matches source route
canalizador-padroso.html,https://canalizador-norte-reparos.pt/canalizador-padroso,self-ref-ok,,canonical matches source route
canalizador-padua-freixo.html,https://canalizador-norte-reparos.pt/canalizador-padua-freixo,self-ref-ok,,canonical matches source route
canalizador-pai-penela.html,https://canalizador-norte-reparos.pt/canalizador-pai-penela,self-ref-ok,,canonical matches source route
canalizador-pai-torto.html,https://canalizador-norte-reparos.pt/canalizador-pai-torto,self-ref-ok,,canonical matches source route
canalizador-palacoulo.html,https://canalizador-norte-reparos.pt/canalizador-palacoulo,self-ref-ok,,canonical matches source route
canalizador-palaçoulo.html,https://canalizador-norte-reparos.pt/canalizador-palaçoulo,self-ref-ok,,canonical matches source route
canalizador-palhais.html,https://canalizador-norte-reparos.pt/canalizador-palhais,self-ref-ok,,canonical matches source route
canalizador-palheiros.html,https://canalizador-norte-reparos.pt/canalizador-palheiros,self-ref-ok,,canonical matches source route
canalizador-parada-de-cunhos.html,https://canalizador-norte-reparos.pt/canalizador-parada-de-cunhos,self-ref-ok,,canonical matches source route
canalizador-parada-de-monteiros.html,https://canalizador-norte-reparos.pt/canalizador-parada-de-monteiros,self-ref-ok,,canonical matches source route
canalizador-parada-do-bispo.html,https://canalizador-norte-reparos.pt/canalizador-parada-do-bispo,self-ref-ok,,canonical matches source route
canalizador-parada-do-pinhao.html,https://canalizador-norte-reparos.pt/canalizador-parada-do-pinhao,self-ref-ok,,canonical matches source route
canalizador-parada-do-pinhão.html,https://canalizador-norte-reparos.pt/canalizador-parada-do-pinhão,self-ref-ok,,canonical matches source route
canalizador-parada.html,https://canalizador-norte-reparos.pt/canalizador-parada,self-ref-ok,,canonical matches source route
canalizador-paradanca.html,https://canalizador-norte-reparos.pt/canalizador-paradanca,self-ref-ok,,canonical matches source route
canalizador-paradela-de-guiaes.html,https://canalizador-norte-reparos.pt/canalizador-paradela-de-guiaes,self-ref-ok,,canonical matches source route
canalizador-paradela-de-guiães.html,https://canalizador-norte-reparos.pt/canalizador-paradela-de-guiães,self-ref-ok,,canonical matches source route
canalizador-paradela-de-monforte.html,https://canalizador-norte-reparos.pt/canalizador-paradela-de-monforte,self-ref-ok,,canonical matches source route
canalizador-paradela.html,https://canalizador-norte-reparos.pt/canalizador-paradela,self-ref-ok,,canonical matches source route
canalizador-paradinha-de-besteiros.html,https://canalizador-norte-reparos.pt/canalizador-paradinha-de-besteiros,self-ref-ok,,canonical matches source route
canalizador-paradinha-nova.html,https://canalizador-norte-reparos.pt/canalizador-paradinha-nova,self-ref-ok,,canonical matches source route
canalizador-paradinha-velha.html,https://canalizador-norte-reparos.pt/canalizador-paradinha-velha,self-ref-ok,,canonical matches source route
canalizador-parambos.html,https://canalizador-norte-reparos.pt/canalizador-parambos,self-ref-ok,,canonical matches source route
canalizador-paramio.html,https://canalizador-norte-reparos.pt/canalizador-paramio,self-ref-ok,,canonical matches source route
canalizador-pardelhas.html,https://canalizador-norte-reparos.pt/canalizador-pardelhas,self-ref-ok,,canonical matches source route
canalizador-paredes-da-beira.html,https://canalizador-norte-reparos.pt/canalizador-paredes-da-beira,self-ref-ok,,canonical matches source route
canalizador-paredes.html,https://canalizador-norte-reparos.pt/canalizador-paredes,self-ref-ok,,canonical matches source route
canalizador-parâmio.html,https://canalizador-norte-reparos.pt/canalizador-parâmio,self-ref-ok,,canonical matches source route
canalizador-pas.html,https://canalizador-norte-reparos.pt/canalizador-pas,self-ref-ok,,canonical matches source route
canalizador-passo.html,https://canalizador-norte-reparos.pt/canalizador-passo,self-ref-ok,,canonical matches source route
canalizador-passos.html,https://canalizador-norte-reparos.pt/canalizador-passos,self-ref-ok,,canonical matches source route
canalizador-paus.html,https://canalizador-norte-reparos.pt/canalizador-paus,self-ref-ok,,canonical matches source route
canalizador-paços.html,https://canalizador-norte-reparos.pt/canalizador-paços,self-ref-ok,,canonical matches source route
canalizador-paçô-de-sortes.html,https://canalizador-norte-reparos.pt/canalizador-paçô-de-sortes,self-ref-ok,,canonical matches source route
canalizador-pedras-salgadas.html,https://canalizador-norte-reparos.pt/canalizador-pedras-salgadas,self-ref-ok,,canonical matches source route
canalizador-pegarinhos.html,https://canalizador-norte-reparos.pt/canalizador-pegarinhos,self-ref-ok,,canonical matches source route
canalizador-pena-verde.html,https://canalizador-norte-reparos.pt/canalizador-pena-verde,self-ref-ok,,canonical matches source route
canalizador-pena.html,https://canalizador-norte-reparos.pt/canalizador-pena,self-ref-ok,,canonical matches source route
canalizador-penajoia.html,https://canalizador-norte-reparos.pt/canalizador-penajoia,self-ref-ok,,canonical matches source route
canalizador-penas-roias.html,https://canalizador-norte-reparos.pt/canalizador-penas-roias,self-ref-ok,,canonical matches source route
canalizador-penedono.html,https://canalizador-norte-reparos.pt/canalizador-penedono,self-ref-ok,,canonical matches source route
canalizador-penela-da-beira.html,https://canalizador-norte-reparos.pt/canalizador-penela-da-beira,self-ref-ok,,canonical matches source route
canalizador-penha-de-aguia.html,https://canalizador-norte-reparos.pt/canalizador-penha-de-aguia,self-ref-ok,,canonical matches source route
canalizador-penha-de-águia.html,https://canalizador-norte-reparos.pt/canalizador-penha-de-águia,self-ref-ok,,canonical matches source route
canalizador-penhas-juntas.html,https://canalizador-norte-reparos.pt/canalizador-penhas-juntas,self-ref-ok,,canonical matches source route
canalizador-pensalvos.html,https://canalizador-norte-reparos.pt/canalizador-pensalvos,self-ref-ok,,canonical matches source route
canalizador-penude.html,https://canalizador-norte-reparos.pt/canalizador-penude,self-ref-ok,,canonical matches source route
canalizador-peredo-de-bemposta.html,https://canalizador-norte-reparos.pt/canalizador-peredo-de-bemposta,self-ref-ok,,canonical matches source route
canalizador-peredo-dos-castelhanos.html,https://canalizador-norte-reparos.pt/canalizador-peredo-dos-castelhanos,self-ref-ok,,canonical matches source route
canalizador-peredo.html,https://canalizador-norte-reparos.pt/canalizador-peredo,self-ref-ok,,canonical matches source route
canalizador-pereira.html,https://canalizador-norte-reparos.pt/canalizador-pereira,self-ref-ok,,canonical matches source route
canalizador-pereiros.html,https://canalizador-norte-reparos.pt/canalizador-pereiros,self-ref-ok,,canonical matches source route
canalizador-peso-da-regua.html,https://canalizador-norte-reparos.pt/canalizador-peso-da-regua,self-ref-ok,,canonical matches source route
canalizador-picote.html,https://canalizador-norte-reparos.pt/canalizador-picote,self-ref-ok,,canonical matches source route
canalizador-pinela.html,https://canalizador-norte-reparos.pt/canalizador-pinela,self-ref-ok,,canonical matches source route
canalizador-pinelo.html,https://canalizador-norte-reparos.pt/canalizador-pinelo,self-ref-ok,,canonical matches source route
canalizador-pinhal-do-norte.html,https://canalizador-norte-reparos.pt/canalizador-pinhal-do-norte,self-ref-ok,,canonical matches source route
canalizador-pinhao.html,https://canalizador-norte-reparos.pt/canalizador-pinhao,self-ref-ok,,canonical matches source route
canalizador-pinheiro-novo.html,https://canalizador-norte-reparos.pt/canalizador-pinheiro-novo,self-ref-ok,,canonical matches source route
canalizador-pinheiros.html,https://canalizador-norte-reparos.pt/canalizador-pinheiros,self-ref-ok,,canonical matches source route
canalizador-pinho.html,https://canalizador-norte-reparos.pt/canalizador-pinho,self-ref-ok,,canonical matches source route
canalizador-pinhovelo.html,https://canalizador-norte-reparos.pt/canalizador-pinhovelo,self-ref-ok,,canonical matches source route
canalizador-poco-do-canto.html,https://canalizador-norte-reparos.pt/canalizador-poco-do-canto,self-ref-ok,,canonical matches source route
canalizador-podence.html,https://canalizador-norte-reparos.pt/canalizador-podence,self-ref-ok,,canonical matches source route
canalizador-poiares.html,https://canalizador-norte-reparos.pt/canalizador-poiares,self-ref-ok,,canonical matches source route
canalizador-pombal.html,https://canalizador-norte-reparos.pt/canalizador-pombal,self-ref-ok,,canonical matches source route
canalizador-pombares.html,https://canalizador-norte-reparos.pt/canalizador-pombares,self-ref-ok,,canonical matches source route
canalizador-populo.html,https://canalizador-norte-reparos.pt/canalizador-populo,self-ref-ok,,canonical matches source route
canalizador-porrais.html,https://canalizador-norte-reparos.pt/canalizador-porrais,self-ref-ok,,canonical matches source route
canalizador-porto-da-carne.html,https://canalizador-norte-reparos.pt/canalizador-porto-da-carne,self-ref-ok,,canonical matches source route
canalizador-possacos.html,https://canalizador-norte-reparos.pt/canalizador-possacos,self-ref-ok,,canonical matches source route
canalizador-pousadas.html,https://canalizador-norte-reparos.pt/canalizador-pousadas,self-ref-ok,,canonical matches source route
canalizador-povoa-d-el-rei.html,https://canalizador-norte-reparos.pt/canalizador-povoa-d-el-rei,self-ref-ok,,canonical matches source route
canalizador-povoa-de-agracoes.html,https://canalizador-norte-reparos.pt/canalizador-povoa-de-agracoes,self-ref-ok,,canonical matches source route
canalizador-povoa-de-lila.html,https://canalizador-norte-reparos.pt/canalizador-povoa-de-lila,self-ref-ok,,canonical matches source route
canalizador-povoa-de-penela.html,https://canalizador-norte-reparos.pt/canalizador-povoa-de-penela,self-ref-ok,,canonical matches source route
canalizador-povoa-do-concelho.html,https://canalizador-norte-reparos.pt/canalizador-povoa-do-concelho,self-ref-ok,,canonical matches source route
canalizador-poço-do-canto.html,https://canalizador-norte-reparos.pt/canalizador-poço-do-canto,self-ref-ok,,canonical matches source route
canalizador-presandaes.html,https://canalizador-norte-reparos.pt/canalizador-presandaes,self-ref-ok,,canonical matches source route
canalizador-presandães.html,https://canalizador-norte-reparos.pt/canalizador-presandães,self-ref-ok,,canonical matches source route
canalizador-pressao-agua-alfandega-da-fe.html,https://canalizador-norte-reparos.pt/canalizador-pressao-agua-alfandega-da-fe,self-ref-ok,,canonical matches source route
canalizador-pressao-agua-alijo.html,https://canalizador-norte-reparos.pt/canalizador-pressao-agua-alijo,self-ref-ok,,canonical matches source route
canalizador-pressao-agua-almendra.html,https://canalizador-norte-reparos.pt/canalizador-pressao-agua-almendra,self-ref-ok,,canonical matches source route
canalizador-pressao-agua-amarante.html,https://canalizador-norte-reparos.pt/canalizador-pressao-agua-amarante,self-ref-ok,,canonical matches source route
canalizador-pressao-agua-argozelo.html,https://canalizador-norte-reparos.pt/canalizador-pressao-agua-argozelo,self-ref-ok,,canonical matches source route
canalizador-pressao-agua-armamar.html,https://canalizador-norte-reparos.pt/canalizador-pressao-agua-armamar,self-ref-ok,,canonical matches source route
canalizador-pressao-agua-boticas.html,https://canalizador-norte-reparos.pt/canalizador-pressao-agua-boticas,self-ref-ok,,canonical matches source route
canalizador-pressao-agua-braganca.html,https://canalizador-norte-reparos.pt/canalizador-pressao-agua-braganca,self-ref-ok,,canonical matches source route
canalizador-pressao-agua-britiande.html,https://canalizador-norte-reparos.pt/canalizador-pressao-agua-britiande,self-ref-ok,,canonical matches source route
canalizador-pressao-agua-cambres.html,https://canalizador-norte-reparos.pt/canalizador-pressao-agua-cambres,self-ref-ok,,canonical matches source route
canalizador-pressao-agua-carrazeda-de-ansiaes.html,https://canalizador-norte-reparos.pt/canalizador-pressao-agua-carrazeda-de-ansiaes,self-ref-ok,,canonical matches source route
canalizador-pressao-agua-carrazedo-de-montenegro.html,https://canalizador-norte-reparos.pt/canalizador-pressao-agua-carrazedo-de-montenegro,self-ref-ok,,canonical matches source route
canalizador-pressao-agua-cedovim.html,https://canalizador-norte-reparos.pt/canalizador-pressao-agua-cedovim,self-ref-ok,,canonical matches source route
canalizador-pressao-agua-cerva.html,https://canalizador-norte-reparos.pt/canalizador-pressao-agua-cerva,self-ref-ok,,canonical matches source route
canalizador-pressao-agua-chaves.html,https://canalizador-norte-reparos.pt/canalizador-pressao-agua-chaves,self-ref-ok,,canonical matches source route
canalizador-pressao-agua-cumieira.html,https://canalizador-norte-reparos.pt/canalizador-pressao-agua-cumieira,self-ref-ok,,canonical matches source route
canalizador-pressao-agua-ervedosa-do-douro.html,https://canalizador-norte-reparos.pt/canalizador-pressao-agua-ervedosa-do-douro,self-ref-ok,,canonical matches source route
canalizador-pressao-agua-favaios.html,https://canalizador-norte-reparos.pt/canalizador-pressao-agua-favaios,self-ref-ok,,canonical matches source route
canalizador-pressao-agua-figueira-de-castelo-rodrigo.html,https://canalizador-norte-reparos.pt/canalizador-pressao-agua-figueira-de-castelo-rodrigo,self-ref-ok,,canonical matches source route
canalizador-pressao-agua-freixo-de-espada-a-cinta.html,https://canalizador-norte-reparos.pt/canalizador-pressao-agua-freixo-de-espada-a-cinta,self-ref-ok,,canonical matches source route
canalizador-pressao-agua-freixo-de-numao.html,https://canalizador-norte-reparos.pt/canalizador-pressao-agua-freixo-de-numao,self-ref-ok,,canonical matches source route
canalizador-pressao-agua-izeda.html,https://canalizador-norte-reparos.pt/canalizador-pressao-agua-izeda,self-ref-ok,,canonical matches source route
canalizador-pressao-agua-lalim.html,https://canalizador-norte-reparos.pt/canalizador-pressao-agua-lalim,self-ref-ok,,canonical matches source route
canalizador-pressao-agua-lamego.html,https://canalizador-norte-reparos.pt/canalizador-pressao-agua-lamego,self-ref-ok,,canonical matches source route
canalizador-pressao-agua-lazarim.html,https://canalizador-norte-reparos.pt/canalizador-pressao-agua-lazarim,self-ref-ok,,canonical matches source route
canalizador-pressao-agua-lixa.html,https://canalizador-norte-reparos.pt/canalizador-pressao-agua-lixa,self-ref-ok,,canonical matches source route
canalizador-pressao-agua-lordelo.html,https://canalizador-norte-reparos.pt/canalizador-pressao-agua-lordelo,self-ref-ok,,canonical matches source route
canalizador-pressao-agua-macedo-de-cavaleiros.html,https://canalizador-norte-reparos.pt/canalizador-pressao-agua-macedo-de-cavaleiros,self-ref-ok,,canonical matches source route
canalizador-pressao-agua-marco-de-canaveses.html,https://canalizador-norte-reparos.pt/canalizador-pressao-agua-marco-de-canaveses,self-ref-ok,,canonical matches source route
canalizador-pressao-agua-marialva.html,https://canalizador-norte-reparos.pt/canalizador-pressao-agua-marialva,self-ref-ok,,canonical matches source route
canalizador-pressao-agua-mesao-frio.html,https://canalizador-norte-reparos.pt/canalizador-pressao-agua-mesao-frio,self-ref-ok,,canonical matches source route
canalizador-pressao-agua-miranda-do-douro.html,https://canalizador-norte-reparos.pt/canalizador-pressao-agua-miranda-do-douro,self-ref-ok,,canonical matches source route
canalizador-pressao-agua-mirandela.html,https://canalizador-norte-reparos.pt/canalizador-pressao-agua-mirandela,self-ref-ok,,canonical matches source route
canalizador-pressao-agua-mogadouro.html,https://canalizador-norte-reparos.pt/canalizador-pressao-agua-mogadouro,self-ref-ok,,canonical matches source route
canalizador-pressao-agua-mondim-da-beira.html,https://canalizador-norte-reparos.pt/canalizador-pressao-agua-mondim-da-beira,self-ref-ok,,canonical matches source route
canalizador-pressao-agua-mondim-de-basto.html,https://canalizador-norte-reparos.pt/canalizador-pressao-agua-mondim-de-basto,self-ref-ok,,canonical matches source route
canalizador-pressao-agua-montalegre.html,https://canalizador-norte-reparos.pt/canalizador-pressao-agua-montalegre,self-ref-ok,,canonical matches source route
canalizador-pressao-agua-moucos.html,https://canalizador-norte-reparos.pt/canalizador-pressao-agua-moucos,self-ref-ok,,canonical matches source route
canalizador-pressao-agua-murca.html,https://canalizador-norte-reparos.pt/canalizador-pressao-agua-murca,self-ref-ok,,canonical matches source route
canalizador-pressao-agua-pedras-salgadas.html,https://canalizador-norte-reparos.pt/canalizador-pressao-agua-pedras-salgadas,self-ref-ok,,canonical matches source route
canalizador-pressao-agua-penedono.html,https://canalizador-norte-reparos.pt/canalizador-pressao-agua-penedono,self-ref-ok,,canonical matches source route
canalizador-pressao-agua-peso-da-regua.html,https://canalizador-norte-reparos.pt/canalizador-pressao-agua-peso-da-regua,self-ref-ok,,canonical matches source route
canalizador-pressao-agua-pinhao.html,https://canalizador-norte-reparos.pt/canalizador-pressao-agua-pinhao,self-ref-ok,,canonical matches source route
canalizador-pressao-agua-resende.html,https://canalizador-norte-reparos.pt/canalizador-pressao-agua-resende,self-ref-ok,,canonical matches source route
canalizador-pressao-agua-ribeira-de-pena.html,https://canalizador-norte-reparos.pt/canalizador-pressao-agua-ribeira-de-pena,self-ref-ok,,canonical matches source route
canalizador-pressao-agua-sabrosa.html,https://canalizador-norte-reparos.pt/canalizador-pressao-agua-sabrosa,self-ref-ok,,canonical matches source route
canalizador-pressao-agua-salzedas.html,https://canalizador-norte-reparos.pt/canalizador-pressao-agua-salzedas,self-ref-ok,,canonical matches source route
canalizador-pressao-agua-sanfins-do-douro.html,https://canalizador-norte-reparos.pt/canalizador-pressao-agua-sanfins-do-douro,self-ref-ok,,canonical matches source route
canalizador-pressao-agua-santa-marinha-do-zezere.html,https://canalizador-norte-reparos.pt/canalizador-pressao-agua-santa-marinha-do-zezere,self-ref-ok,,canonical matches source route
canalizador-pressao-agua-santa-marta-de-penaguiao.html,https://canalizador-norte-reparos.pt/canalizador-pressao-agua-santa-marta-de-penaguiao,self-ref-ok,,canonical matches source route
canalizador-pressao-agua-santo-estevao.html,https://canalizador-norte-reparos.pt/canalizador-pressao-agua-santo-estevao,self-ref-ok,,canonical matches source route
canalizador-pressao-agua-sao-cosmado.html,https://canalizador-norte-reparos.pt/canalizador-pressao-agua-sao-cosmado,self-ref-ok,,canonical matches source route
canalizador-pressao-agua-sao-joao-da-pesqueira.html,https://canalizador-norte-reparos.pt/canalizador-pressao-agua-sao-joao-da-pesqueira,self-ref-ok,,canonical matches source route
canalizador-pressao-agua-sao-joao-de-tarouca.html,https://canalizador-norte-reparos.pt/canalizador-pressao-agua-sao-joao-de-tarouca,self-ref-ok,,canonical matches source route
canalizador-pressao-agua-sao-martinho-de-anta.html,https://canalizador-norte-reparos.pt/canalizador-pressao-agua-sao-martinho-de-anta,self-ref-ok,,canonical matches source route
canalizador-pressao-agua-sao-martinho-de-mouros.html,https://canalizador-norte-reparos.pt/canalizador-pressao-agua-sao-martinho-de-mouros,self-ref-ok,,canonical matches source route
canalizador-pressao-agua-sendim.html,https://canalizador-norte-reparos.pt/canalizador-pressao-agua-sendim,self-ref-ok,,canonical matches source route
canalizador-pressao-agua-sernancelhe.html,https://canalizador-norte-reparos.pt/canalizador-pressao-agua-sernancelhe,self-ref-ok,,canonical matches source route
canalizador-pressao-agua-tabuaco.html,https://canalizador-norte-reparos.pt/canalizador-pressao-agua-tabuaco,self-ref-ok,,canonical matches source route
canalizador-pressao-agua-tarouca.html,https://canalizador-norte-reparos.pt/canalizador-pressao-agua-tarouca,self-ref-ok,,canonical matches source route
canalizador-pressao-agua-torre-de-dona-chama.html,https://canalizador-norte-reparos.pt/canalizador-pressao-agua-torre-de-dona-chama,self-ref-ok,,canonical matches source route
canalizador-pressao-agua-torre-de-moncorvo.html,https://canalizador-norte-reparos.pt/canalizador-pressao-agua-torre-de-moncorvo,self-ref-ok,,canonical matches source route
canalizador-pressao-agua-trevoes.html,https://canalizador-norte-reparos.pt/canalizador-pressao-agua-trevoes,self-ref-ok,,canonical matches source route
canalizador-pressao-agua-valdigem.html,https://canalizador-norte-reparos.pt/canalizador-pressao-agua-valdigem,self-ref-ok,,canonical matches source route
canalizador-pressao-agua-valpacos.html,https://canalizador-norte-reparos.pt/canalizador-pressao-agua-valpacos,self-ref-ok,,canonical matches source route
canalizador-pressao-agua-vern.html,https://canalizador-norte-reparos.pt/canalizador-pressao-agua-vern,self-ref-ok,,canonical matches source route
canalizador-pressao-agua-vidago.html,https://canalizador-norte-reparos.pt/canalizador-pressao-agua-vidago,self-ref-ok,,canonical matches source route
canalizador-pressao-agua-vila-flor.html,https://canalizador-norte-reparos.pt/canalizador-pressao-agua-vila-flor,self-ref-ok,,canonical matches source route
canalizador-pressao-agua-vila-franca-das-naves.html,https://canalizador-norte-reparos.pt/canalizador-pressao-agua-vila-franca-das-naves,self-ref-ok,,canonical matches source route
canalizador-pressao-agua-vila-nova-de-foz-coa.html,https://canalizador-norte-reparos.pt/canalizador-pressao-agua-vila-nova-de-foz-coa,self-ref-ok,,canonical matches source route
canalizador-pressao-agua-vila-pouca-de-aguiar.html,https://canalizador-norte-reparos.pt/canalizador-pressao-agua-vila-pouca-de-aguiar,self-ref-ok,,canonical matches source route
canalizador-pressao-agua-vila-real.html,https://canalizador-norte-reparos.pt/canalizador-pressao-agua-vila-real,self-ref-ok,,canonical matches source route
canalizador-pressao-agua-vilar-de-macada.html,https://canalizador-norte-reparos.pt/canalizador-pressao-agua-vilar-de-macada,self-ref-ok,,canonical matches source route
canalizador-pressao-agua-vilarandelo.html,https://canalizador-norte-reparos.pt/canalizador-pressao-agua-vilarandelo,self-ref-ok,,canonical matches source route
canalizador-pressao-agua-vimioso.html,https://canalizador-norte-reparos.pt/canalizador-pressao-agua-vimioso,self-ref-ok,,canonical matches source route
canalizador-pressao-agua-vinhais.html,https://canalizador-norte-reparos.pt/canalizador-pressao-agua-vinhais,self-ref-ok,,canonical matches source route
canalizador-pressao-agua-xinzo-de-limia.html,https://canalizador-norte-reparos.pt/canalizador-pressao-agua-xinzo-de-limia,self-ref-ok,,canonical matches source route
canalizador-pretarouca.html,https://canalizador-norte-reparos.pt/canalizador-pretarouca,self-ref-ok,,canonical matches source route
canalizador-prova.html,https://canalizador-norte-reparos.pt/canalizador-prova,self-ref-ok,,canonical matches source route
canalizador-provesende.html,https://canalizador-norte-reparos.pt/canalizador-provesende,self-ref-ok,,canonical matches source route
canalizador-pruoba.html,https://canalizador-norte-reparos.pt/canalizador-pruoba,self-ref-ok,,canonical matches source route
canalizador-pádua-freixo.html,https://canalizador-norte-reparos.pt/canalizador-pádua-freixo,self-ref-ok,,canonical matches source route
canalizador-pópulo.html,https://canalizador-norte-reparos.pt/canalizador-pópulo,self-ref-ok,,canonical matches source route
canalizador-póvoa-de-agrações.html,https://canalizador-norte-reparos.pt/canalizador-póvoa-de-agrações,self-ref-ok,,canonical matches source route
canalizador-póvoa-de-lila.html,https://canalizador-norte-reparos.pt/canalizador-póvoa-de-lila,self-ref-ok,,canonical matches source route
canalizador-póvoa-de-penela.html,https://canalizador-norte-reparos.pt/canalizador-póvoa-de-penela,self-ref-ok,,canonical matches source route
canalizador-queimadela.html,https://canalizador-norte-reparos.pt/canalizador-queimadela,self-ref-ok,,canonical matches source route
canalizador-queiriz.html,https://canalizador-norte-reparos.pt/canalizador-queiriz,self-ref-ok,,canonical matches source route
canalizador-quinta-da-roca.html,https://canalizador-norte-reparos.pt/canalizador-quinta-da-roca,self-ref-ok,,canonical matches source route
canalizador-quinta-de-montezinho.html,https://canalizador-norte-reparos.pt/canalizador-quinta-de-montezinho,self-ref-ok,,canonical matches source route
canalizador-quinta-de-pero-martins.html,https://canalizador-norte-reparos.pt/canalizador-quinta-de-pero-martins,self-ref-ok,,canonical matches source route
canalizador-quinta-de-santa-maria.html,https://canalizador-norte-reparos.pt/canalizador-quinta-de-santa-maria,self-ref-ok,,canonical matches source route
canalizador-quinta-de-sao-pedro.html,https://canalizador-norte-reparos.pt/canalizador-quinta-de-sao-pedro,self-ref-ok,,canonical matches source route
canalizador-quinta-de-são-pedro.html,https://canalizador-norte-reparos.pt/canalizador-quinta-de-são-pedro,self-ref-ok,,canonical matches source route
canalizador-quinta-do-cerro.html,https://canalizador-norte-reparos.pt/canalizador-quinta-do-cerro,self-ref-ok,,canonical matches source route
canalizador-quinta-do-salgueiro.html,https://canalizador-norte-reparos.pt/canalizador-quinta-do-salgueiro,self-ref-ok,,canonical matches source route
canalizador-quinta-do-souto.html,https://canalizador-norte-reparos.pt/canalizador-quinta-do-souto,self-ref-ok,,canonical matches source route
canalizador-quinta-dos-cavages.html,https://canalizador-norte-reparos.pt/canalizador-quinta-dos-cavages,self-ref-ok,,canonical matches source route
canalizador-quintanilha.html,https://canalizador-norte-reparos.pt/canalizador-quintanilha,self-ref-ok,,canonical matches source route
canalizador-quintas.html,https://canalizador-norte-reparos.pt/canalizador-quintas,self-ref-ok,,canonical matches source route
canalizador-quintela-de-lampacas.html,https://canalizador-norte-reparos.pt/canalizador-quintela-de-lampacas,self-ref-ok,,canonical matches source route
canalizador-quintela-de-lampaças.html,https://canalizador-norte-reparos.pt/canalizador-quintela-de-lampaças,self-ref-ok,,canonical matches source route
canalizador-quintã-de-pero-martins.html,https://canalizador-norte-reparos.pt/canalizador-quintã-de-pero-martins,self-ref-ok,,canonical matches source route
canalizador-quiras.html,https://canalizador-norte-reparos.pt/canalizador-quiras,self-ref-ok,,canonical matches source route
canalizador-quirás.html,https://canalizador-norte-reparos.pt/canalizador-quirás,self-ref-ok,,canonical matches source route
canalizador-rabacal.html,https://canalizador-norte-reparos.pt/canalizador-rabacal,self-ref-ok,,canonical matches source route
canalizador-rabal.html,https://canalizador-norte-reparos.pt/canalizador-rabal,self-ref-ok,,canonical matches source route
canalizador-randn.html,https://canalizador-norte-reparos.pt/canalizador-randn,self-ref-ok,,canonical matches source route
canalizador-ranhados.html,https://canalizador-norte-reparos.pt/canalizador-ranhados,self-ref-ok,,canonical matches source route
canalizador-rapa.html,https://canalizador-norte-reparos.pt/canalizador-rapa,self-ref-ok,,canonical matches source route
canalizador-ratoeira.html,https://canalizador-norte-reparos.pt/canalizador-ratoeira,self-ref-ok,,canonical matches source route
canalizador-real-covo.html,https://canalizador-norte-reparos.pt/canalizador-real-covo,self-ref-ok,,canonical matches source route
canalizador-rebordainhos.html,https://canalizador-norte-reparos.pt/canalizador-rebordainhos,self-ref-ok,,canonical matches source route
canalizador-rebordaos.html,https://canalizador-norte-reparos.pt/canalizador-rebordaos,self-ref-ok,,canonical matches source route
canalizador-rebordelo.html,https://canalizador-norte-reparos.pt/canalizador-rebordelo,self-ref-ok,,canonical matches source route
canalizador-rebordãos.html,https://canalizador-norte-reparos.pt/canalizador-rebordãos,self-ref-ok,,canonical matches source route
canalizador-refoios.html,https://canalizador-norte-reparos.pt/canalizador-refoios,self-ref-ok,,canonical matches source route
canalizador-rego-de-vide.html,https://canalizador-norte-reparos.pt/canalizador-rego-de-vide,self-ref-ok,,canonical matches source route
canalizador-reigada.html,https://canalizador-norte-reparos.pt/canalizador-reigada,self-ref-ok,,canonical matches source route
canalizador-remondes.html,https://canalizador-norte-reparos.pt/canalizador-remondes,self-ref-ok,,canonical matches source route
canalizador-requejo-de-sanabria.html,https://canalizador-norte-reparos.pt/canalizador-requejo-de-sanabria,self-ref-ok,,canonical matches source route
canalizador-resende.html,https://canalizador-norte-reparos.pt/canalizador-resende,self-ref-ok,,canonical matches source route
canalizador-ribalonga.html,https://canalizador-norte-reparos.pt/canalizador-ribalonga,self-ref-ok,,canonical matches source route
canalizador-ribeira-de-goujoim.html,https://canalizador-norte-reparos.pt/canalizador-ribeira-de-goujoim,self-ref-ok,,canonical matches source route
canalizador-ribeira-de-pena.html,https://canalizador-norte-reparos.pt/canalizador-ribeira-de-pena,self-ref-ok,,canonical matches source route
canalizador-ribeira-do-freixo.html,https://canalizador-norte-reparos.pt/canalizador-ribeira-do-freixo,self-ref-ok,,canonical matches source route
canalizador-ribeirinha.html,https://canalizador-norte-reparos.pt/canalizador-ribeirinha,self-ref-ok,,canonical matches source route
canalizador-rio-de-galinhas.html,https://canalizador-norte-reparos.pt/canalizador-rio-de-galinhas,self-ref-ok,,canonical matches source route
canalizador-rio-de-mel.html,https://canalizador-norte-reparos.pt/canalizador-rio-de-mel,self-ref-ok,,canonical matches source route
canalizador-rio-de-onor.html,https://canalizador-norte-reparos.pt/canalizador-rio-de-onor,self-ref-ok,,canonical matches source route
canalizador-rio-frio.html,https://canalizador-norte-reparos.pt/canalizador-rio-frio,self-ref-ok,,canonical matches source route
canalizador-rio-torto.html,https://canalizador-norte-reparos.pt/canalizador-rio-torto,self-ref-ok,,canonical matches source route
canalizador-riodades.html,https://canalizador-norte-reparos.pt/canalizador-riodades,self-ref-ok,,canonical matches source route
canalizador-riofro-de-aliste.html,https://canalizador-norte-reparos.pt/canalizador-riofro-de-aliste,self-ref-ok,,canonical matches source route
canalizador-rocamondo.html,https://canalizador-norte-reparos.pt/canalizador-rocamondo,self-ref-ok,,canonical matches source route
canalizador-rogodeiro.html,https://canalizador-norte-reparos.pt/canalizador-rogodeiro,self-ref-ok,,canonical matches source route
canalizador-roios.html,https://canalizador-norte-reparos.pt/canalizador-roios,self-ref-ok,,canonical matches source route
canalizador-romariz.html,https://canalizador-norte-reparos.pt/canalizador-romariz,self-ref-ok,,canonical matches source route
canalizador-romeu.html,https://canalizador-norte-reparos.pt/canalizador-romeu,self-ref-ok,,canonical matches source route
canalizador-roriz.html,https://canalizador-norte-reparos.pt/canalizador-roriz,self-ref-ok,,canonical matches source route
canalizador-sabrosa.html,https://canalizador-norte-reparos.pt/canalizador-sabrosa,self-ref-ok,,canonical matches source route
canalizador-sabroso-de-aguiar.html,https://canalizador-norte-reparos.pt/canalizador-sabroso-de-aguiar,self-ref-ok,,canonical matches source route
canalizador-saldanha.html,https://canalizador-norte-reparos.pt/canalizador-saldanha,self-ref-ok,,canonical matches source route
canalizador-saldonha.html,https://canalizador-norte-reparos.pt/canalizador-saldonha,self-ref-ok,,canonical matches source route
canalizador-salgueiro.html,https://canalizador-norte-reparos.pt/canalizador-salgueiro,self-ref-ok,,canonical matches source route
canalizador-salsas.html,https://canalizador-norte-reparos.pt/canalizador-salsas,self-ref-ok,,canonical matches source route
canalizador-salselas.html,https://canalizador-norte-reparos.pt/canalizador-salselas,self-ref-ok,,canonical matches source route
canalizador-salvador-do-monte.html,https://canalizador-norte-reparos.pt/canalizador-salvador-do-monte,self-ref-ok,,canonical matches source route
canalizador-salzedas.html,https://canalizador-norte-reparos.pt/canalizador-salzedas,self-ref-ok,,canonical matches source route
canalizador-samaioes.html,https://canalizador-norte-reparos.pt/canalizador-samaioes,self-ref-ok,,canonical matches source route
canalizador-samaiões.html,https://canalizador-norte-reparos.pt/canalizador-samaiões,self-ref-ok,,canonical matches source route
canalizador-sambade.html,https://canalizador-norte-reparos.pt/canalizador-sambade,self-ref-ok,,canonical matches source route
canalizador-samil.html,https://canalizador-norte-reparos.pt/canalizador-samil,self-ref-ok,,canonical matches source route
canalizador-samodaes.html,https://canalizador-norte-reparos.pt/canalizador-samodaes,self-ref-ok,,canonical matches source route
canalizador-samoes.html,https://canalizador-norte-reparos.pt/canalizador-samoes,self-ref-ok,,canonical matches source route
canalizador-sampaio.html,https://canalizador-norte-reparos.pt/canalizador-sampaio,self-ref-ok,,canonical matches source route
canalizador-samões.html,https://canalizador-norte-reparos.pt/canalizador-samões,self-ref-ok,,canonical matches source route
canalizador-san-pedro-de-la-silba.html,https://canalizador-norte-reparos.pt/canalizador-san-pedro-de-la-silba,self-ref-ok,,canonical matches source route
canalizador-sanceriz.html,https://canalizador-norte-reparos.pt/canalizador-sanceriz,self-ref-ok,,canonical matches source route
canalizador-sanche.html,https://canalizador-norte-reparos.pt/canalizador-sanche,self-ref-ok,,canonical matches source route
canalizador-sande.html,https://canalizador-norte-reparos.pt/canalizador-sande,self-ref-ok,,canonical matches source route
canalizador-sanfins-do-douro.html,https://canalizador-norte-reparos.pt/canalizador-sanfins-do-douro,self-ref-ok,,canonical matches source route
canalizador-sanfins.html,https://canalizador-norte-reparos.pt/canalizador-sanfins,self-ref-ok,,canonical matches source route
canalizador-sanhoane.html,https://canalizador-norte-reparos.pt/canalizador-sanhoane,self-ref-ok,,canonical matches source route
canalizador-sanjurge.html,https://canalizador-norte-reparos.pt/canalizador-sanjurge,self-ref-ok,,canonical matches source route
canalizador-santa-comba-de-rossas.html,https://canalizador-norte-reparos.pt/canalizador-santa-comba-de-rossas,self-ref-ok,,canonical matches source route
canalizador-santa-comba-de-vilarica.html,https://canalizador-norte-reparos.pt/canalizador-santa-comba-de-vilarica,self-ref-ok,,canonical matches source route
canalizador-santa-comba-de-vilariça.html,https://canalizador-norte-reparos.pt/canalizador-santa-comba-de-vilariça,self-ref-ok,,canonical matches source route
canalizador-santa-combinha.html,https://canalizador-norte-reparos.pt/canalizador-santa-combinha,self-ref-ok,,canonical matches source route
canalizador-santa-cruz-do-douro.html,https://canalizador-norte-reparos.pt/canalizador-santa-cruz-do-douro,self-ref-ok,,canonical matches source route
canalizador-santa-cruz.html,https://canalizador-norte-reparos.pt/canalizador-santa-cruz,self-ref-ok,,canonical matches source route
canalizador-santa-eugenia.html,https://canalizador-norte-reparos.pt/canalizador-santa-eugenia,self-ref-ok,,canonical matches source route
canalizador-santa-eugénia.html,https://canalizador-norte-reparos.pt/canalizador-santa-eugénia,self-ref-ok,,canonical matches source route
canalizador-santa-justa.html,https://canalizador-norte-reparos.pt/canalizador-santa-justa,self-ref-ok,,canonical matches source route
canalizador-santa-leocadia.html,https://canalizador-norte-reparos.pt/canalizador-santa-leocadia,self-ref-ok,,canonical matches source route
canalizador-santa-leocádia.html,https://canalizador-norte-reparos.pt/canalizador-santa-leocádia,self-ref-ok,,canonical matches source route
canalizador-santa-maria-de-emeres.html,https://canalizador-norte-reparos.pt/canalizador-santa-maria-de-emeres,self-ref-ok,,canonical matches source route
canalizador-santa-maria-de-émeres.html,https://canalizador-norte-reparos.pt/canalizador-santa-maria-de-émeres,self-ref-ok,,canonical matches source route
canalizador-santa-marinha-do-zezere.html,https://canalizador-norte-reparos.pt/canalizador-santa-marinha-do-zezere,self-ref-ok,,canonical matches source route
canalizador-santa-marta-da-montanha.html,https://canalizador-norte-reparos.pt/canalizador-santa-marta-da-montanha,self-ref-ok,,canonical matches source route
canalizador-santa-marta-de-penaguiao.html,https://canalizador-norte-reparos.pt/canalizador-santa-marta-de-penaguiao,self-ref-ok,,canonical matches source route
canalizador-santa-valha.html,https://canalizador-norte-reparos.pt/canalizador-santa-valha,self-ref-ok,,canonical matches source route
canalizador-santalha.html,https://canalizador-norte-reparos.pt/canalizador-santalha,self-ref-ok,,canonical matches source route
canalizador-santiago-da-ribeira-de-alhariz.html,https://canalizador-norte-reparos.pt/canalizador-santiago-da-ribeira-de-alhariz,self-ref-ok,,canonical matches source route
canalizador-santo-adriao.html,https://canalizador-norte-reparos.pt/canalizador-santo-adriao,self-ref-ok,,canonical matches source route
canalizador-santo-adrião.html,https://canalizador-norte-reparos.pt/canalizador-santo-adrião,self-ref-ok,,canonical matches source route
canalizador-santo-aleixo-de-alem-tamega.html,https://canalizador-norte-reparos.pt/canalizador-santo-aleixo-de-alem-tamega,self-ref-ok,,canonical matches source route
canalizador-santo-aleixo-de-além-tâmega.html,https://canalizador-norte-reparos.pt/canalizador-santo-aleixo-de-além-tâmega,self-ref-ok,,canonical matches source route
canalizador-santo-andre.html,https://canalizador-norte-reparos.pt/canalizador-santo-andre,self-ref-ok,,canonical matches source route
canalizador-santo-andré.html,https://canalizador-norte-reparos.pt/canalizador-santo-andré,self-ref-ok,,canonical matches source route
canalizador-santo-antonio-de-monforte.html,https://canalizador-norte-reparos.pt/canalizador-santo-antonio-de-monforte,self-ref-ok,,canonical matches source route
canalizador-santo-antónio-de-monforte.html,https://canalizador-norte-reparos.pt/canalizador-santo-antónio-de-monforte,self-ref-ok,,canonical matches source route
canalizador-santo-estevao.html,https://canalizador-norte-reparos.pt/canalizador-santo-estevao,self-ref-ok,,canonical matches source route
canalizador-santo-estêvão.html,https://canalizador-norte-reparos.pt/canalizador-santo-estêvão,self-ref-ok,,canonical matches source route
canalizador-santo-isidoro.html,https://canalizador-norte-reparos.pt/canalizador-santo-isidoro,self-ref-ok,,canonical matches source route
canalizador-santulhao.html,https://canalizador-norte-reparos.pt/canalizador-santulhao,self-ref-ok,,canonical matches source route
canalizador-santulhão.html,https://canalizador-norte-reparos.pt/canalizador-santulhão,self-ref-ok,,canonical matches source route
canalizador-sao-cibrao.html,https://canalizador-norte-reparos.pt/canalizador-sao-cibrao,self-ref-ok,,canonical matches source route
canalizador-sao-cosmado.html,https://canalizador-norte-reparos.pt/canalizador-sao-cosmado,self-ref-ok,,canonical matches source route
canalizador-sao-cristovao-do-douro.html,https://canalizador-norte-reparos.pt/canalizador-sao-cristovao-do-douro,self-ref-ok,,canonical matches source route
canalizador-sao-joao-da-corveira.html,https://canalizador-norte-reparos.pt/canalizador-sao-joao-da-corveira,self-ref-ok,,canonical matches source route
canalizador-sao-joao-da-pesqueira.html,https://canalizador-norte-reparos.pt/canalizador-sao-joao-da-pesqueira,self-ref-ok,,canonical matches source route
canalizador-sao-joao-de-fontoura.html,https://canalizador-norte-reparos.pt/canalizador-sao-joao-de-fontoura,self-ref-ok,,canonical matches source route
canalizador-sao-joao-de-lobrigos.html,https://canalizador-norte-reparos.pt/canalizador-sao-joao-de-lobrigos,self-ref-ok,,canonical matches source route
canalizador-sao-joao-de-tarouca.html,https://canalizador-norte-reparos.pt/canalizador-sao-joao-de-tarouca,self-ref-ok,,canonical matches source route
canalizador-sao-jomil.html,https://canalizador-norte-reparos.pt/canalizador-sao-jomil,self-ref-ok,,canonical matches source route
canalizador-sao-juliao-de-montenegro.html,https://canalizador-norte-reparos.pt/canalizador-sao-juliao-de-montenegro,self-ref-ok,,canonical matches source route
canalizador-sao-juliao-de-palacios.html,https://canalizador-norte-reparos.pt/canalizador-sao-juliao-de-palacios,self-ref-ok,,canonical matches source route
canalizador-sao-lourenco-de-ribapinhao.html,https://canalizador-norte-reparos.pt/canalizador-sao-lourenco-de-ribapinhao,self-ref-ok,,canonical matches source route
canalizador-sao-mamede-de-ribatua.html,https://canalizador-norte-reparos.pt/canalizador-sao-mamede-de-ribatua,self-ref-ok,,canonical matches source route
canalizador-sao-martinho-das-chas.html,https://canalizador-norte-reparos.pt/canalizador-sao-martinho-das-chas,self-ref-ok,,canonical matches source route
canalizador-sao-martinho-de-angueira.html,https://canalizador-norte-reparos.pt/canalizador-sao-martinho-de-angueira,self-ref-ok,,canonical matches source route
canalizador-sao-martinho-de-anta.html,https://canalizador-norte-reparos.pt/canalizador-sao-martinho-de-anta,self-ref-ok,,canonical matches source route
canalizador-sao-martinho-de-mouros.html,https://canalizador-norte-reparos.pt/canalizador-sao-martinho-de-mouros,self-ref-ok,,canonical matches source route
canalizador-sao-martinho-do-peso.html,https://canalizador-norte-reparos.pt/canalizador-sao-martinho-do-peso,self-ref-ok,,canonical matches source route
canalizador-sao-miguel-de-lobrigos.html,https://canalizador-norte-reparos.pt/canalizador-sao-miguel-de-lobrigos,self-ref-ok,,canonical matches source route
canalizador-sao-nicolau.html,https://canalizador-norte-reparos.pt/canalizador-sao-nicolau,self-ref-ok,,canonical matches source route
canalizador-sao-pedro-de-agostem.html,https://canalizador-norte-reparos.pt/canalizador-sao-pedro-de-agostem,self-ref-ok,,canonical matches source route
canalizador-sao-pedro-de-sarracenos.html,https://canalizador-norte-reparos.pt/canalizador-sao-pedro-de-sarracenos,self-ref-ok,,canonical matches source route
canalizador-sao-pedro-de-vale-do-conde.html,https://canalizador-norte-reparos.pt/canalizador-sao-pedro-de-vale-do-conde,self-ref-ok,,canonical matches source route
canalizador-sao-pedro-de-veiga-de-lila.html,https://canalizador-norte-reparos.pt/canalizador-sao-pedro-de-veiga-de-lila,self-ref-ok,,canonical matches source route
canalizador-sao-pedro-velho.html,https://canalizador-norte-reparos.pt/canalizador-sao-pedro-velho,self-ref-ok,,canonical matches source route
canalizador-sao-romao-de-aregos.html,https://canalizador-norte-reparos.pt/canalizador-sao-romao-de-aregos,self-ref-ok,,canonical matches source route
canalizador-sao-romao.html,https://canalizador-norte-reparos.pt/canalizador-sao-romao,self-ref-ok,,canonical matches source route
canalizador-sao-salvador.html,https://canalizador-norte-reparos.pt/canalizador-sao-salvador,self-ref-ok,,canonical matches source route
canalizador-sao-tome-de-covelas.html,https://canalizador-norte-reparos.pt/canalizador-sao-tome-de-covelas,self-ref-ok,,canonical matches source route
canalizador-sao-tome-do-castelo.html,https://canalizador-norte-reparos.pt/canalizador-sao-tome-do-castelo,self-ref-ok,,canonical matches source route
canalizador-sao-vicente.html,https://canalizador-norte-reparos.pt/canalizador-sao-vicente,self-ref-ok,,canonical matches source route
canalizador-sapiaos.html,https://canalizador-norte-reparos.pt/canalizador-sapiaos,self-ref-ok,,canonical matches source route
canalizador-sapiãos.html,https://canalizador-norte-reparos.pt/canalizador-sapiãos,self-ref-ok,,canonical matches source route
canalizador-sardao.html,https://canalizador-norte-reparos.pt/canalizador-sardao,self-ref-ok,,canonical matches source route
canalizador-sardão.html,https://canalizador-norte-reparos.pt/canalizador-sardão,self-ref-ok,,canonical matches source route
canalizador-sarraquinhos.html,https://canalizador-norte-reparos.pt/canalizador-sarraquinhos,self-ref-ok,,canonical matches source route
canalizador-sarzeda.html,https://canalizador-norte-reparos.pt/canalizador-sarzeda,self-ref-ok,,canonical matches source route
canalizador-sarzedinho.html,https://canalizador-norte-reparos.pt/canalizador-sarzedinho,self-ref-ok,,canonical matches source route
canalizador-sarzedo.html,https://canalizador-norte-reparos.pt/canalizador-sarzedo,self-ref-ok,,canonical matches source route
canalizador-seara-velha.html,https://canalizador-norte-reparos.pt/canalizador-seara-velha,self-ref-ok,,canonical matches source route
canalizador-sebadelhe-de-serra.html,https://canalizador-norte-reparos.pt/canalizador-sebadelhe-de-serra,self-ref-ok,,canonical matches source route
canalizador-sebadelhe.html,https://canalizador-norte-reparos.pt/canalizador-sebadelhe,self-ref-ok,,canonical matches source route
canalizador-sedielos.html,https://canalizador-norte-reparos.pt/canalizador-sedielos,self-ref-ok,,canonical matches source route
canalizador-seixal.html,https://canalizador-norte-reparos.pt/canalizador-seixal,self-ref-ok,,canonical matches source route
canalizador-seixo-de-anasiaes.html,https://canalizador-norte-reparos.pt/canalizador-seixo-de-anasiaes,self-ref-ok,,canonical matches source route
canalizador-seixo-de-ansiaes.html,https://canalizador-norte-reparos.pt/canalizador-seixo-de-ansiaes,self-ref-ok,,canonical matches source route
canalizador-seixo-de-ansiães.html,https://canalizador-norte-reparos.pt/canalizador-seixo-de-ansiães,self-ref-ok,,canonical matches source route
canalizador-seixo-de-manhoses.html,https://canalizador-norte-reparos.pt/canalizador-seixo-de-manhoses,self-ref-ok,,canonical matches source route
canalizador-selhariz.html,https://canalizador-norte-reparos.pt/canalizador-selhariz,self-ref-ok,,canonical matches source route
canalizador-selores.html,https://canalizador-norte-reparos.pt/canalizador-selores,self-ref-ok,,canonical matches source route
canalizador-sendas.html,https://canalizador-norte-reparos.pt/canalizador-sendas,self-ref-ok,,canonical matches source route
canalizador-sendim-da-ribeira.html,https://canalizador-norte-reparos.pt/canalizador-sendim-da-ribeira,self-ref-ok,,canonical matches source route
canalizador-sendim-da-serra.html,https://canalizador-norte-reparos.pt/canalizador-sendim-da-serra,self-ref-ok,,canonical matches source route
canalizador-sendim.html,https://canalizador-norte-reparos.pt/canalizador-sendim,self-ref-ok,,canonical matches source route
canalizador-senhora-da-penha-de-franca.html,https://canalizador-norte-reparos.pt/canalizador-senhora-da-penha-de-franca,self-ref-ok,,canonical matches source route
canalizador-senhora-da-penha-de-frança.html,https://canalizador-norte-reparos.pt/canalizador-senhora-da-penha-de-frança,self-ref-ok,,canonical matches source route
canalizador-serapicos.html,https://canalizador-norte-reparos.pt/canalizador-serapicos,self-ref-ok,,canonical matches source route
canalizador-sernancelhe.html,https://canalizador-norte-reparos.pt/canalizador-sernancelhe,self-ref-ok,,canonical matches source route
canalizador-sezelhe.html,https://canalizador-norte-reparos.pt/canalizador-sezelhe,self-ref-ok,,canonical matches source route
canalizador-sezulfe.html,https://canalizador-norte-reparos.pt/canalizador-sezulfe,self-ref-ok,,canonical matches source route
canalizador-sobral-da-serra.html,https://canalizador-norte-reparos.pt/canalizador-sobral-da-serra,self-ref-ok,,canonical matches source route
canalizador-sobral-pichorro.html,https://canalizador-norte-reparos.pt/canalizador-sobral-pichorro,self-ref-ok,,canonical matches source route
canalizador-sobreda.html,https://canalizador-norte-reparos.pt/canalizador-sobreda,self-ref-ok,,canonical matches source route
canalizador-sobreira.html,https://canalizador-norte-reparos.pt/canalizador-sobreira,self-ref-ok,,canonical matches source route
canalizador-sobreiro-de-baixo.html,https://canalizador-norte-reparos.pt/canalizador-sobreiro-de-baixo,self-ref-ok,,canonical matches source route
canalizador-soeima.html,https://canalizador-norte-reparos.pt/canalizador-soeima,self-ref-ok,,canonical matches source route
canalizador-soeira.html,https://canalizador-norte-reparos.pt/canalizador-soeira,self-ref-ok,,canonical matches source route
canalizador-solveira.html,https://canalizador-norte-reparos.pt/canalizador-solveira,self-ref-ok,,canonical matches source route
canalizador-sonim.html,https://canalizador-norte-reparos.pt/canalizador-sonim,self-ref-ok,,canonical matches source route
canalizador-sortes.html,https://canalizador-norte-reparos.pt/canalizador-sortes,self-ref-ok,,canonical matches source route
canalizador-sorval.html,https://canalizador-norte-reparos.pt/canalizador-sorval,self-ref-ok,,canonical matches source route
canalizador-souro-pires.html,https://canalizador-norte-reparos.pt/canalizador-souro-pires,self-ref-ok,,canonical matches source route
canalizador-soutelinho-da-raia.html,https://canalizador-norte-reparos.pt/canalizador-soutelinho-da-raia,self-ref-ok,,canonical matches source route
canalizador-soutelo-de-aguiar.html,https://canalizador-norte-reparos.pt/canalizador-soutelo-de-aguiar,self-ref-ok,,canonical matches source route
canalizador-soutelo-do-douro.html,https://canalizador-norte-reparos.pt/canalizador-soutelo-do-douro,self-ref-ok,,canonical matches source route
canalizador-soutelo-mourisco.html,https://canalizador-norte-reparos.pt/canalizador-soutelo-mourisco,self-ref-ok,,canonical matches source route
canalizador-soutelo.html,https://canalizador-norte-reparos.pt/canalizador-soutelo,self-ref-ok,,canonical matches source route
canalizador-soutilha.html,https://canalizador-norte-reparos.pt/canalizador-soutilha,self-ref-ok,,canonical matches source route
canalizador-souto-da-velha.html,https://canalizador-norte-reparos.pt/canalizador-souto-da-velha,self-ref-ok,,canonical matches source route
canalizador-souto-maior.html,https://canalizador-norte-reparos.pt/canalizador-souto-maior,self-ref-ok,,canonical matches source route
canalizador-sucaes.html,https://canalizador-norte-reparos.pt/canalizador-sucaes,self-ref-ok,,canonical matches source route
canalizador-suçães.html,https://canalizador-norte-reparos.pt/canalizador-suçães,self-ref-ok,,canonical matches source route
canalizador-são-cibrão.html,https://canalizador-norte-reparos.pt/canalizador-são-cibrão,self-ref-ok,,canonical matches source route
canalizador-são-cristóvão-do-douro.html,https://canalizador-norte-reparos.pt/canalizador-são-cristóvão-do-douro,self-ref-ok,,canonical matches source route
canalizador-são-jomil.html,https://canalizador-norte-reparos.pt/canalizador-são-jomil,self-ref-ok,,canonical matches source route
canalizador-são-joão-da-corveira.html,https://canalizador-norte-reparos.pt/canalizador-são-joão-da-corveira,self-ref-ok,,canonical matches source route
canalizador-são-joão-da-pesqueira.html,https://canalizador-norte-reparos.pt/canalizador-são-joão-da-pesqueira,self-ref-ok,,canonical matches source route
canalizador-são-julião-de-montenegro.html,https://canalizador-norte-reparos.pt/canalizador-são-julião-de-montenegro,self-ref-ok,,canonical matches source route
canalizador-são-julião-de-palácios.html,https://canalizador-norte-reparos.pt/canalizador-são-julião-de-palácios,self-ref-ok,,canonical matches source route
canalizador-são-lourenço-de-ribapinhão.html,https://canalizador-norte-reparos.pt/canalizador-são-lourenço-de-ribapinhão,self-ref-ok,,canonical matches source route
canalizador-são-mamede-de-ribatua.html,https://canalizador-norte-reparos.pt/canalizador-são-mamede-de-ribatua,self-ref-ok,,canonical matches source route
canalizador-são-martinho-de-angueira.html,https://canalizador-norte-reparos.pt/canalizador-são-martinho-de-angueira,self-ref-ok,,canonical matches source route
canalizador-são-martinho-de-anta.html,https://canalizador-norte-reparos.pt/canalizador-são-martinho-de-anta,self-ref-ok,,canonical matches source route
canalizador-são-martinho-do-peso.html,https://canalizador-norte-reparos.pt/canalizador-são-martinho-do-peso,self-ref-ok,,canonical matches source route
canalizador-são-miguel-de-lobrigos.html,https://canalizador-norte-reparos.pt/canalizador-são-miguel-de-lobrigos,self-ref-ok,,canonical matches source route
canalizador-são-pedro-de-agostém.html,https://canalizador-norte-reparos.pt/canalizador-são-pedro-de-agostém,self-ref-ok,,canonical matches source route
canalizador-são-pedro-de-sarracenos.html,https://canalizador-norte-reparos.pt/canalizador-são-pedro-de-sarracenos,self-ref-ok,,canonical matches source route
canalizador-são-pedro-de-vale-do-conde.html,https://canalizador-norte-reparos.pt/canalizador-são-pedro-de-vale-do-conde,self-ref-ok,,canonical matches source route
canalizador-são-pedro-de-veiga-de-lila.html,https://canalizador-norte-reparos.pt/canalizador-são-pedro-de-veiga-de-lila,self-ref-ok,,canonical matches source route
canalizador-são-pedro-velho.html,https://canalizador-norte-reparos.pt/canalizador-são-pedro-velho,self-ref-ok,,canonical matches source route
canalizador-são-salvador.html,https://canalizador-norte-reparos.pt/canalizador-são-salvador,self-ref-ok,,canonical matches source route
canalizador-são-tomé-do-castelo.html,https://canalizador-norte-reparos.pt/canalizador-são-tomé-do-castelo,self-ref-ok,,canonical matches source route
canalizador-são-vicente.html,https://canalizador-norte-reparos.pt/canalizador-são-vicente,self-ref-ok,,canonical matches source route
canalizador-tabuaco.html,https://canalizador-norte-reparos.pt/canalizador-tabuaco,self-ref-ok,,canonical matches source route
canalizador-tabuado.html,https://canalizador-norte-reparos.pt/canalizador-tabuado,self-ref-ok,,canonical matches source route
canalizador-tabuaço.html,https://canalizador-norte-reparos.pt/canalizador-tabuaço,self-ref-ok,,canonical matches source route
canalizador-talhas.html,https://canalizador-norte-reparos.pt/canalizador-talhas,self-ref-ok,,canonical matches source route
canalizador-talhinhas.html,https://canalizador-norte-reparos.pt/canalizador-talhinhas,self-ref-ok,,canonical matches source route
canalizador-tamanhos.html,https://canalizador-norte-reparos.pt/canalizador-tamanhos,self-ref-ok,,canonical matches source route
canalizador-tarouca.html,https://canalizador-norte-reparos.pt/canalizador-tarouca,self-ref-ok,,canonical matches source route
canalizador-tavora.html,https://canalizador-norte-reparos.pt/canalizador-tavora,self-ref-ok,,canonical matches source route
canalizador-tazem.html,https://canalizador-norte-reparos.pt/canalizador-tazem,self-ref-ok,,canonical matches source route
canalizador-tazém.html,https://canalizador-norte-reparos.pt/canalizador-tazém,self-ref-ok,,canonical matches source route
canalizador-teixeiro.html,https://canalizador-norte-reparos.pt/canalizador-teixeiro,self-ref-ok,,canonical matches source route
canalizador-teloes.html,https://canalizador-norte-reparos.pt/canalizador-teloes,self-ref-ok,,canonical matches source route
canalizador-telões.html,https://canalizador-norte-reparos.pt/canalizador-telões,self-ref-ok,,canonical matches source route
canalizador-terrenho.html,https://canalizador-norte-reparos.pt/canalizador-terrenho,self-ref-ok,,canonical matches source route
canalizador-tinhela.html,https://canalizador-norte-reparos.pt/canalizador-tinhela,self-ref-ok,,canonical matches source route
canalizador-to.html,https://canalizador-norte-reparos.pt/canalizador-to,self-ref-ok,,canonical matches source route
canalizador-torneira-alfandega-da-fe.html,https://canalizador-norte-reparos.pt/canalizador-torneira-alfandega-da-fe,self-ref-ok,,canonical matches source route
canalizador-torneira-alijo.html,https://canalizador-norte-reparos.pt/canalizador-torneira-alijo,self-ref-ok,,canonical matches source route
canalizador-torneira-almendra.html,https://canalizador-norte-reparos.pt/canalizador-torneira-almendra,self-ref-ok,,canonical matches source route
canalizador-torneira-amarante.html,https://canalizador-norte-reparos.pt/canalizador-torneira-amarante,self-ref-ok,,canonical matches source route
canalizador-torneira-argozelo.html,https://canalizador-norte-reparos.pt/canalizador-torneira-argozelo,self-ref-ok,,canonical matches source route
canalizador-torneira-armamar.html,https://canalizador-norte-reparos.pt/canalizador-torneira-armamar,self-ref-ok,,canonical matches source route
canalizador-torneira-boticas.html,https://canalizador-norte-reparos.pt/canalizador-torneira-boticas,self-ref-ok,,canonical matches source route
canalizador-torneira-braganca.html,https://canalizador-norte-reparos.pt/canalizador-torneira-braganca,self-ref-ok,,canonical matches source route
canalizador-torneira-britiande.html,https://canalizador-norte-reparos.pt/canalizador-torneira-britiande,self-ref-ok,,canonical matches source route
canalizador-torneira-cambres.html,https://canalizador-norte-reparos.pt/canalizador-torneira-cambres,self-ref-ok,,canonical matches source route
canalizador-torneira-carrazeda-de-ansiaes.html,https://canalizador-norte-reparos.pt/canalizador-torneira-carrazeda-de-ansiaes,self-ref-ok,,canonical matches source route
canalizador-torneira-carrazedo-de-montenegro.html,https://canalizador-norte-reparos.pt/canalizador-torneira-carrazedo-de-montenegro,self-ref-ok,,canonical matches source route
canalizador-torneira-cedovim.html,https://canalizador-norte-reparos.pt/canalizador-torneira-cedovim,self-ref-ok,,canonical matches source route
canalizador-torneira-cerva.html,https://canalizador-norte-reparos.pt/canalizador-torneira-cerva,self-ref-ok,,canonical matches source route
canalizador-torneira-chaves.html,https://canalizador-norte-reparos.pt/canalizador-torneira-chaves,self-ref-ok,,canonical matches source route
canalizador-torneira-cumieira.html,https://canalizador-norte-reparos.pt/canalizador-torneira-cumieira,self-ref-ok,,canonical matches source route
canalizador-torneira-ervedosa-do-douro.html,https://canalizador-norte-reparos.pt/canalizador-torneira-ervedosa-do-douro,self-ref-ok,,canonical matches source route
canalizador-torneira-favaios.html,https://canalizador-norte-reparos.pt/canalizador-torneira-favaios,self-ref-ok,,canonical matches source route
canalizador-torneira-figueira-de-castelo-rodrigo.html,https://canalizador-norte-reparos.pt/canalizador-torneira-figueira-de-castelo-rodrigo,self-ref-ok,,canonical matches source route
canalizador-torneira-freixo-de-espada-a-cinta.html,https://canalizador-norte-reparos.pt/canalizador-torneira-freixo-de-espada-a-cinta,self-ref-ok,,canonical matches source route
canalizador-torneira-freixo-de-numao.html,https://canalizador-norte-reparos.pt/canalizador-torneira-freixo-de-numao,self-ref-ok,,canonical matches source route
canalizador-torneira-izeda.html,https://canalizador-norte-reparos.pt/canalizador-torneira-izeda,self-ref-ok,,canonical matches source route
canalizador-torneira-lalim.html,https://canalizador-norte-reparos.pt/canalizador-torneira-lalim,self-ref-ok,,canonical matches source route
canalizador-torneira-lamego.html,https://canalizador-norte-reparos.pt/canalizador-torneira-lamego,self-ref-ok,,canonical matches source route
canalizador-torneira-lazarim.html,https://canalizador-norte-reparos.pt/canalizador-torneira-lazarim,self-ref-ok,,canonical matches source route
canalizador-torneira-lixa.html,https://canalizador-norte-reparos.pt/canalizador-torneira-lixa,self-ref-ok,,canonical matches source route
canalizador-torneira-lordelo.html,https://canalizador-norte-reparos.pt/canalizador-torneira-lordelo,self-ref-ok,,canonical matches source route
canalizador-torneira-macedo-de-cavaleiros.html,https://canalizador-norte-reparos.pt/canalizador-torneira-macedo-de-cavaleiros,self-ref-ok,,canonical matches source route
canalizador-torneira-marco-de-canaveses.html,https://canalizador-norte-reparos.pt/canalizador-torneira-marco-de-canaveses,self-ref-ok,,canonical matches source route
canalizador-torneira-marialva.html,https://canalizador-norte-reparos.pt/canalizador-torneira-marialva,self-ref-ok,,canonical matches source route
canalizador-torneira-mesao-frio.html,https://canalizador-norte-reparos.pt/canalizador-torneira-mesao-frio,self-ref-ok,,canonical matches source route
canalizador-torneira-miranda-do-douro.html,https://canalizador-norte-reparos.pt/canalizador-torneira-miranda-do-douro,self-ref-ok,,canonical matches source route
canalizador-torneira-mirandela.html,https://canalizador-norte-reparos.pt/canalizador-torneira-mirandela,self-ref-ok,,canonical matches source route
canalizador-torneira-mogadouro.html,https://canalizador-norte-reparos.pt/canalizador-torneira-mogadouro,self-ref-ok,,canonical matches source route
canalizador-torneira-mondim-da-beira.html,https://canalizador-norte-reparos.pt/canalizador-torneira-mondim-da-beira,self-ref-ok,,canonical matches source route
canalizador-torneira-mondim-de-basto.html,https://canalizador-norte-reparos.pt/canalizador-torneira-mondim-de-basto,self-ref-ok,,canonical matches source route
canalizador-torneira-montalegre.html,https://canalizador-norte-reparos.pt/canalizador-torneira-montalegre,self-ref-ok,,canonical matches source route
canalizador-torneira-moucos.html,https://canalizador-norte-reparos.pt/canalizador-torneira-moucos,self-ref-ok,,canonical matches source route
canalizador-torneira-murca.html,https://canalizador-norte-reparos.pt/canalizador-torneira-murca,self-ref-ok,,canonical matches source route
canalizador-torneira-pedras-salgadas.html,https://canalizador-norte-reparos.pt/canalizador-torneira-pedras-salgadas,self-ref-ok,,canonical matches source route
canalizador-torneira-penedono.html,https://canalizador-norte-reparos.pt/canalizador-torneira-penedono,self-ref-ok,,canonical matches source route
canalizador-torneira-peso-da-regua.html,https://canalizador-norte-reparos.pt/canalizador-torneira-peso-da-regua,self-ref-ok,,canonical matches source route
canalizador-torneira-pinhao.html,https://canalizador-norte-reparos.pt/canalizador-torneira-pinhao,self-ref-ok,,canonical matches source route
canalizador-torneira-resende.html,https://canalizador-norte-reparos.pt/canalizador-torneira-resende,self-ref-ok,,canonical matches source route
canalizador-torneira-ribeira-de-pena.html,https://canalizador-norte-reparos.pt/canalizador-torneira-ribeira-de-pena,self-ref-ok,,canonical matches source route
canalizador-torneira-sabrosa.html,https://canalizador-norte-reparos.pt/canalizador-torneira-sabrosa,self-ref-ok,,canonical matches source route
canalizador-torneira-salzedas.html,https://canalizador-norte-reparos.pt/canalizador-torneira-salzedas,self-ref-ok,,canonical matches source route
canalizador-torneira-sanfins-do-douro.html,https://canalizador-norte-reparos.pt/canalizador-torneira-sanfins-do-douro,self-ref-ok,,canonical matches source route
canalizador-torneira-santa-marinha-do-zezere.html,https://canalizador-norte-reparos.pt/canalizador-torneira-santa-marinha-do-zezere,self-ref-ok,,canonical matches source route
canalizador-torneira-santa-marta-de-penaguiao.html,https://canalizador-norte-reparos.pt/canalizador-torneira-santa-marta-de-penaguiao,self-ref-ok,,canonical matches source route
canalizador-torneira-santo-estevao.html,https://canalizador-norte-reparos.pt/canalizador-torneira-santo-estevao,self-ref-ok,,canonical matches source route
canalizador-torneira-sao-cosmado.html,https://canalizador-norte-reparos.pt/canalizador-torneira-sao-cosmado,self-ref-ok,,canonical matches source route
canalizador-torneira-sao-joao-da-pesqueira.html,https://canalizador-norte-reparos.pt/canalizador-torneira-sao-joao-da-pesqueira,self-ref-ok,,canonical matches source route
canalizador-torneira-sao-joao-de-tarouca.html,https://canalizador-norte-reparos.pt/canalizador-torneira-sao-joao-de-tarouca,self-ref-ok,,canonical matches source route
canalizador-torneira-sao-martinho-de-anta.html,https://canalizador-norte-reparos.pt/canalizador-torneira-sao-martinho-de-anta,self-ref-ok,,canonical matches source route
canalizador-torneira-sao-martinho-de-mouros.html,https://canalizador-norte-reparos.pt/canalizador-torneira-sao-martinho-de-mouros,self-ref-ok,,canonical matches source route
canalizador-torneira-sendim.html,https://canalizador-norte-reparos.pt/canalizador-torneira-sendim,self-ref-ok,,canonical matches source route
canalizador-torneira-sernancelhe.html,https://canalizador-norte-reparos.pt/canalizador-torneira-sernancelhe,self-ref-ok,,canonical matches source route
canalizador-torneira-tabuaco.html,https://canalizador-norte-reparos.pt/canalizador-torneira-tabuaco,self-ref-ok,,canonical matches source route
canalizador-torneira-tarouca.html,https://canalizador-norte-reparos.pt/canalizador-torneira-tarouca,self-ref-ok,,canonical matches source route
canalizador-torneira-torre-de-dona-chama.html,https://canalizador-norte-reparos.pt/canalizador-torneira-torre-de-dona-chama,self-ref-ok,,canonical matches source route
canalizador-torneira-torre-de-moncorvo.html,https://canalizador-norte-reparos.pt/canalizador-torneira-torre-de-moncorvo,self-ref-ok,,canonical matches source route
canalizador-torneira-trevoes.html,https://canalizador-norte-reparos.pt/canalizador-torneira-trevoes,self-ref-ok,,canonical matches source route
canalizador-torneira-valdigem.html,https://canalizador-norte-reparos.pt/canalizador-torneira-valdigem,self-ref-ok,,canonical matches source route
canalizador-torneira-valpacos.html,https://canalizador-norte-reparos.pt/canalizador-torneira-valpacos,self-ref-ok,,canonical matches source route
canalizador-torneira-vern.html,https://canalizador-norte-reparos.pt/canalizador-torneira-vern,self-ref-ok,,canonical matches source route
canalizador-torneira-vidago.html,https://canalizador-norte-reparos.pt/canalizador-torneira-vidago,self-ref-ok,,canonical matches source route
canalizador-torneira-vila-flor.html,https://canalizador-norte-reparos.pt/canalizador-torneira-vila-flor,self-ref-ok,,canonical matches source route
canalizador-torneira-vila-franca-das-naves.html,https://canalizador-norte-reparos.pt/canalizador-torneira-vila-franca-das-naves,self-ref-ok,,canonical matches source route
canalizador-torneira-vila-nova-de-foz-coa.html,https://canalizador-norte-reparos.pt/canalizador-torneira-vila-nova-de-foz-coa,self-ref-ok,,canonical matches source route
canalizador-torneira-vila-pouca-de-aguiar.html,https://canalizador-norte-reparos.pt/canalizador-torneira-vila-pouca-de-aguiar,self-ref-ok,,canonical matches source route
canalizador-torneira-vila-real.html,https://canalizador-norte-reparos.pt/canalizador-torneira-vila-real,self-ref-ok,,canonical matches source route
canalizador-torneira-vilar-de-macada.html,https://canalizador-norte-reparos.pt/canalizador-torneira-vilar-de-macada,self-ref-ok,,canonical matches source route
canalizador-torneira-vilarandelo.html,https://canalizador-norte-reparos.pt/canalizador-torneira-vilarandelo,self-ref-ok,,canonical matches source route
canalizador-torneira-vimioso.html,https://canalizador-norte-reparos.pt/canalizador-torneira-vimioso,self-ref-ok,,canonical matches source route
canalizador-torneira-vinhais.html,https://canalizador-norte-reparos.pt/canalizador-torneira-vinhais,self-ref-ok,,canonical matches source route
canalizador-torneira-xinzo-de-limia.html,https://canalizador-norte-reparos.pt/canalizador-torneira-xinzo-de-limia,self-ref-ok,,canonical matches source route
canalizador-torre-de-dona-chama.html,https://canalizador-norte-reparos.pt/canalizador-torre-de-dona-chama,self-ref-ok,,canonical matches source route
canalizador-torre-de-moncorvo.html,https://canalizador-norte-reparos.pt/canalizador-torre-de-moncorvo,self-ref-ok,,canonical matches source route
canalizador-torre-do-pinhao.html,https://canalizador-norte-reparos.pt/canalizador-torre-do-pinhao,self-ref-ok,,canonical matches source route
canalizador-torre-do-pinhão.html,https://canalizador-norte-reparos.pt/canalizador-torre-do-pinhão,self-ref-ok,,canonical matches source route
canalizador-torre-do-terrenho.html,https://canalizador-norte-reparos.pt/canalizador-torre-do-terrenho,self-ref-ok,,canonical matches source route
canalizador-touca.html,https://canalizador-norte-reparos.pt/canalizador-touca,self-ref-ok,,canonical matches source route
canalizador-touça.html,https://canalizador-norte-reparos.pt/canalizador-touça,self-ref-ok,,canonical matches source route
canalizador-travanca.html,https://canalizador-norte-reparos.pt/canalizador-travanca,self-ref-ok,,canonical matches source route
canalizador-travancas.html,https://canalizador-norte-reparos.pt/canalizador-travancas,self-ref-ok,,canonical matches source route
canalizador-tresminas.html,https://canalizador-norte-reparos.pt/canalizador-tresminas,self-ref-ok,,canonical matches source route
canalizador-tresouras.html,https://canalizador-norte-reparos.pt/canalizador-tresouras,self-ref-ok,,canonical matches source route
canalizador-trevoes.html,https://canalizador-norte-reparos.pt/canalizador-trevoes,self-ref-ok,,canonical matches source route
canalizador-trevões.html,https://canalizador-norte-reparos.pt/canalizador-trevões,self-ref-ok,,canonical matches source route
canalizador-trindade.html,https://canalizador-norte-reparos.pt/canalizador-trindade,self-ref-ok,,canonical matches source route
canalizador-tronco.html,https://canalizador-norte-reparos.pt/canalizador-tronco,self-ref-ok,,canonical matches source route
canalizador-truchas-trueitas.html,https://canalizador-norte-reparos.pt/canalizador-truchas-trueitas,self-ref-ok,,canonical matches source route
canalizador-tuizelo.html,https://canalizador-norte-reparos.pt/canalizador-tuizelo,self-ref-ok,,canonical matches source route
canalizador-távora.html,https://canalizador-norte-reparos.pt/canalizador-távora,self-ref-ok,,canonical matches source route
canalizador-tó.html,https://canalizador-norte-reparos.pt/canalizador-tó,self-ref-ok,,canonical matches source route
canalizador-ucanha.html,https://canalizador-norte-reparos.pt/canalizador-ucanha,self-ref-ok,,canonical matches source route
canalizador-urgente-alfandega-da-fe.html,https://canalizador-norte-reparos.pt/canalizador-urgente-alfandega-da-fe,self-ref-ok,,canonical matches source route
canalizador-urgente-alijo.html,https://canalizador-norte-reparos.pt/canalizador-urgente-alijo,self-ref-ok,,canonical matches source route
canalizador-urgente-almendra.html,https://canalizador-norte-reparos.pt/canalizador-urgente-almendra,self-ref-ok,,canonical matches source route
canalizador-urgente-amarante.html,https://canalizador-norte-reparos.pt/canalizador-urgente-amarante,self-ref-ok,,canonical matches source route
canalizador-urgente-argozelo.html,https://canalizador-norte-reparos.pt/canalizador-urgente-argozelo,self-ref-ok,,canonical matches source route
canalizador-urgente-armamar.html,https://canalizador-norte-reparos.pt/canalizador-urgente-armamar,self-ref-ok,,canonical matches source route
canalizador-urgente-boticas.html,https://canalizador-norte-reparos.pt/canalizador-urgente-boticas,self-ref-ok,,canonical matches source route
canalizador-urgente-braganca.html,https://canalizador-norte-reparos.pt/canalizador-urgente-braganca,self-ref-ok,,canonical matches source route
canalizador-urgente-britiande.html,https://canalizador-norte-reparos.pt/canalizador-urgente-britiande,self-ref-ok,,canonical matches source route
canalizador-urgente-cambres.html,https://canalizador-norte-reparos.pt/canalizador-urgente-cambres,self-ref-ok,,canonical matches source route
canalizador-urgente-carrazeda-de-ansiaes.html,https://canalizador-norte-reparos.pt/canalizador-urgente-carrazeda-de-ansiaes,self-ref-ok,,canonical matches source route
canalizador-urgente-carrazedo-de-montenegro.html,https://canalizador-norte-reparos.pt/canalizador-urgente-carrazedo-de-montenegro,self-ref-ok,,canonical matches source route
canalizador-urgente-cedovim.html,https://canalizador-norte-reparos.pt/canalizador-urgente-cedovim,self-ref-ok,,canonical matches source route
canalizador-urgente-cerva.html,https://canalizador-norte-reparos.pt/canalizador-urgente-cerva,self-ref-ok,,canonical matches source route
canalizador-urgente-chaves.html,https://canalizador-norte-reparos.pt/canalizador-urgente-chaves,self-ref-ok,,canonical matches source route
canalizador-urgente-cumieira.html,https://canalizador-norte-reparos.pt/canalizador-urgente-cumieira,self-ref-ok,,canonical matches source route
canalizador-urgente-ervedosa-do-douro.html,https://canalizador-norte-reparos.pt/canalizador-urgente-ervedosa-do-douro,self-ref-ok,,canonical matches source route
canalizador-urgente-favaios.html,https://canalizador-norte-reparos.pt/canalizador-urgente-favaios,self-ref-ok,,canonical matches source route
canalizador-urgente-figueira-de-castelo-rodrigo.html,https://canalizador-norte-reparos.pt/canalizador-urgente-figueira-de-castelo-rodrigo,self-ref-ok,,canonical matches source route
canalizador-urgente-freixo-de-espada-a-cinta.html,https://canalizador-norte-reparos.pt/canalizador-urgente-freixo-de-espada-a-cinta,self-ref-ok,,canonical matches source route
canalizador-urgente-freixo-de-numao.html,https://canalizador-norte-reparos.pt/canalizador-urgente-freixo-de-numao,self-ref-ok,,canonical matches source route
canalizador-urgente-izeda.html,https://canalizador-norte-reparos.pt/canalizador-urgente-izeda,self-ref-ok,,canonical matches source route
canalizador-urgente-lalim.html,https://canalizador-norte-reparos.pt/canalizador-urgente-lalim,self-ref-ok,,canonical matches source route
canalizador-urgente-lamego.html,https://canalizador-norte-reparos.pt/canalizador-urgente-lamego,self-ref-ok,,canonical matches source route
canalizador-urgente-lazarim.html,https://canalizador-norte-reparos.pt/canalizador-urgente-lazarim,self-ref-ok,,canonical matches source route
canalizador-urgente-lixa.html,https://canalizador-norte-reparos.pt/canalizador-urgente-lixa,self-ref-ok,,canonical matches source route
canalizador-urgente-lordelo.html,https://canalizador-norte-reparos.pt/canalizador-urgente-lordelo,self-ref-ok,,canonical matches source route
canalizador-urgente-macedo-de-cavaleiros.html,https://canalizador-norte-reparos.pt/canalizador-urgente-macedo-de-cavaleiros,self-ref-ok,,canonical matches source route
canalizador-urgente-marco-de-canaveses.html,https://canalizador-norte-reparos.pt/canalizador-urgente-marco-de-canaveses,self-ref-ok,,canonical matches source route
canalizador-urgente-marialva.html,https://canalizador-norte-reparos.pt/canalizador-urgente-marialva,self-ref-ok,,canonical matches source route
canalizador-urgente-mesao-frio.html,https://canalizador-norte-reparos.pt/canalizador-urgente-mesao-frio,self-ref-ok,,canonical matches source route
canalizador-urgente-miranda-do-douro.html,https://canalizador-norte-reparos.pt/canalizador-urgente-miranda-do-douro,self-ref-ok,,canonical matches source route
canalizador-urgente-mirandela.html,https://canalizador-norte-reparos.pt/canalizador-urgente-mirandela,self-ref-ok,,canonical matches source route
canalizador-urgente-mogadouro.html,https://canalizador-norte-reparos.pt/canalizador-urgente-mogadouro,self-ref-ok,,canonical matches source route
canalizador-urgente-mondim-da-beira.html,https://canalizador-norte-reparos.pt/canalizador-urgente-mondim-da-beira,self-ref-ok,,canonical matches source route
canalizador-urgente-mondim-de-basto.html,https://canalizador-norte-reparos.pt/canalizador-urgente-mondim-de-basto,self-ref-ok,,canonical matches source route
canalizador-urgente-montalegre.html,https://canalizador-norte-reparos.pt/canalizador-urgente-montalegre,self-ref-ok,,canonical matches source route
canalizador-urgente-moucos.html,https://canalizador-norte-reparos.pt/canalizador-urgente-moucos,self-ref-ok,,canonical matches source route
canalizador-urgente-murca.html,https://canalizador-norte-reparos.pt/canalizador-urgente-murca,self-ref-ok,,canonical matches source route
canalizador-urgente-pedras-salgadas.html,https://canalizador-norte-reparos.pt/canalizador-urgente-pedras-salgadas,self-ref-ok,,canonical matches source route
canalizador-urgente-penedono.html,https://canalizador-norte-reparos.pt/canalizador-urgente-penedono,self-ref-ok,,canonical matches source route
canalizador-urgente-peso-da-regua.html,https://canalizador-norte-reparos.pt/canalizador-urgente-peso-da-regua,self-ref-ok,,canonical matches source route
canalizador-urgente-pinhao.html,https://canalizador-norte-reparos.pt/canalizador-urgente-pinhao,self-ref-ok,,canonical matches source route
canalizador-urgente-resende.html,https://canalizador-norte-reparos.pt/canalizador-urgente-resende,self-ref-ok,,canonical matches source route
canalizador-urgente-ribeira-de-pena.html,https://canalizador-norte-reparos.pt/canalizador-urgente-ribeira-de-pena,self-ref-ok,,canonical matches source route
canalizador-urgente-sabrosa.html,https://canalizador-norte-reparos.pt/canalizador-urgente-sabrosa,self-ref-ok,,canonical matches source route
canalizador-urgente-salzedas.html,https://canalizador-norte-reparos.pt/canalizador-urgente-salzedas,self-ref-ok,,canonical matches source route
canalizador-urgente-sanfins-do-douro.html,https://canalizador-norte-reparos.pt/canalizador-urgente-sanfins-do-douro,self-ref-ok,,canonical matches source route
canalizador-urgente-santa-marinha-do-zezere.html,https://canalizador-norte-reparos.pt/canalizador-urgente-santa-marinha-do-zezere,self-ref-ok,,canonical matches source route
canalizador-urgente-santa-marta-de-penaguiao.html,https://canalizador-norte-reparos.pt/canalizador-urgente-santa-marta-de-penaguiao,self-ref-ok,,canonical matches source route
canalizador-urgente-santo-estevao.html,https://canalizador-norte-reparos.pt/canalizador-urgente-santo-estevao,self-ref-ok,,canonical matches source route
canalizador-urgente-sao-cosmado.html,https://canalizador-norte-reparos.pt/canalizador-urgente-sao-cosmado,self-ref-ok,,canonical matches source route
canalizador-urgente-sao-joao-da-pesqueira.html,https://canalizador-norte-reparos.pt/canalizador-urgente-sao-joao-da-pesqueira,self-ref-ok,,canonical matches source route
canalizador-urgente-sao-joao-de-tarouca.html,https://canalizador-norte-reparos.pt/canalizador-urgente-sao-joao-de-tarouca,self-ref-ok,,canonical matches source route
canalizador-urgente-sao-martinho-de-anta.html,https://canalizador-norte-reparos.pt/canalizador-urgente-sao-martinho-de-anta,self-ref-ok,,canonical matches source route
canalizador-urgente-sao-martinho-de-mouros.html,https://canalizador-norte-reparos.pt/canalizador-urgente-sao-martinho-de-mouros,self-ref-ok,,canonical matches source route
canalizador-urgente-sendim.html,https://canalizador-norte-reparos.pt/canalizador-urgente-sendim,self-ref-ok,,canonical matches source route
canalizador-urgente-sernancelhe.html,https://canalizador-norte-reparos.pt/canalizador-urgente-sernancelhe,self-ref-ok,,canonical matches source route
canalizador-urgente-tabuaco.html,https://canalizador-norte-reparos.pt/canalizador-urgente-tabuaco,self-ref-ok,,canonical matches source route
canalizador-urgente-tarouca.html,https://canalizador-norte-reparos.pt/canalizador-urgente-tarouca,self-ref-ok,,canonical matches source route
canalizador-urgente-torre-de-dona-chama.html,https://canalizador-norte-reparos.pt/canalizador-urgente-torre-de-dona-chama,self-ref-ok,,canonical matches source route
canalizador-urgente-torre-de-moncorvo.html,https://canalizador-norte-reparos.pt/canalizador-urgente-torre-de-moncorvo,self-ref-ok,,canonical matches source route
canalizador-urgente-trevoes.html,https://canalizador-norte-reparos.pt/canalizador-urgente-trevoes,self-ref-ok,,canonical matches source route
canalizador-urgente-valdigem.html,https://canalizador-norte-reparos.pt/canalizador-urgente-valdigem,self-ref-ok,,canonical matches source route
canalizador-urgente-valpacos.html,https://canalizador-norte-reparos.pt/canalizador-urgente-valpacos,self-ref-ok,,canonical matches source route
canalizador-urgente-vern.html,https://canalizador-norte-reparos.pt/canalizador-urgente-vern,self-ref-ok,,canonical matches source route
canalizador-urgente-vidago.html,https://canalizador-norte-reparos.pt/canalizador-urgente-vidago,self-ref-ok,,canonical matches source route
canalizador-urgente-vila-flor.html,https://canalizador-norte-reparos.pt/canalizador-urgente-vila-flor,self-ref-ok,,canonical matches source route
canalizador-urgente-vila-franca-das-naves.html,https://canalizador-norte-reparos.pt/canalizador-urgente-vila-franca-das-naves,self-ref-ok,,canonical matches source route
canalizador-urgente-vila-nova-de-foz-coa.html,https://canalizador-norte-reparos.pt/canalizador-urgente-vila-nova-de-foz-coa,self-ref-ok,,canonical matches source route
canalizador-urgente-vila-pouca-de-aguiar.html,https://canalizador-norte-reparos.pt/canalizador-urgente-vila-pouca-de-aguiar,self-ref-ok,,canonical matches source route
canalizador-urgente-vila-real.html,https://canalizador-norte-reparos.pt/canalizador-urgente-vila-real,self-ref-ok,,canonical matches source route
canalizador-urgente-vilar-de-macada.html,https://canalizador-norte-reparos.pt/canalizador-urgente-vilar-de-macada,self-ref-ok,,canonical matches source route
canalizador-urgente-vilarandelo.html,https://canalizador-norte-reparos.pt/canalizador-urgente-vilarandelo,self-ref-ok,,canonical matches source route
canalizador-urgente-vimioso.html,https://canalizador-norte-reparos.pt/canalizador-urgente-vimioso,self-ref-ok,,canonical matches source route
canalizador-urgente-vinhais.html,https://canalizador-norte-reparos.pt/canalizador-urgente-vinhais,self-ref-ok,,canonical matches source route
canalizador-urgente-xinzo-de-limia.html,https://canalizador-norte-reparos.pt/canalizador-urgente-xinzo-de-limia,self-ref-ok,,canonical matches source route
canalizador-urros.html,https://canalizador-norte-reparos.pt/canalizador-urros,self-ref-ok,,canonical matches source route
canalizador-urrós.html,https://canalizador-norte-reparos.pt/canalizador-urrós,self-ref-ok,,canonical matches source route
canalizador-uva.html,https://canalizador-norte-reparos.pt/canalizador-uva,self-ref-ok,,canonical matches source route
canalizador-vacalar.html,https://canalizador-norte-reparos.pt/canalizador-vacalar,self-ref-ok,,canonical matches source route
canalizador-valadares.html,https://canalizador-norte-reparos.pt/canalizador-valadares,self-ref-ok,,canonical matches source route
canalizador-valbom-da-trindade.html,https://canalizador-norte-reparos.pt/canalizador-valbom-da-trindade,self-ref-ok,,canonical matches source route
canalizador-valbom-de-figos.html,https://canalizador-norte-reparos.pt/canalizador-valbom-de-figos,self-ref-ok,,canonical matches source route
canalizador-valdigem.html,https://canalizador-norte-reparos.pt/canalizador-valdigem,self-ref-ok,,canonical matches source route
canalizador-valdrez.html,https://canalizador-norte-reparos.pt/canalizador-valdrez,self-ref-ok,,canonical matches source route
canalizador-valdujo.html,https://canalizador-norte-reparos.pt/canalizador-valdujo,self-ref-ok,,canonical matches source route
canalizador-vale-benfeito.html,https://canalizador-norte-reparos.pt/canalizador-vale-benfeito,self-ref-ok,,canonical matches source route
canalizador-vale-bom-pitez.html,https://canalizador-norte-reparos.pt/canalizador-vale-bom-pitez,self-ref-ok,,canonical matches source route
canalizador-vale-da-madre.html,https://canalizador-norte-reparos.pt/canalizador-vale-da-madre,self-ref-ok,,canonical matches source route
canalizador-vale-da-mula.html,https://canalizador-norte-reparos.pt/canalizador-vale-da-mula,self-ref-ok,,canonical matches source route
canalizador-vale-da-porca.html,https://canalizador-norte-reparos.pt/canalizador-vale-da-porca,self-ref-ok,,canonical matches source route
canalizador-vale-da-sancha.html,https://canalizador-norte-reparos.pt/canalizador-vale-da-sancha,self-ref-ok,,canonical matches source route
canalizador-vale-das-fontes.html,https://canalizador-norte-reparos.pt/canalizador-vale-das-fontes,self-ref-ok,,canonical matches source route
canalizador-vale-de-afonsinho.html,https://canalizador-norte-reparos.pt/canalizador-vale-de-afonsinho,self-ref-ok,,canonical matches source route
canalizador-vale-de-anta.html,https://canalizador-norte-reparos.pt/canalizador-vale-de-anta,self-ref-ok,,canonical matches source route
canalizador-vale-de-asnes.html,https://canalizador-norte-reparos.pt/canalizador-vale-de-asnes,self-ref-ok,,canonical matches source route
canalizador-vale-de-azares.html,https://canalizador-norte-reparos.pt/canalizador-vale-de-azares,self-ref-ok,,canonical matches source route
canalizador-vale-de-casas.html,https://canalizador-norte-reparos.pt/canalizador-vale-de-casas,self-ref-ok,,canonical matches source route
canalizador-vale-de-coelha.html,https://canalizador-norte-reparos.pt/canalizador-vale-de-coelha,self-ref-ok,,canonical matches source route
canalizador-vale-de-couce.html,https://canalizador-norte-reparos.pt/canalizador-vale-de-couce,self-ref-ok,,canonical matches source route
canalizador-vale-de-figueira.html,https://canalizador-norte-reparos.pt/canalizador-vale-de-figueira,self-ref-ok,,canonical matches source route
canalizador-vale-de-frades.html,https://canalizador-norte-reparos.pt/canalizador-vale-de-frades,self-ref-ok,,canonical matches source route
canalizador-vale-de-gouvinhas.html,https://canalizador-norte-reparos.pt/canalizador-vale-de-gouvinhas,self-ref-ok,,canonical matches source route
canalizador-vale-de-janeiro.html,https://canalizador-norte-reparos.pt/canalizador-vale-de-janeiro,self-ref-ok,,canonical matches source route
canalizador-vale-de-juncal.html,https://canalizador-norte-reparos.pt/canalizador-vale-de-juncal,self-ref-ok,,canonical matches source route
canalizador-vale-de-lagoa.html,https://canalizador-norte-reparos.pt/canalizador-vale-de-lagoa,self-ref-ok,,canonical matches source route
canalizador-vale-de-lobo.html,https://canalizador-norte-reparos.pt/canalizador-vale-de-lobo,self-ref-ok,,canonical matches source route
canalizador-vale-de-madeira.html,https://canalizador-norte-reparos.pt/canalizador-vale-de-madeira,self-ref-ok,,canonical matches source route
canalizador-vale-de-madeiro.html,https://canalizador-norte-reparos.pt/canalizador-vale-de-madeiro,self-ref-ok,,canonical matches source route
canalizador-vale-de-maior.html,https://canalizador-norte-reparos.pt/canalizador-vale-de-maior,self-ref-ok,,canonical matches source route
canalizador-vale-de-martinho.html,https://canalizador-norte-reparos.pt/canalizador-vale-de-martinho,self-ref-ok,,canonical matches source route
canalizador-vale-de-mendiz.html,https://canalizador-norte-reparos.pt/canalizador-vale-de-mendiz,self-ref-ok,,canonical matches source route
canalizador-vale-de-nogueira.html,https://canalizador-norte-reparos.pt/canalizador-vale-de-nogueira,self-ref-ok,,canonical matches source route
canalizador-vale-de-nogueiras.html,https://canalizador-norte-reparos.pt/canalizador-vale-de-nogueiras,self-ref-ok,,canonical matches source route
canalizador-vale-de-pareiro.html,https://canalizador-norte-reparos.pt/canalizador-vale-de-pareiro,self-ref-ok,,canonical matches source route
canalizador-vale-de-porco.html,https://canalizador-norte-reparos.pt/canalizador-vale-de-porco,self-ref-ok,,canonical matches source route
canalizador-vale-de-prados.html,https://canalizador-norte-reparos.pt/canalizador-vale-de-prados,self-ref-ok,,canonical matches source route
canalizador-vale-de-salgueiro.html,https://canalizador-norte-reparos.pt/canalizador-vale-de-salgueiro,self-ref-ok,,canonical matches source route
canalizador-vale-de-telhas.html,https://canalizador-norte-reparos.pt/canalizador-vale-de-telhas,self-ref-ok,,canonical matches source route
canalizador-vale-de-vila.html,https://canalizador-norte-reparos.pt/canalizador-vale-de-vila,self-ref-ok,,canonical matches source route
canalizador-vale-do-seixo.html,https://canalizador-norte-reparos.pt/canalizador-vale-do-seixo,self-ref-ok,,canonical matches source route
canalizador-vale-flor.html,https://canalizador-norte-reparos.pt/canalizador-vale-flor,self-ref-ok,,canonical matches source route
canalizador-vale-frechoso.html,https://canalizador-norte-reparos.pt/canalizador-vale-frechoso,self-ref-ok,,canonical matches source route
canalizador-vale-pereiro.html,https://canalizador-norte-reparos.pt/canalizador-vale-pereiro,self-ref-ok,,canonical matches source route
canalizador-vale-pradinhos.html,https://canalizador-norte-reparos.pt/canalizador-vale-pradinhos,self-ref-ok,,canonical matches source route
canalizador-valenca-do-douro.html,https://canalizador-norte-reparos.pt/canalizador-valenca-do-douro,self-ref-ok,,canonical matches source route
canalizador-valença-do-douro.html,https://canalizador-norte-reparos.pt/canalizador-valença-do-douro,self-ref-ok,,canonical matches source route
canalizador-vales.html,https://canalizador-norte-reparos.pt/canalizador-vales,self-ref-ok,,canonical matches source route
canalizador-valongo-das-meadas.html,https://canalizador-norte-reparos.pt/canalizador-valongo-das-meadas,self-ref-ok,,canonical matches source route
canalizador-valongo-de-milhais.html,https://canalizador-norte-reparos.pt/canalizador-valongo-de-milhais,self-ref-ok,,canonical matches source route
canalizador-valongo-dos-azeites.html,https://canalizador-norte-reparos.pt/canalizador-valongo-dos-azeites,self-ref-ok,,canonical matches source route
canalizador-valongo.html,https://canalizador-norte-reparos.pt/canalizador-valongo,self-ref-ok,,canonical matches source route
canalizador-valoura.html,https://canalizador-norte-reparos.pt/canalizador-valoura,self-ref-ok,,canonical matches source route
canalizador-valpacos.html,https://canalizador-norte-reparos.pt/canalizador-valpacos,self-ref-ok,,canonical matches source route
canalizador-valtorno.html,https://canalizador-norte-reparos.pt/canalizador-valtorno,self-ref-ok,,canonical matches source route
canalizador-valverde.html,https://canalizador-norte-reparos.pt/canalizador-valverde,self-ref-ok,,canonical matches source route
canalizador-varzea-da-ovelha.html,https://canalizador-norte-reparos.pt/canalizador-varzea-da-ovelha,self-ref-ok,,canonical matches source route
canalizador-varzea-da-serra.html,https://canalizador-norte-reparos.pt/canalizador-varzea-da-serra,self-ref-ok,,canonical matches source route
canalizador-varzea-de-abrunhais.html,https://canalizador-norte-reparos.pt/canalizador-varzea-de-abrunhais,self-ref-ok,,canonical matches source route
canalizador-varzea-de-trevoes.html,https://canalizador-norte-reparos.pt/canalizador-varzea-de-trevoes,self-ref-ok,,canonical matches source route
canalizador-vascoveiro.html,https://canalizador-norte-reparos.pt/canalizador-vascoveiro,self-ref-ok,,canonical matches source route
canalizador-vassal.html,https://canalizador-norte-reparos.pt/canalizador-vassal,self-ref-ok,,canonical matches source route
canalizador-veiga-de-lila.html,https://canalizador-norte-reparos.pt/canalizador-veiga-de-lila,self-ref-ok,,canonical matches source route
canalizador-veigas.html,https://canalizador-norte-reparos.pt/canalizador-veigas,self-ref-ok,,canonical matches source route
canalizador-velosa.html,https://canalizador-norte-reparos.pt/canalizador-velosa,self-ref-ok,,canonical matches source route
canalizador-ventoselo.html,https://canalizador-norte-reparos.pt/canalizador-ventoselo,self-ref-ok,,canonical matches source route
canalizador-vermiosa.html,https://canalizador-norte-reparos.pt/canalizador-vermiosa,self-ref-ok,,canonical matches source route
canalizador-vern.html,https://canalizador-norte-reparos.pt/canalizador-vern,self-ref-ok,,canonical matches source route
canalizador-viade-de-baixo.html,https://canalizador-norte-reparos.pt/canalizador-viade-de-baixo,self-ref-ok,,canonical matches source route
canalizador-viariz.html,https://canalizador-norte-reparos.pt/canalizador-viariz,self-ref-ok,,canonical matches source route
canalizador-vias.html,https://canalizador-norte-reparos.pt/canalizador-vias,self-ref-ok,,canonical matches source route
canalizador-vidago.html,https://canalizador-norte-reparos.pt/canalizador-vidago,self-ref-ok,,canonical matches source route
canalizador-vide-entre-vinhas.html,https://canalizador-norte-reparos.pt/canalizador-vide-entre-vinhas,self-ref-ok,,canonical matches source route
canalizador-viduedo.html,https://canalizador-norte-reparos.pt/canalizador-viduedo,self-ref-ok,,canonical matches source route
canalizador-vila-boa-de-ousilhao.html,https://canalizador-norte-reparos.pt/canalizador-vila-boa-de-ousilhao,self-ref-ok,,canonical matches source route
canalizador-vila-boa-de-ousilhão.html,https://canalizador-norte-reparos.pt/canalizador-vila-boa-de-ousilhão,self-ref-ok,,canonical matches source route
canalizador-vila-boa-do-mondego.html,https://canalizador-norte-reparos.pt/canalizador-vila-boa-do-mondego,self-ref-ok,,canonical matches source route
canalizador-vila-boa.html,https://canalizador-norte-reparos.pt/canalizador-vila-boa,self-ref-ok,,canonical matches source route
canalizador-vila-caiz.html,https://canalizador-norte-reparos.pt/canalizador-vila-caiz,self-ref-ok,,canonical matches source route
canalizador-vila-cha-da-beira.html,https://canalizador-norte-reparos.pt/canalizador-vila-cha-da-beira,self-ref-ok,,canonical matches source route
canalizador-vila-cha-de-braciosa.html,https://canalizador-norte-reparos.pt/canalizador-vila-cha-de-braciosa,self-ref-ok,,canonical matches source route
canalizador-vila-cha-do-marao.html,https://canalizador-norte-reparos.pt/canalizador-vila-cha-do-marao,self-ref-ok,,canonical matches source route
canalizador-vila-chã-de-braciosa.html,https://canalizador-norte-reparos.pt/canalizador-vila-chã-de-braciosa,self-ref-ok,,canonical matches source route
canalizador-vila-cortes-do-mondego.html,https://canalizador-norte-reparos.pt/canalizador-vila-cortes-do-mondego,self-ref-ok,,canonical matches source route
canalizador-vila-cova.html,https://canalizador-norte-reparos.pt/canalizador-vila-cova,self-ref-ok,,canonical matches source route
canalizador-vila-de-ala.html,https://canalizador-norte-reparos.pt/canalizador-vila-de-ala,self-ref-ok,,canonical matches source route
canalizador-vila-de-rei.html,https://canalizador-norte-reparos.pt/canalizador-vila-de-rei,self-ref-ok,,canonical matches source route
canalizador-vila-flor.html,https://canalizador-norte-reparos.pt/canalizador-vila-flor,self-ref-ok,,canonical matches source route
canalizador-vila-franca-das-naves.html,https://canalizador-norte-reparos.pt/canalizador-vila-franca-das-naves,self-ref-ok,,canonical matches source route
canalizador-vila-franca-do-deao.html,https://canalizador-norte-reparos.pt/canalizador-vila-franca-do-deao,self-ref-ok,,canonical matches source route
canalizador-vila-franca.html,https://canalizador-norte-reparos.pt/canalizador-vila-franca,self-ref-ok,,canonical matches source route
canalizador-vila-garcia.html,https://canalizador-norte-reparos.pt/canalizador-vila-garcia,self-ref-ok,,canonical matches source route
canalizador-vila-jusa.html,https://canalizador-norte-reparos.pt/canalizador-vila-jusa,self-ref-ok,,canonical matches source route
canalizador-vila-marim.html,https://canalizador-norte-reparos.pt/canalizador-vila-marim,self-ref-ok,,canonical matches source route
canalizador-vila-nova-da-rainha.html,https://canalizador-norte-reparos.pt/canalizador-vila-nova-da-rainha,self-ref-ok,,canonical matches source route
canalizador-vila-nova-das-patas.html,https://canalizador-norte-reparos.pt/canalizador-vila-nova-das-patas,self-ref-ok,,canonical matches source route
canalizador-vila-nova-de-foz-coa.html,https://canalizador-norte-reparos.pt/canalizador-vila-nova-de-foz-coa,self-ref-ok,,canonical matches source route
canalizador-vila-nova-de-souto-d-el-rei.html,https://canalizador-norte-reparos.pt/canalizador-vila-nova-de-souto-d-el-rei,self-ref-ok,,canonical matches source route
canalizador-vila-nova.html,https://canalizador-norte-reparos.pt/canalizador-vila-nova,self-ref-ok,,canonical matches source route
canalizador-vila-pouca-de-aguiar.html,https://canalizador-norte-reparos.pt/canalizador-vila-pouca-de-aguiar,self-ref-ok,,canonical matches source route
canalizador-vila-real.html,https://canalizador-norte-reparos.pt/canalizador-vila-real,self-ref-ok,,canonical matches source route
canalizador-vila-verde-da-raia.html,https://canalizador-norte-reparos.pt/canalizador-vila-verde-da-raia,self-ref-ok,,canonical matches source route
canalizador-vila-verde.html,https://canalizador-norte-reparos.pt/canalizador-vila-verde,self-ref-ok,,canonical matches source route
canalizador-vila-verdinho.html,https://canalizador-norte-reparos.pt/canalizador-vila-verdinho,self-ref-ok,,canonical matches source route
canalizador-vilar-chao.html,https://canalizador-norte-reparos.pt/canalizador-vilar-chao,self-ref-ok,,canonical matches source route
canalizador-vilar-chão.html,https://canalizador-norte-reparos.pt/canalizador-vilar-chão,self-ref-ok,,canonical matches source route
canalizador-vilar-de-amargo.html,https://canalizador-norte-reparos.pt/canalizador-vilar-de-amargo,self-ref-ok,,canonical matches source route
canalizador-vilar-de-ferreiros.html,https://canalizador-norte-reparos.pt/canalizador-vilar-de-ferreiros,self-ref-ok,,canonical matches source route
canalizador-vilar-de-ledra.html,https://canalizador-norte-reparos.pt/canalizador-vilar-de-ledra,self-ref-ok,,canonical matches source route
canalizador-vilar-de-lomba.html,https://canalizador-norte-reparos.pt/canalizador-vilar-de-lomba,self-ref-ok,,canonical matches source route
canalizador-vilar-de-macada.html,https://canalizador-norte-reparos.pt/canalizador-vilar-de-macada,self-ref-ok,,canonical matches source route
canalizador-vilar-de-maçada.html,https://canalizador-norte-reparos.pt/canalizador-vilar-de-maçada,self-ref-ok,,canonical matches source route
canalizador-vilar-de-nantes.html,https://canalizador-norte-reparos.pt/canalizador-vilar-de-nantes,self-ref-ok,,canonical matches source route
canalizador-vilar-de-ossos.html,https://canalizador-norte-reparos.pt/canalizador-vilar-de-ossos,self-ref-ok,,canonical matches source route
canalizador-vilar-de-ouro.html,https://canalizador-norte-reparos.pt/canalizador-vilar-de-ouro,self-ref-ok,,canonical matches source route
canalizador-vilar-de-perdizes.html,https://canalizador-norte-reparos.pt/canalizador-vilar-de-perdizes,self-ref-ok,,canonical matches source route
canalizador-vilar-de-peregrinos.html,https://canalizador-norte-reparos.pt/canalizador-vilar-de-peregrinos,self-ref-ok,,canonical matches source route
canalizador-vilar-do-monte.html,https://canalizador-norte-reparos.pt/canalizador-vilar-do-monte,self-ref-ok,,canonical matches source route
canalizador-vilar-douro.html,https://canalizador-norte-reparos.pt/canalizador-vilar-douro,self-ref-ok,,canonical matches source route
canalizador-vilar-seco-de-lomba.html,https://canalizador-norte-reparos.pt/canalizador-vilar-seco-de-lomba,self-ref-ok,,canonical matches source route
canalizador-vilar-seco.html,https://canalizador-norte-reparos.pt/canalizador-vilar-seco,self-ref-ok,,canonical matches source route
canalizador-vilar-torpim.html,https://canalizador-norte-reparos.pt/canalizador-vilar-torpim,self-ref-ok,,canonical matches source route
canalizador-vilarandelo.html,https://canalizador-norte-reparos.pt/canalizador-vilarandelo,self-ref-ok,,canonical matches source route
canalizador-vilardevos.html,https://canalizador-norte-reparos.pt/canalizador-vilardevos,self-ref-ok,,canonical matches source route
canalizador-vilardevós.html,https://canalizador-norte-reparos.pt/canalizador-vilardevós,self-ref-ok,,canonical matches source route
canalizador-vilarelho-da-raia.html,https://canalizador-norte-reparos.pt/canalizador-vilarelho-da-raia,self-ref-ok,,canonical matches source route
canalizador-vilarelhos.html,https://canalizador-norte-reparos.pt/canalizador-vilarelhos,self-ref-ok,,canonical matches source route
canalizador-vilares-da-torre.html,https://canalizador-norte-reparos.pt/canalizador-vilares-da-torre,self-ref-ok,,canonical matches source route
canalizador-vilares-da-vilarica.html,https://canalizador-norte-reparos.pt/canalizador-vilares-da-vilarica,self-ref-ok,,canonical matches source route
canalizador-vilares-da-vilariça.html,https://canalizador-norte-reparos.pt/canalizador-vilares-da-vilariça,self-ref-ok,,canonical matches source route
canalizador-vilarinho-da-castanheira.html,https://canalizador-norte-reparos.pt/canalizador-vilarinho-da-castanheira,self-ref-ok,,canonical matches source route
canalizador-vilarinho-das-azenhas.html,https://canalizador-norte-reparos.pt/canalizador-vilarinho-das-azenhas,self-ref-ok,,canonical matches source route
canalizador-vilarinho-das-paranheiras.html,https://canalizador-norte-reparos.pt/canalizador-vilarinho-das-paranheiras,self-ref-ok,,canonical matches source route
canalizador-vilarinho-de-agrochao.html,https://canalizador-norte-reparos.pt/canalizador-vilarinho-de-agrochao,self-ref-ok,,canonical matches source route
canalizador-vilarinho-de-agrochão.html,https://canalizador-norte-reparos.pt/canalizador-vilarinho-de-agrochão,self-ref-ok,,canonical matches source route
canalizador-vilarinho-de-cotas.html,https://canalizador-norte-reparos.pt/canalizador-vilarinho-de-cotas,self-ref-ok,,canonical matches source route
canalizador-vilarinho-de-samarda.html,https://canalizador-norte-reparos.pt/canalizador-vilarinho-de-samarda,self-ref-ok,,canonical matches source route
canalizador-vilarinho-de-samardã.html,https://canalizador-norte-reparos.pt/canalizador-vilarinho-de-samardã,self-ref-ok,,canonical matches source route
canalizador-vilarinho-de-sao-romao.html,https://canalizador-norte-reparos.pt/canalizador-vilarinho-de-sao-romao,self-ref-ok,,canonical matches source route
canalizador-vilarinho-de-são-romão.html,https://canalizador-norte-reparos.pt/canalizador-vilarinho-de-são-romão,self-ref-ok,,canonical matches source route
canalizador-vilarinho-do-monte.html,https://canalizador-norte-reparos.pt/canalizador-vilarinho-do-monte,self-ref-ok,,canonical matches source route
canalizador-vilarinho-dos-freires.html,https://canalizador-norte-reparos.pt/canalizador-vilarinho-dos-freires,self-ref-ok,,canonical matches source route
canalizador-vilarinho-dos-galegos.html,https://canalizador-norte-reparos.pt/canalizador-vilarinho-dos-galegos,self-ref-ok,,canonical matches source route
canalizador-vilarouco.html,https://canalizador-norte-reparos.pt/canalizador-vilarouco,self-ref-ok,,canonical matches source route
canalizador-vilas-boas.html,https://canalizador-norte-reparos.pt/canalizador-vilas-boas,self-ref-ok,,canonical matches source route
canalizador-vilela-do-tamega.html,https://canalizador-norte-reparos.pt/canalizador-vilela-do-tamega,self-ref-ok,,canonical matches source route
canalizador-vilela-do-tâmega.html,https://canalizador-norte-reparos.pt/canalizador-vilela-do-tâmega,self-ref-ok,,canonical matches source route
canalizador-vilela-seca.html,https://canalizador-norte-reparos.pt/canalizador-vilela-seca,self-ref-ok,,canonical matches source route
canalizador-vimieiro.html,https://canalizador-norte-reparos.pt/canalizador-vimieiro,self-ref-ok,,canonical matches source route
canalizador-vimioso.html,https://canalizador-norte-reparos.pt/canalizador-vimioso,self-ref-ok,,canonical matches source route
canalizador-vinhais.html,https://canalizador-norte-reparos.pt/canalizador-vinhais,self-ref-ok,,canonical matches source route
canalizador-vinhas.html,https://canalizador-norte-reparos.pt/canalizador-vinhas,self-ref-ok,,canonical matches source route
canalizador-vinhos.html,https://canalizador-norte-reparos.pt/canalizador-vinhos,self-ref-ok,,canonical matches source route
canalizador-vreia-de-bornes.html,https://canalizador-norte-reparos.pt/canalizador-vreia-de-bornes,self-ref-ok,,canonical matches source route
canalizador-vreia-de-jales.html,https://canalizador-norte-reparos.pt/canalizador-vreia-de-jales,self-ref-ok,,canonical matches source route
canalizador-várzea-de-trevões.html,https://canalizador-norte-reparos.pt/canalizador-várzea-de-trevões,self-ref-ok,,canonical matches source route
canalizador-xinzo-de-limia.html,https://canalizador-norte-reparos.pt/canalizador-xinzo-de-limia,self-ref-ok,,canonical matches source route
canalizador-zedes.html,https://canalizador-norte-reparos.pt/canalizador-zedes,self-ref-ok,,canonical matches source route
canalizador-zoio.html,https://canalizador-norte-reparos.pt/canalizador-zoio,self-ref-ok,,canonical matches source route
canalizador-água-revés.html,https://canalizador-norte-reparos.pt/canalizador-água-revés,self-ref-ok,,canonical matches source route
canalizador-águas-frias.html,https://canalizador-norte-reparos.pt/canalizador-águas-frias,self-ref-ok,,canonical matches source route
canalizador-águas-vivas.html,https://canalizador-norte-reparos.pt/canalizador-águas-vivas,self-ref-ok,,canonical matches source route
cano-rebentado-alfandega-fe.html,https://canalizador-norte-reparos.pt/cano-rebentado-alfandega-fe,self-ref-ok,,canonical matches source route
cano-rebentado-algoso.html,https://canalizador-norte-reparos.pt/cano-rebentado-algoso,self-ref-ok,,canonical matches source route
cano-rebentado-alijo.html,https://canalizador-norte-reparos.pt/reparacao-fugas-pressao-baixa-alijo,hub-money-same-concelho,,same official concelho=alijo; target retained
cano-rebentado-armamar.html,https://canalizador-norte-reparos.pt/cano-rebentado-armamar,self-ref-ok,,canonical matches source route
cano-rebentado-boticas.html,https://canalizador-norte-reparos.pt/cano-rebentado-boticas,self-ref-ok,,canonical matches source route
cano-rebentado-braganca.html,https://canalizador-norte-reparos.pt/urgencia-canalizador-braganca,hub-money-same-concelho,,same official concelho=braganca; target retained
cano-rebentado-carrazeda-ansiaes.html,https://canalizador-norte-reparos.pt/cano-rebentado-carrazeda-ansiaes,self-ref-ok,,canonical matches source route
cano-rebentado-chaves.html,https://canalizador-norte-reparos.pt/urgencia-canalizador-chaves,hub-money-same-concelho,,same official concelho=chaves; target retained
cano-rebentado-duas-igrejas.html,https://canalizador-norte-reparos.pt/cano-rebentado-duas-igrejas,self-ref-ok,,canonical matches source route
cano-rebentado-foz-coa.html,https://canalizador-norte-reparos.pt/cano-rebentado-foz-coa,self-ref-ok,,canonical matches source route
cano-rebentado-freixo-espada-cinta.html,https://canalizador-norte-reparos.pt/cano-rebentado-freixo-espada-cinta,self-ref-ok,,canonical matches source route
cano-rebentado-lagoaca.html,https://canalizador-norte-reparos.pt/cano-rebentado-lagoaca,self-ref-ok,,canonical matches source route
cano-rebentado-lamego.html,https://canalizador-norte-reparos.pt/sem-agua-quente-lamego,hub-money-same-concelho,,same official concelho=lamego; target retained
cano-rebentado-macedo-cavaleiros.html,https://canalizador-norte-reparos.pt/cano-rebentado-macedo-cavaleiros,self-ref-ok,,canonical matches source route
cano-rebentado-macedo-de-cavaleiros.html,https://canalizador-norte-reparos.pt/urgencia-canalizador-macedo-de-cavaleiros,hub-money-same-concelho,,same official concelho=macedo-de-cavaleiros; target retained
cano-rebentado-mesao-frio.html,https://canalizador-norte-reparos.pt/cano-rebentado-mesao-frio,self-ref-ok,,canonical matches source route
cano-rebentado-miranda-douro.html,https://canalizador-norte-reparos.pt/cano-rebentado-miranda-douro,self-ref-ok,,canonical matches source route
cano-rebentado-mirandela.html,https://canalizador-norte-reparos.pt/urgencia-canalizador-mirandela,hub-money-same-concelho,,same official concelho=mirandela; target retained
cano-rebentado-mogadouro.html,https://canalizador-norte-reparos.pt/urgencia-canalizador-mogadouro,hub-money-same-concelho,,same official concelho=mogadouro; target retained
cano-rebentado-moimenta-beira.html,https://canalizador-norte-reparos.pt/cano-rebentado-moimenta-beira,self-ref-ok,,canonical matches source route
cano-rebentado-moncorvo.html,https://canalizador-norte-reparos.pt/cano-rebentado-moncorvo,self-ref-ok,,canonical matches source route
cano-rebentado-mondim-basto.html,https://canalizador-norte-reparos.pt/cano-rebentado-mondim-basto,self-ref-ok,,canonical matches source route
cano-rebentado-monforte-rio-livre.html,https://canalizador-norte-reparos.pt/cano-rebentado-monforte-rio-livre,self-ref-ok,,canonical matches source route
cano-rebentado-montalegre.html,https://canalizador-norte-reparos.pt/cano-rebentado-montalegre,self-ref-ok,,canonical matches source route
cano-rebentado-murca.html,https://canalizador-norte-reparos.pt/cano-rebentado-murca,self-ref-ok,,canonical matches source route
cano-rebentado-o-que-fazer.html,https://canalizador-norte-reparos.pt/cano-rebentado-o-que-fazer,self-ref-ok,,canonical matches source route
cano-rebentado-penedono.html,https://canalizador-norte-reparos.pt/cano-rebentado-penedono,self-ref-ok,,canonical matches source route
cano-rebentado-rebordelo.html,https://canalizador-norte-reparos.pt/cano-rebentado-rebordelo,self-ref-ok,,canonical matches source route
cano-rebentado-regua.html,https://canalizador-norte-reparos.pt/cano-rebentado-regua,self-ref-ok,,canonical matches source route
cano-rebentado-ribeira-pena.html,https://canalizador-norte-reparos.pt/cano-rebentado-ribeira-pena,self-ref-ok,,canonical matches source route
cano-rebentado-sabrosa.html,https://canalizador-norte-reparos.pt/cano-rebentado-sabrosa,self-ref-ok,,canonical matches source route
cano-rebentado-santa-marta-penaguiao.html,https://canalizador-norte-reparos.pt/cano-rebentado-santa-marta-penaguiao,self-ref-ok,,canonical matches source route
cano-rebentado-sao-joao-pesqueira.html,https://canalizador-norte-reparos.pt/cano-rebentado-sao-joao-pesqueira,self-ref-ok,,canonical matches source route
cano-rebentado-sendim.html,https://canalizador-norte-reparos.pt/cano-rebentado-sendim,self-ref-ok,,canonical matches source route
cano-rebentado-sernancelhe.html,https://canalizador-norte-reparos.pt/cano-rebentado-sernancelhe,self-ref-ok,,canonical matches source route
cano-rebentado-tabuaco.html,https://canalizador-norte-reparos.pt/cano-rebentado-tabuaco,self-ref-ok,,canonical matches source route
cano-rebentado-torre-moncorvo.html,https://canalizador-norte-reparos.pt/cano-rebentado-torre-moncorvo,self-ref-ok,,canonical matches source route
cano-rebentado-valpacos.html,https://canalizador-norte-reparos.pt/urgencia-canalizador-valpacos,hub-money-same-concelho,,same official concelho=valpacos; target retained
cano-rebentado-vila-flor.html,https://canalizador-norte-reparos.pt/cano-rebentado-vila-flor,self-ref-ok,,canonical matches source route
cano-rebentado-vila-pouca-aguiar.html,https://canalizador-norte-reparos.pt/cano-rebentado-vila-pouca-aguiar,self-ref-ok,,canonical matches source route
cano-rebentado-vila-real.html,https://canalizador-norte-reparos.pt/urgencia-canalizador-vila-real,hub-money-same-concelho,,same official concelho=vila-real; target retained
cano-rebentado-vimioso.html,https://canalizador-norte-reparos.pt/cano-rebentado-vimioso,self-ref-ok,,canonical matches source route
cano-rebentado-vinhais.html,https://canalizador-norte-reparos.pt/urgencia-canalizador-vinhais,hub-money-same-concelho,,same official concelho=vinhais; target retained
canos-pvc-vs-cobre.html,https://canalizador-norte-reparos.pt/canos-pvc-vs-cobre,self-ref-ok,,canonical matches source route
cheiro-esgoto-alfandega-fe.html,https://canalizador-norte-reparos.pt/cheiro-esgoto-alfandega-fe,self-ref-ok,,canonical matches source route
cheiro-esgoto-algoso.html,https://canalizador-norte-reparos.pt/cheiro-esgoto-algoso,self-ref-ok,,canonical matches source route
cheiro-esgoto-alijo.html,https://canalizador-norte-reparos.pt/reparacao-fugas-pressao-baixa-alijo,hub-money-same-concelho,,same official concelho=alijo; target retained
cheiro-esgoto-armamar.html,https://canalizador-norte-reparos.pt/cheiro-esgoto-armamar,self-ref-ok,,canonical matches source route
cheiro-esgoto-boticas.html,https://canalizador-norte-reparos.pt/cheiro-esgoto-boticas,self-ref-ok,,canonical matches source route
cheiro-esgoto-braganca.html,https://canalizador-norte-reparos.pt/urgencia-canalizador-braganca,hub-money-same-concelho,,same official concelho=braganca; target retained
cheiro-esgoto-carrazeda-ansiaes.html,https://canalizador-norte-reparos.pt/cheiro-esgoto-carrazeda-ansiaes,self-ref-ok,,canonical matches source route
cheiro-esgoto-chaves.html,https://canalizador-norte-reparos.pt/urgencia-canalizador-chaves,hub-money-same-concelho,,same official concelho=chaves; target retained
cheiro-esgoto-duas-igrejas.html,https://canalizador-norte-reparos.pt/cheiro-esgoto-duas-igrejas,self-ref-ok,,canonical matches source route
cheiro-esgoto-em-casa.html,https://canalizador-norte-reparos.pt/cheiro-esgoto-em-casa,self-ref-ok,,canonical matches source route
cheiro-esgoto-foz-coa.html,https://canalizador-norte-reparos.pt/cheiro-esgoto-foz-coa,self-ref-ok,,canonical matches source route
cheiro-esgoto-freixo-espada-cinta.html,https://canalizador-norte-reparos.pt/cheiro-esgoto-freixo-espada-cinta,self-ref-ok,,canonical matches source route
cheiro-esgoto-lagoaca.html,https://canalizador-norte-reparos.pt/cheiro-esgoto-lagoaca,self-ref-ok,,canonical matches source route
cheiro-esgoto-lamego.html,https://canalizador-norte-reparos.pt/sem-agua-quente-lamego,hub-money-same-concelho,,same official concelho=lamego; target retained
cheiro-esgoto-macedo-cavaleiros.html,https://canalizador-norte-reparos.pt/cheiro-esgoto-macedo-cavaleiros,self-ref-ok,,canonical matches source route
cheiro-esgoto-mesao-frio.html,https://canalizador-norte-reparos.pt/cheiro-esgoto-mesao-frio,self-ref-ok,,canonical matches source route
cheiro-esgoto-miranda-douro.html,https://canalizador-norte-reparos.pt/cheiro-esgoto-miranda-douro,self-ref-ok,,canonical matches source route
cheiro-esgoto-mirandela.html,https://canalizador-norte-reparos.pt/urgencia-canalizador-mirandela,hub-money-same-concelho,,same official concelho=mirandela; target retained
cheiro-esgoto-mogadouro.html,https://canalizador-norte-reparos.pt/urgencia-canalizador-mogadouro,hub-money-same-concelho,,same official concelho=mogadouro; target retained
cheiro-esgoto-moimenta-beira.html,https://canalizador-norte-reparos.pt/cheiro-esgoto-moimenta-beira,self-ref-ok,,canonical matches source route
cheiro-esgoto-moncorvo.html,https://canalizador-norte-reparos.pt/cheiro-esgoto-moncorvo,self-ref-ok,,canonical matches source route
cheiro-esgoto-mondim-basto.html,https://canalizador-norte-reparos.pt/cheiro-esgoto-mondim-basto,self-ref-ok,,canonical matches source route
cheiro-esgoto-monforte-rio-livre.html,https://canalizador-norte-reparos.pt/cheiro-esgoto-monforte-rio-livre,self-ref-ok,,canonical matches source route
cheiro-esgoto-montalegre.html,https://canalizador-norte-reparos.pt/cheiro-esgoto-montalegre,self-ref-ok,,canonical matches source route
cheiro-esgoto-murca.html,https://canalizador-norte-reparos.pt/cheiro-esgoto-murca,self-ref-ok,,canonical matches source route
cheiro-esgoto-penedono.html,https://canalizador-norte-reparos.pt/cheiro-esgoto-penedono,self-ref-ok,,canonical matches source route
cheiro-esgoto-rebordelo.html,https://canalizador-norte-reparos.pt/cheiro-esgoto-rebordelo,self-ref-ok,,canonical matches source route
cheiro-esgoto-regua.html,https://canalizador-norte-reparos.pt/cheiro-esgoto-regua,self-ref-ok,,canonical matches source route
cheiro-esgoto-ribeira-pena.html,https://canalizador-norte-reparos.pt/cheiro-esgoto-ribeira-pena,self-ref-ok,,canonical matches source route
cheiro-esgoto-sabrosa.html,https://canalizador-norte-reparos.pt/cheiro-esgoto-sabrosa,self-ref-ok,,canonical matches source route
cheiro-esgoto-santa-marta-penaguiao.html,https://canalizador-norte-reparos.pt/cheiro-esgoto-santa-marta-penaguiao,self-ref-ok,,canonical matches source route
cheiro-esgoto-sao-joao-pesqueira.html,https://canalizador-norte-reparos.pt/cheiro-esgoto-sao-joao-pesqueira,self-ref-ok,,canonical matches source route
cheiro-esgoto-sendim.html,https://canalizador-norte-reparos.pt/cheiro-esgoto-sendim,self-ref-ok,,canonical matches source route
cheiro-esgoto-sernancelhe.html,https://canalizador-norte-reparos.pt/cheiro-esgoto-sernancelhe,self-ref-ok,,canonical matches source route
cheiro-esgoto-tabuaco.html,https://canalizador-norte-reparos.pt/cheiro-esgoto-tabuaco,self-ref-ok,,canonical matches source route
cheiro-esgoto-torre-moncorvo.html,https://canalizador-norte-reparos.pt/cheiro-esgoto-torre-moncorvo,self-ref-ok,,canonical matches source route
cheiro-esgoto-valpacos.html,https://canalizador-norte-reparos.pt/urgencia-canalizador-valpacos,hub-money-same-concelho,,same official concelho=valpacos; target retained
cheiro-esgoto-vila-flor.html,https://canalizador-norte-reparos.pt/cheiro-esgoto-vila-flor,self-ref-ok,,canonical matches source route
cheiro-esgoto-vila-pouca-aguiar.html,https://canalizador-norte-reparos.pt/cheiro-esgoto-vila-pouca-aguiar,self-ref-ok,,canonical matches source route
cheiro-esgoto-vila-real.html,https://canalizador-norte-reparos.pt/urgencia-canalizador-vila-real,hub-money-same-concelho,,same official concelho=vila-real; target retained
cheiro-esgoto-vimioso.html,https://canalizador-norte-reparos.pt/cheiro-esgoto-vimioso,self-ref-ok,,canonical matches source route
cheiro-esgoto-vinhais.html,https://canalizador-norte-reparos.pt/urgencia-canalizador-vinhais,hub-money-same-concelho,,same official concelho=vinhais; target retained
como-aumentar-pressao-agua.html,https://canalizador-norte-reparos.pt/como-aumentar-pressao-agua,self-ref-ok,,canonical matches source route
como-desentupir-ralo-chuveiro.html,https://canalizador-norte-reparos.pt/como-desentupir-ralo-chuveiro,self-ref-ok,,canonical matches source route
como-desentupir-sanita-sem-ventosa.html,https://canalizador-norte-reparos.pt/como-desentupir-sanita-sem-ventosa,self-ref-ok,,canonical matches source route
como-desentupir-sanita.html,https://canalizador-norte-reparos.pt/como-desentupir-sanita,self-ref-ok,,canonical matches source route
como-detetar-fuga-agua-oculta.html,https://canalizador-norte-reparos.pt/como-detetar-fuga-agua-oculta,self-ref-ok,,canonical matches source route
como-detetar-fuga-agua.html,https://canalizador-norte-reparos.pt/como-detetar-fuga-agua,self-ref-ok,,canonical matches source route
como-escolher-canalizador.html,https://canalizador-norte-reparos.pt/como-escolher-canalizador,self-ref-ok,,canonical matches source route
como-escolher-esquentador.html,https://canalizador-norte-reparos.pt/como-escolher-esquentador,self-ref-ok,,canonical matches source route
como-fazer-manutencao-canalizacao.html,https://canalizador-norte-reparos.pt/como-fazer-manutencao-canalizacao,self-ref-ok,,canonical matches source route
como-poupar-eletricidade.html,https://canalizador-norte-reparos.pt/como-poupar-eletricidade,self-ref-ok,,canonical matches source route
como-prevenir-canos-congelados.html,https://canalizador-norte-reparos.pt/como-prevenir-canos-congelados,self-ref-ok,,canonical matches source route
como-reparar-autoclismo-pinga.html,https://canalizador-norte-reparos.pt/como-reparar-autoclismo-pinga,self-ref-ok,,canonical matches source route
como-trocar-autoclismo.html,https://canalizador-norte-reparos.pt/como-trocar-autoclismo,self-ref-ok,,canonical matches source route
como-trocar-torneira-passo-passo.html,https://canalizador-norte-reparos.pt/como-trocar-torneira-passo-passo,self-ref-ok,,canonical matches source route
comparacao-braganca-mirandela-chaves.html,https://canalizador-norte-reparos.pt/comparacao-braganca-mirandela-chaves,self-ref-ok,,canonical matches source route
comparacao.html,https://canalizador-norte-reparos.pt/comparacao,self-ref-ok,,canonical matches source route
concelhos/alfandega-da-fe.html,,no-canonical,,no canonical link found
concelhos/alijo.html,https://canalizador-norte-reparos.pt/concelhos/alijo,self-ref-ok,,canonical matches source route
concelhos/boticas.html,https://canalizador-norte-reparos.pt/concelhos/boticas,self-ref-ok,,canonical matches source route
concelhos/braganca.html,https://canalizador-norte-reparos.pt/concelhos/braganca,self-ref-ok,,canonical matches source route
concelhos/carrazeda-de-ansiaes.html,,no-canonical,,no canonical link found
concelhos/chaves.html,https://canalizador-norte-reparos.pt/concelhos/chaves,self-ref-ok,,canonical matches source route
concelhos/freixo-de-espada-a-cinta.html,,no-canonical,,no canonical link found
concelhos/lamego.html,https://canalizador-norte-reparos.pt/concelhos/lamego,self-ref-ok,,canonical matches source route
concelhos/macedo-de-cavaleiros.html,https://canalizador-norte-reparos.pt/concelhos/macedo-de-cavaleiros,self-ref-ok,,canonical matches source route
concelhos/mesao-frio.html,https://canalizador-norte-reparos.pt/concelhos/mesao-frio,self-ref-ok,,canonical matches source route
concelhos/miranda-do-douro.html,,no-canonical,,no canonical link found
concelhos/mirandela.html,https://canalizador-norte-reparos.pt/concelhos/mirandela,self-ref-ok,,canonical matches source route
concelhos/mogadouro.html,https://canalizador-norte-reparos.pt/concelhos/mogadouro,self-ref-ok,,canonical matches source route
concelhos/mondim-de-basto.html,https://canalizador-norte-reparos.pt/concelhos/mondim-de-basto,self-ref-ok,,canonical matches source route
concelhos/montalegre.html,https://canalizador-norte-reparos.pt/concelhos/montalegre,self-ref-ok,,canonical matches source route
concelhos/murca.html,https://canalizador-norte-reparos.pt/concelhos/murca,self-ref-ok,,canonical matches source route
concelhos/peso-da-regua.html,https://canalizador-norte-reparos.pt/concelhos/peso-da-regua,self-ref-ok,,canonical matches source route
concelhos/ribeira-de-pena.html,https://canalizador-norte-reparos.pt/concelhos/ribeira-de-pena,self-ref-ok,,canonical matches source route
concelhos/sabrosa.html,https://canalizador-norte-reparos.pt/concelhos/sabrosa,self-ref-ok,,canonical matches source route
concelhos/santa-marta-de-penaguiao.html,https://canalizador-norte-reparos.pt/concelhos/santa-marta-de-penaguiao,self-ref-ok,,canonical matches source route
concelhos/torre-de-moncorvo.html,,no-canonical,,no canonical link found
concelhos/valpacos.html,https://canalizador-norte-reparos.pt/concelhos/valpacos,self-ref-ok,,canonical matches source route
concelhos/vila-flor.html,,no-canonical,,no canonical link found
concelhos/vila-pouca-de-aguiar.html,https://canalizador-norte-reparos.pt/concelhos/vila-pouca-de-aguiar,self-ref-ok,,canonical matches source route
concelhos/vila-real.html,https://canalizador-norte-reparos.pt/concelhos/vila-real,self-ref-ok,,canonical matches source route
concelhos/vimioso.html,https://canalizador-norte-reparos.pt/concelhos/vimioso,self-ref-ok,,canonical matches source route
concelhos/vinhais.html,https://canalizador-norte-reparos.pt/concelhos/vinhais,self-ref-ok,,canonical matches source route
conta-agua-subiu-muito.html,https://canalizador-norte-reparos.pt/conta-agua-subiu-muito,self-ref-ok,,canonical matches source route
contactos.html,https://canalizador-norte-reparos.pt/contactos,self-ref-ok,,canonical matches source route
desentupimento-alfandega-da-fe.html,https://canalizador-norte-reparos.pt/desentupimento-alfandega-da-fe,self-ref-ok,,canonical matches source route
desentupimento-alijo.html,https://canalizador-norte-reparos.pt/desentupimento-alijo,self-ref-ok,,canonical matches source route
desentupimento-almendra.html,https://canalizador-norte-reparos.pt/desentupimento-almendra,self-ref-ok,,canonical matches source route
desentupimento-argozelo.html,https://canalizador-norte-reparos.pt/desentupimento-argozelo,self-ref-ok,,canonical matches source route
desentupimento-armamar.html,https://canalizador-norte-reparos.pt/desentupimento-armamar,self-ref-ok,,canonical matches source route
desentupimento-boticas.html,https://canalizador-norte-reparos.pt/desentupimento-boticas,self-ref-ok,,canonical matches source route
desentupimento-braganca.html,https://canalizador-norte-reparos.pt/desentupimento-braganca,self-ref-ok,,canonical matches source route
desentupimento-britiande.html,https://canalizador-norte-reparos.pt/desentupimento-britiande,self-ref-ok,,canonical matches source route
desentupimento-cambres.html,https://canalizador-norte-reparos.pt/desentupimento-cambres,self-ref-ok,,canonical matches source route
desentupimento-carrazeda-de-ansiaes.html,https://canalizador-norte-reparos.pt/desentupimento-carrazeda-de-ansiaes,self-ref-ok,,canonical matches source route
desentupimento-carrazedo-de-montenegro.html,https://canalizador-norte-reparos.pt/desentupimento-carrazedo-de-montenegro,self-ref-ok,,canonical matches source route
desentupimento-cedovim.html,https://canalizador-norte-reparos.pt/desentupimento-cedovim,self-ref-ok,,canonical matches source route
desentupimento-chaves.html,https://canalizador-norte-reparos.pt/desentupimento-chaves,self-ref-ok,,canonical matches source route
desentupimento-cumieira.html,https://canalizador-norte-reparos.pt/desentupimento-cumieira,self-ref-ok,,canonical matches source route
desentupimento-ervedosa-do-douro.html,https://canalizador-norte-reparos.pt/desentupimento-ervedosa-do-douro,self-ref-ok,,canonical matches source route
desentupimento-favaios.html,https://canalizador-norte-reparos.pt/desentupimento-favaios,self-ref-ok,,canonical matches source route
desentupimento-figueira-de-castelo-rodrigo.html,https://canalizador-norte-reparos.pt/desentupimento-figueira-de-castelo-rodrigo,self-ref-ok,,canonical matches source route
desentupimento-freixo-de-espada-a-cinta.html,https://canalizador-norte-reparos.pt/desentupimento-freixo-de-espada-a-cinta,self-ref-ok,,canonical matches source route
desentupimento-freixo-de-numao.html,https://canalizador-norte-reparos.pt/desentupimento-freixo-de-numao,self-ref-ok,,canonical matches source route
desentupimento-izeda.html,https://canalizador-norte-reparos.pt/desentupimento-izeda,self-ref-ok,,canonical matches source route
desentupimento-lalim.html,https://canalizador-norte-reparos.pt/desentupimento-lalim,self-ref-ok,,canonical matches source route
desentupimento-lamego.html,https://canalizador-norte-reparos.pt/desentupimento-lamego,self-ref-ok,,canonical matches source route
desentupimento-lazarim.html,https://canalizador-norte-reparos.pt/desentupimento-lazarim,self-ref-ok,,canonical matches source route
desentupimento-lordelo.html,https://canalizador-norte-reparos.pt/desentupimento-lordelo,self-ref-ok,,canonical matches source route
desentupimento-macedo-de-cavaleiros.html,https://canalizador-norte-reparos.pt/desentupimento-macedo-de-cavaleiros,self-ref-ok,,canonical matches source route
desentupimento-marialva.html,https://canalizador-norte-reparos.pt/desentupimento-marialva,self-ref-ok,,canonical matches source route
desentupimento-mesao-frio.html,https://canalizador-norte-reparos.pt/desentupimento-mesao-frio,self-ref-ok,,canonical matches source route
desentupimento-miranda-do-douro.html,https://canalizador-norte-reparos.pt/desentupimento-miranda-do-douro,self-ref-ok,,canonical matches source route
desentupimento-mirandela.html,https://canalizador-norte-reparos.pt/desentupimento-mirandela,self-ref-ok,,canonical matches source route
desentupimento-mogadouro.html,https://canalizador-norte-reparos.pt/desentupimento-mogadouro,self-ref-ok,,canonical matches source route
desentupimento-mondim-da-beira.html,https://canalizador-norte-reparos.pt/desentupimento-mondim-da-beira,self-ref-ok,,canonical matches source route
desentupimento-montalegre.html,https://canalizador-norte-reparos.pt/desentupimento-montalegre,self-ref-ok,,canonical matches source route
desentupimento-moucos.html,https://canalizador-norte-reparos.pt/desentupimento-moucos,self-ref-ok,,canonical matches source route
desentupimento-murca.html,https://canalizador-norte-reparos.pt/desentupimento-murca,self-ref-ok,,canonical matches source route
desentupimento-pedras-salgadas.html,https://canalizador-norte-reparos.pt/desentupimento-pedras-salgadas,self-ref-ok,,canonical matches source route
desentupimento-penedono.html,https://canalizador-norte-reparos.pt/desentupimento-penedono,self-ref-ok,,canonical matches source route
desentupimento-peso-da-regua.html,https://canalizador-norte-reparos.pt/desentupimento-peso-da-regua,self-ref-ok,,canonical matches source route
desentupimento-pinhao.html,https://canalizador-norte-reparos.pt/desentupimento-pinhao,self-ref-ok,,canonical matches source route
desentupimento-ribeira-de-pena.html,https://canalizador-norte-reparos.pt/desentupimento-ribeira-de-pena,self-ref-ok,,canonical matches source route
desentupimento-sabrosa.html,https://canalizador-norte-reparos.pt/desentupimento-sabrosa,self-ref-ok,,canonical matches source route
desentupimento-salzedas.html,https://canalizador-norte-reparos.pt/desentupimento-salzedas,self-ref-ok,,canonical matches source route
desentupimento-sanfins-do-douro.html,https://canalizador-norte-reparos.pt/desentupimento-sanfins-do-douro,self-ref-ok,,canonical matches source route
desentupimento-santa-marta-de-penaguiao.html,https://canalizador-norte-reparos.pt/desentupimento-santa-marta-de-penaguiao,self-ref-ok,,canonical matches source route
desentupimento-santo-estevao.html,https://canalizador-norte-reparos.pt/desentupimento-santo-estevao,self-ref-ok,,canonical matches source route
desentupimento-sao-cosmado.html,https://canalizador-norte-reparos.pt/desentupimento-sao-cosmado,self-ref-ok,,canonical matches source route
desentupimento-sao-joao-da-pesqueira.html,https://canalizador-norte-reparos.pt/desentupimento-sao-joao-da-pesqueira,self-ref-ok,,canonical matches source route
desentupimento-sao-joao-de-tarouca.html,https://canalizador-norte-reparos.pt/desentupimento-sao-joao-de-tarouca,self-ref-ok,,canonical matches source route
desentupimento-sao-martinho-de-anta.html,https://canalizador-norte-reparos.pt/desentupimento-sao-martinho-de-anta,self-ref-ok,,canonical matches source route
desentupimento-sendim.html,https://canalizador-norte-reparos.pt/desentupimento-sendim,self-ref-ok,,canonical matches source route
desentupimento-sernancelhe.html,https://canalizador-norte-reparos.pt/desentupimento-sernancelhe,self-ref-ok,,canonical matches source route
desentupimento-tabuaco.html,https://canalizador-norte-reparos.pt/desentupimento-tabuaco,self-ref-ok,,canonical matches source route
desentupimento-tarouca.html,https://canalizador-norte-reparos.pt/desentupimento-tarouca,self-ref-ok,,canonical matches source route
desentupimento-torre-de-dona-chama.html,https://canalizador-norte-reparos.pt/desentupimento-torre-de-dona-chama,self-ref-ok,,canonical matches source route
desentupimento-torre-de-moncorvo.html,https://canalizador-norte-reparos.pt/desentupimento-torre-de-moncorvo,self-ref-ok,,canonical matches source route
desentupimento-trevoes.html,https://canalizador-norte-reparos.pt/desentupimento-trevoes,self-ref-ok,,canonical matches source route
desentupimento-valdigem.html,https://canalizador-norte-reparos.pt/desentupimento-valdigem,self-ref-ok,,canonical matches source route
desentupimento-valpacos.html,https://canalizador-norte-reparos.pt/desentupimento-valpacos,self-ref-ok,,canonical matches source route
desentupimento-vidago.html,https://canalizador-norte-reparos.pt/desentupimento-vidago,self-ref-ok,,canonical matches source route
desentupimento-vila-flor.html,https://canalizador-norte-reparos.pt/desentupimento-vila-flor,self-ref-ok,,canonical matches source route
desentupimento-vila-franca-das-naves.html,https://canalizador-norte-reparos.pt/desentupimento-vila-franca-das-naves,self-ref-ok,,canonical matches source route
desentupimento-vila-nova-de-foz-coa.html,https://canalizador-norte-reparos.pt/desentupimento-vila-nova-de-foz-coa,self-ref-ok,,canonical matches source route
desentupimento-vila-pouca-de-aguiar.html,https://canalizador-norte-reparos.pt/desentupimento-vila-pouca-de-aguiar,self-ref-ok,,canonical matches source route
desentupimento-vila-real.html,https://canalizador-norte-reparos.pt/desentupimento-vila-real,self-ref-ok,,canonical matches source route
desentupimento-vilar-de-macada.html,https://canalizador-norte-reparos.pt/desentupimento-vilar-de-macada,self-ref-ok,,canonical matches source route
desentupimento-vilarandelo.html,https://canalizador-norte-reparos.pt/desentupimento-vilarandelo,self-ref-ok,,canonical matches source route
desentupimento-vimioso.html,https://canalizador-norte-reparos.pt/desentupimento-vimioso,self-ref-ok,,canonical matches source route
desentupimento-vinhais.html,https://canalizador-norte-reparos.pt/desentupimento-vinhais,self-ref-ok,,canonical matches source route
desentupimentos-alfandega.html,https://canalizador-norte-reparos.pt/desentupimentos-alfandega,self-ref-ok,,canonical matches source route
desentupimentos-algoso.html,https://canalizador-norte-reparos.pt/desentupimentos-algoso,self-ref-ok,,canonical matches source route
desentupimentos-armamar.html,https://canalizador-norte-reparos.pt/desentupimentos-armamar,self-ref-ok,,canonical matches source route
desentupimentos-boticas.html,https://canalizador-norte-reparos.pt/desentupimentos-boticas,self-ref-ok,,canonical matches source route
desentupimentos-braganca.html,https://canalizador-norte-reparos.pt/urgencia-canalizador-braganca,hub-money-same-concelho,,same official concelho=braganca; target retained
desentupimentos-chaves.html,https://canalizador-norte-reparos.pt/urgencia-canalizador-chaves,hub-money-same-concelho,,same official concelho=chaves; target retained
desentupimentos-duas-igrejas.html,https://canalizador-norte-reparos.pt/desentupimentos-duas-igrejas,self-ref-ok,,canonical matches source route
desentupimentos-lagoaca.html,https://canalizador-norte-reparos.pt/desentupimentos-lagoaca,self-ref-ok,,canonical matches source route
desentupimentos-lamego.html,https://canalizador-norte-reparos.pt/desentupimentos-lamego,self-ref-ok,,canonical matches source route
desentupimentos-macedo-de-cavaleiros.html,https://canalizador-norte-reparos.pt/desentupimentos-macedo-de-cavaleiros,self-ref-ok,,canonical matches source route
desentupimentos-macedo.html,https://canalizador-norte-reparos.pt/desentupimentos-macedo,self-ref-ok,,canonical matches source route
desentupimentos-mesao-frio.html,https://canalizador-norte-reparos.pt/desentupimentos-mesao-frio,self-ref-ok,,canonical matches source route
desentupimentos-miranda-do-douro.html,https://canalizador-norte-reparos.pt/desentupimentos-miranda-do-douro,self-ref-ok,,canonical matches source route
desentupimentos-miranda-douro.html,https://canalizador-norte-reparos.pt/desentupimentos-miranda-douro,self-ref-ok,,canonical matches source route
desentupimentos-mirandela.html,https://canalizador-norte-reparos.pt/desentupimentos-mirandela,self-ref-ok,,canonical matches source route
desentupimentos-mogadouro.html,https://canalizador-norte-reparos.pt/desentupimentos-mogadouro,self-ref-ok,,canonical matches source route
desentupimentos-moncorvo.html,https://canalizador-norte-reparos.pt/desentupimentos-moncorvo,self-ref-ok,,canonical matches source route
desentupimentos-mondim-de-basto.html,https://canalizador-norte-reparos.pt/desentupimentos-mondim-de-basto,self-ref-ok,,canonical matches source route
desentupimentos-monforte-de-rio-livre.html,https://canalizador-norte-reparos.pt/desentupimentos-monforte-de-rio-livre,self-ref-ok,,canonical matches source route
desentupimentos-montalegre.html,https://canalizador-norte-reparos.pt/desentupimentos-montalegre,self-ref-ok,,canonical matches source route
desentupimentos-penedono.html,https://canalizador-norte-reparos.pt/desentupimentos-penedono,self-ref-ok,,canonical matches source route
desentupimentos-profissionais-tras-os-montes.html,https://canalizador-norte-reparos.pt/desentupimentos-profissionais-tras-os-montes,self-ref-ok,,canonical matches source route
desentupimentos-rebordelo.html,https://canalizador-norte-reparos.pt/desentupimentos-rebordelo,self-ref-ok,,canonical matches source route
desentupimentos-ribeira-de-pena.html,https://canalizador-norte-reparos.pt/desentupimentos-ribeira-de-pena,self-ref-ok,,canonical matches source route
desentupimentos-santa-marta-penaguiao.html,https://canalizador-norte-reparos.pt/desentupimentos-santa-marta-penaguiao,self-ref-ok,,canonical matches source route
desentupimentos-sendim.html,https://canalizador-norte-reparos.pt/desentupimentos-sendim,self-ref-ok,,canonical matches source route
desentupimentos-sernancelhe.html,https://canalizador-norte-reparos.pt/desentupimentos-sernancelhe,self-ref-ok,,canonical matches source route
desentupimentos-tabuaco.html,https://canalizador-norte-reparos.pt/desentupimentos-tabuaco,self-ref-ok,,canonical matches source route
desentupimentos-torre-moncorvo.html,https://canalizador-norte-reparos.pt/desentupimentos-torre-moncorvo,self-ref-ok,,canonical matches source route
desentupimentos-valpacos.html,https://canalizador-norte-reparos.pt/desentupimentos-valpacos,self-ref-ok,,canonical matches source route
desentupimentos-vila-pouca-de-aguiar.html,https://canalizador-norte-reparos.pt/desentupimentos-vila-pouca-de-aguiar,self-ref-ok,,canonical matches source route
desentupimentos-vila-real.html,https://canalizador-norte-reparos.pt/urgencia-canalizador-vila-real,hub-money-same-concelho,,same official concelho=vila-real; target retained
desentupimentos-vinhais.html,https://canalizador-norte-reparos.pt/desentupimentos-vinhais,self-ref-ok,,canonical matches source route
detecao-fugas-agua-braganca.html,https://canalizador-norte-reparos.pt/urgencia-canalizador-braganca,hub-money-same-concelho,,same official concelho=braganca; target retained
detecao-fugas-agua-camera.html,https://canalizador-norte-reparos.pt/detecao-fugas-agua-camera,self-ref-ok,,canonical matches source route
detecao-fugas-agua-chaves.html,https://canalizador-norte-reparos.pt/urgencia-canalizador-chaves,hub-money-same-concelho,,same official concelho=chaves; target retained
detecao-fugas-agua-lamego.html,https://canalizador-norte-reparos.pt/detecao-fugas-agua-lamego,self-ref-ok,,canonical matches source route
detecao-fugas-agua-macedo-de-cavaleiros.html,https://canalizador-norte-reparos.pt/detecao-fugas-agua-macedo-de-cavaleiros,self-ref-ok,,canonical matches source route
detecao-fugas-agua-mirandela.html,https://canalizador-norte-reparos.pt/detecao-fugas-agua-mirandela,self-ref-ok,,canonical matches source route
detecao-fugas-agua-vila-real.html,https://canalizador-norte-reparos.pt/urgencia-canalizador-vila-real,hub-money-same-concelho,,same official concelho=vila-real; target retained
detecao-fugas-agua.html,https://canalizador-norte-reparos.pt/detecao-fugas-agua,self-ref-ok,,canonical matches source route
detecao-fugas-sem-obras.html,https://canalizador-norte-reparos.pt/detecao-fugas-sem-obras,self-ref-ok,,canonical matches source route
detecao-fugas-ultravioleta.html,https://canalizador-norte-reparos.pt/detecao-fugas-ultravioleta,self-ref-ok,,canonical matches source route
diagnostico-alfandega-da-fe.html,https://canalizador-norte-reparos.pt/diagnostico-alfandega-da-fe,self-ref-ok,,canonical matches source route
diagnostico-alijo.html,https://canalizador-norte-reparos.pt/diagnostico-alijo,self-ref-ok,,canonical matches source route
diagnostico-almendra.html,https://canalizador-norte-reparos.pt/diagnostico-almendra,self-ref-ok,,canonical matches source route
diagnostico-argozelo.html,https://canalizador-norte-reparos.pt/diagnostico-argozelo,self-ref-ok,,canonical matches source route
diagnostico-armamar.html,https://canalizador-norte-reparos.pt/diagnostico-armamar,self-ref-ok,,canonical matches source route
diagnostico-boticas.html,https://canalizador-norte-reparos.pt/diagnostico-boticas,self-ref-ok,,canonical matches source route
diagnostico-braganca.html,https://canalizador-norte-reparos.pt/diagnostico-braganca,self-ref-ok,,canonical matches source route
diagnostico-britiande.html,https://canalizador-norte-reparos.pt/diagnostico-britiande,self-ref-ok,,canonical matches source route
diagnostico-cambres.html,https://canalizador-norte-reparos.pt/diagnostico-cambres,self-ref-ok,,canonical matches source route
diagnostico-carrazeda-de-ansiaes.html,https://canalizador-norte-reparos.pt/diagnostico-carrazeda-de-ansiaes,self-ref-ok,,canonical matches source route
diagnostico-carrazedo-de-montenegro.html,https://canalizador-norte-reparos.pt/diagnostico-carrazedo-de-montenegro,self-ref-ok,,canonical matches source route
diagnostico-cedovim.html,https://canalizador-norte-reparos.pt/diagnostico-cedovim,self-ref-ok,,canonical matches source route
diagnostico-chaves.html,https://canalizador-norte-reparos.pt/diagnostico-chaves,self-ref-ok,,canonical matches source route
diagnostico-cumieira.html,https://canalizador-norte-reparos.pt/diagnostico-cumieira,self-ref-ok,,canonical matches source route
diagnostico-ervedosa-do-douro.html,https://canalizador-norte-reparos.pt/diagnostico-ervedosa-do-douro,self-ref-ok,,canonical matches source route
diagnostico-favaios.html,https://canalizador-norte-reparos.pt/diagnostico-favaios,self-ref-ok,,canonical matches source route
diagnostico-figueira-de-castelo-rodrigo.html,https://canalizador-norte-reparos.pt/diagnostico-figueira-de-castelo-rodrigo,self-ref-ok,,canonical matches source route
diagnostico-freixo-de-espada-a-cinta.html,https://canalizador-norte-reparos.pt/diagnostico-freixo-de-espada-a-cinta,self-ref-ok,,canonical matches source route
diagnostico-freixo-de-numao.html,https://canalizador-norte-reparos.pt/diagnostico-freixo-de-numao,self-ref-ok,,canonical matches source route
diagnostico-izeda.html,https://canalizador-norte-reparos.pt/diagnostico-izeda,self-ref-ok,,canonical matches source route
diagnostico-lalim.html,https://canalizador-norte-reparos.pt/diagnostico-lalim,self-ref-ok,,canonical matches source route
diagnostico-lamego.html,https://canalizador-norte-reparos.pt/diagnostico-lamego,self-ref-ok,,canonical matches source route
diagnostico-lazarim.html,https://canalizador-norte-reparos.pt/diagnostico-lazarim,self-ref-ok,,canonical matches source route
diagnostico-lordelo.html,https://canalizador-norte-reparos.pt/diagnostico-lordelo,self-ref-ok,,canonical matches source route
diagnostico-macedo-de-cavaleiros.html,https://canalizador-norte-reparos.pt/diagnostico-macedo-de-cavaleiros,self-ref-ok,,canonical matches source route
diagnostico-marialva.html,https://canalizador-norte-reparos.pt/diagnostico-marialva,self-ref-ok,,canonical matches source route
diagnostico-mesao-frio.html,https://canalizador-norte-reparos.pt/diagnostico-mesao-frio,self-ref-ok,,canonical matches source route
diagnostico-miranda-do-douro.html,https://canalizador-norte-reparos.pt/diagnostico-miranda-do-douro,self-ref-ok,,canonical matches source route
diagnostico-mirandela.html,https://canalizador-norte-reparos.pt/diagnostico-mirandela,self-ref-ok,,canonical matches source route
diagnostico-mogadouro.html,https://canalizador-norte-reparos.pt/diagnostico-mogadouro,self-ref-ok,,canonical matches source route
diagnostico-mondim-da-beira.html,https://canalizador-norte-reparos.pt/diagnostico-mondim-da-beira,self-ref-ok,,canonical matches source route
diagnostico-montalegre.html,https://canalizador-norte-reparos.pt/diagnostico-montalegre,self-ref-ok,,canonical matches source route
diagnostico-moucos.html,https://canalizador-norte-reparos.pt/diagnostico-moucos,self-ref-ok,,canonical matches source route
diagnostico-murca.html,https://canalizador-norte-reparos.pt/diagnostico-murca,self-ref-ok,,canonical matches source route
diagnostico-pedras-salgadas.html,https://canalizador-norte-reparos.pt/diagnostico-pedras-salgadas,self-ref-ok,,canonical matches source route
diagnostico-penedono.html,https://canalizador-norte-reparos.pt/diagnostico-penedono,self-ref-ok,,canonical matches source route
diagnostico-peso-da-regua.html,https://canalizador-norte-reparos.pt/diagnostico-peso-da-regua,self-ref-ok,,canonical matches source route
diagnostico-pinhao.html,https://canalizador-norte-reparos.pt/diagnostico-pinhao,self-ref-ok,,canonical matches source route
diagnostico-ribeira-de-pena.html,https://canalizador-norte-reparos.pt/diagnostico-ribeira-de-pena,self-ref-ok,,canonical matches source route
diagnostico-sabrosa.html,https://canalizador-norte-reparos.pt/diagnostico-sabrosa,self-ref-ok,,canonical matches source route
diagnostico-salzedas.html,https://canalizador-norte-reparos.pt/diagnostico-salzedas,self-ref-ok,,canonical matches source route
diagnostico-sanfins-do-douro.html,https://canalizador-norte-reparos.pt/diagnostico-sanfins-do-douro,self-ref-ok,,canonical matches source route
diagnostico-santa-marta-de-penaguiao.html,https://canalizador-norte-reparos.pt/diagnostico-santa-marta-de-penaguiao,self-ref-ok,,canonical matches source route
diagnostico-santo-estevao.html,https://canalizador-norte-reparos.pt/diagnostico-santo-estevao,self-ref-ok,,canonical matches source route
diagnostico-sao-cosmado.html,https://canalizador-norte-reparos.pt/diagnostico-sao-cosmado,self-ref-ok,,canonical matches source route
diagnostico-sao-joao-da-pesqueira.html,https://canalizador-norte-reparos.pt/diagnostico-sao-joao-da-pesqueira,self-ref-ok,,canonical matches source route
diagnostico-sao-joao-de-tarouca.html,https://canalizador-norte-reparos.pt/diagnostico-sao-joao-de-tarouca,self-ref-ok,,canonical matches source route
diagnostico-sao-martinho-de-anta.html,https://canalizador-norte-reparos.pt/diagnostico-sao-martinho-de-anta,self-ref-ok,,canonical matches source route
diagnostico-sendim.html,https://canalizador-norte-reparos.pt/diagnostico-sendim,self-ref-ok,,canonical matches source route
diagnostico-sernancelhe.html,https://canalizador-norte-reparos.pt/diagnostico-sernancelhe,self-ref-ok,,canonical matches source route
diagnostico-tabuaco.html,https://canalizador-norte-reparos.pt/diagnostico-tabuaco,self-ref-ok,,canonical matches source route
diagnostico-tarouca.html,https://canalizador-norte-reparos.pt/diagnostico-tarouca,self-ref-ok,,canonical matches source route
diagnostico-torre-de-dona-chama.html,https://canalizador-norte-reparos.pt/diagnostico-torre-de-dona-chama,self-ref-ok,,canonical matches source route
diagnostico-torre-de-moncorvo.html,https://canalizador-norte-reparos.pt/diagnostico-torre-de-moncorvo,self-ref-ok,,canonical matches source route
diagnostico-trevoes.html,https://canalizador-norte-reparos.pt/diagnostico-trevoes,self-ref-ok,,canonical matches source route
diagnostico-valdigem.html,https://canalizador-norte-reparos.pt/diagnostico-valdigem,self-ref-ok,,canonical matches source route
diagnostico-valpacos.html,https://canalizador-norte-reparos.pt/diagnostico-valpacos,self-ref-ok,,canonical matches source route
diagnostico-vidago.html,https://canalizador-norte-reparos.pt/diagnostico-vidago,self-ref-ok,,canonical matches source route
diagnostico-vila-flor.html,https://canalizador-norte-reparos.pt/diagnostico-vila-flor,self-ref-ok,,canonical matches source route
diagnostico-vila-franca-das-naves.html,https://canalizador-norte-reparos.pt/diagnostico-vila-franca-das-naves,self-ref-ok,,canonical matches source route
diagnostico-vila-nova-de-foz-coa.html,https://canalizador-norte-reparos.pt/diagnostico-vila-nova-de-foz-coa,self-ref-ok,,canonical matches source route
diagnostico-vila-pouca-de-aguiar.html,https://canalizador-norte-reparos.pt/diagnostico-vila-pouca-de-aguiar,self-ref-ok,,canonical matches source route
diagnostico-vila-real.html,https://canalizador-norte-reparos.pt/diagnostico-vila-real,self-ref-ok,,canonical matches source route
diagnostico-vilar-de-macada.html,https://canalizador-norte-reparos.pt/diagnostico-vilar-de-macada,self-ref-ok,,canonical matches source route
diagnostico-vilarandelo.html,https://canalizador-norte-reparos.pt/diagnostico-vilarandelo,self-ref-ok,,canonical matches source route
diagnostico-vimioso.html,https://canalizador-norte-reparos.pt/diagnostico-vimioso,self-ref-ok,,canonical matches source route
diagnostico-vinhais.html,https://canalizador-norte-reparos.pt/diagnostico-vinhais,self-ref-ok,,canonical matches source route
dicas-manutencao-canalizacao-alfandega-fe.html,https://canalizador-norte-reparos.pt/dicas-manutencao-canalizacao-alfandega-fe,self-ref-ok,,canonical matches source route
dicas-manutencao-canalizacao-algoso.html,https://canalizador-norte-reparos.pt/dicas-manutencao-canalizacao-algoso,self-ref-ok,,canonical matches source route
dicas-manutencao-canalizacao-alijo.html,https://canalizador-norte-reparos.pt/reparacao-fugas-pressao-baixa-alijo,hub-money-same-concelho,,same official concelho=alijo; target retained
dicas-manutencao-canalizacao-armamar.html,https://canalizador-norte-reparos.pt/dicas-manutencao-canalizacao-armamar,self-ref-ok,,canonical matches source route
dicas-manutencao-canalizacao-boticas.html,https://canalizador-norte-reparos.pt/dicas-manutencao-canalizacao-boticas,self-ref-ok,,canonical matches source route
dicas-manutencao-canalizacao-braganca.html,https://canalizador-norte-reparos.pt/urgencia-canalizador-braganca,hub-money-same-concelho,,same official concelho=braganca; target retained
dicas-manutencao-canalizacao-carrazeda-ansiaes.html,https://canalizador-norte-reparos.pt/dicas-manutencao-canalizacao-carrazeda-ansiaes,self-ref-ok,,canonical matches source route
dicas-manutencao-canalizacao-chaves.html,https://canalizador-norte-reparos.pt/urgencia-canalizador-chaves,hub-money-same-concelho,,same official concelho=chaves; target retained
dicas-manutencao-canalizacao-duas-igrejas.html,https://canalizador-norte-reparos.pt/dicas-manutencao-canalizacao-duas-igrejas,self-ref-ok,,canonical matches source route
dicas-manutencao-canalizacao-foz-coa.html,https://canalizador-norte-reparos.pt/dicas-manutencao-canalizacao-foz-coa,self-ref-ok,,canonical matches source route
dicas-manutencao-canalizacao-freixo-espada-cinta.html,https://canalizador-norte-reparos.pt/dicas-manutencao-canalizacao-freixo-espada-cinta,self-ref-ok,,canonical matches source route
dicas-manutencao-canalizacao-lagoaca.html,https://canalizador-norte-reparos.pt/dicas-manutencao-canalizacao-lagoaca,self-ref-ok,,canonical matches source route
dicas-manutencao-canalizacao-lamego.html,https://canalizador-norte-reparos.pt/sem-agua-quente-lamego,hub-money-same-concelho,,same official concelho=lamego; target retained
dicas-manutencao-canalizacao-macedo-cavaleiros.html,https://canalizador-norte-reparos.pt/dicas-manutencao-canalizacao-macedo-cavaleiros,self-ref-ok,,canonical matches source route
dicas-manutencao-canalizacao-mesao-frio.html,https://canalizador-norte-reparos.pt/dicas-manutencao-canalizacao-mesao-frio,self-ref-ok,,canonical matches source route
dicas-manutencao-canalizacao-miranda-douro.html,https://canalizador-norte-reparos.pt/dicas-manutencao-canalizacao-miranda-douro,self-ref-ok,,canonical matches source route
dicas-manutencao-canalizacao-mirandela.html,https://canalizador-norte-reparos.pt/urgencia-canalizador-mirandela,hub-money-same-concelho,,same official concelho=mirandela; target retained
dicas-manutencao-canalizacao-mogadouro.html,https://canalizador-norte-reparos.pt/urgencia-canalizador-mogadouro,hub-money-same-concelho,,same official concelho=mogadouro; target retained
dicas-manutencao-canalizacao-moimenta-beira.html,https://canalizador-norte-reparos.pt/dicas-manutencao-canalizacao-moimenta-beira,self-ref-ok,,canonical matches source route
dicas-manutencao-canalizacao-moncorvo.html,https://canalizador-norte-reparos.pt/dicas-manutencao-canalizacao-moncorvo,self-ref-ok,,canonical matches source route
dicas-manutencao-canalizacao-mondim-basto.html,https://canalizador-norte-reparos.pt/dicas-manutencao-canalizacao-mondim-basto,self-ref-ok,,canonical matches source route
dicas-manutencao-canalizacao-monforte-rio-livre.html,https://canalizador-norte-reparos.pt/dicas-manutencao-canalizacao-monforte-rio-livre,self-ref-ok,,canonical matches source route
dicas-manutencao-canalizacao-montalegre.html,https://canalizador-norte-reparos.pt/dicas-manutencao-canalizacao-montalegre,self-ref-ok,,canonical matches source route
dicas-manutencao-canalizacao-murca.html,https://canalizador-norte-reparos.pt/dicas-manutencao-canalizacao-murca,self-ref-ok,,canonical matches source route
dicas-manutencao-canalizacao-penedono.html,https://canalizador-norte-reparos.pt/dicas-manutencao-canalizacao-penedono,self-ref-ok,,canonical matches source route
dicas-manutencao-canalizacao-rebordelo.html,https://canalizador-norte-reparos.pt/dicas-manutencao-canalizacao-rebordelo,self-ref-ok,,canonical matches source route
dicas-manutencao-canalizacao-regua.html,https://canalizador-norte-reparos.pt/dicas-manutencao-canalizacao-regua,self-ref-ok,,canonical matches source route
dicas-manutencao-canalizacao-ribeira-pena.html,https://canalizador-norte-reparos.pt/dicas-manutencao-canalizacao-ribeira-pena,self-ref-ok,,canonical matches source route
dicas-manutencao-canalizacao-sabrosa.html,https://canalizador-norte-reparos.pt/dicas-manutencao-canalizacao-sabrosa,self-ref-ok,,canonical matches source route
dicas-manutencao-canalizacao-santa-marta-penaguiao.html,https://canalizador-norte-reparos.pt/dicas-manutencao-canalizacao-santa-marta-penaguiao,self-ref-ok,,canonical matches source route
dicas-manutencao-canalizacao-sao-joao-pesqueira.html,https://canalizador-norte-reparos.pt/dicas-manutencao-canalizacao-sao-joao-pesqueira,self-ref-ok,,canonical matches source route
dicas-manutencao-canalizacao-sendim.html,https://canalizador-norte-reparos.pt/dicas-manutencao-canalizacao-sendim,self-ref-ok,,canonical matches source route
dicas-manutencao-canalizacao-sernancelhe.html,https://canalizador-norte-reparos.pt/dicas-manutencao-canalizacao-sernancelhe,self-ref-ok,,canonical matches source route
dicas-manutencao-canalizacao-tabuaco.html,https://canalizador-norte-reparos.pt/dicas-manutencao-canalizacao-tabuaco,self-ref-ok,,canonical matches source route
dicas-manutencao-canalizacao-torre-moncorvo.html,https://canalizador-norte-reparos.pt/dicas-manutencao-canalizacao-torre-moncorvo,self-ref-ok,,canonical matches source route
dicas-manutencao-canalizacao-valpacos.html,https://canalizador-norte-reparos.pt/urgencia-canalizador-valpacos,hub-money-same-concelho,,same official concelho=valpacos; target retained
dicas-manutencao-canalizacao-vila-flor.html,https://canalizador-norte-reparos.pt/dicas-manutencao-canalizacao-vila-flor,self-ref-ok,,canonical matches source route
dicas-manutencao-canalizacao-vila-pouca-aguiar.html,https://canalizador-norte-reparos.pt/dicas-manutencao-canalizacao-vila-pouca-aguiar,self-ref-ok,,canonical matches source route
dicas-manutencao-canalizacao-vila-real.html,https://canalizador-norte-reparos.pt/urgencia-canalizador-vila-real,hub-money-same-concelho,,same official concelho=vila-real; target retained
dicas-manutencao-canalizacao-vimioso.html,https://canalizador-norte-reparos.pt/dicas-manutencao-canalizacao-vimioso,self-ref-ok,,canonical matches source route
dicas-manutencao-canalizacao-vinhais.html,https://canalizador-norte-reparos.pt/urgencia-canalizador-vinhais,hub-money-same-concelho,,same official concelho=vinhais; target retained
distrito-braganca.html,https://canalizador-norte-reparos.pt/distrito-braganca,self-ref-ok,,canonical matches source route
distrito-vila-real.html,https://canalizador-norte-reparos.pt/distrito-vila-real,self-ref-ok,,canonical matches source route
distritos/braganca.html,https://canalizador-norte-reparos.pt/distritos/braganca,self-ref-ok,,canonical matches source route
distritos/douro.html,https://canalizador-norte-reparos.pt/distritos/douro,self-ref-ok,,canonical matches source route
distritos/tras-os-montes.html,https://canalizador-norte-reparos.pt/distritos/tras-os-montes,self-ref-ok,,canonical matches source route
distritos/vila-real.html,https://canalizador-norte-reparos.pt/distritos/vila-real,self-ref-ok,,canonical matches source route
distritos/viseu.html,https://canalizador-norte-reparos.pt/distritos/viseu,self-ref-ok,,canonical matches source route
emergencia-canalizacao.html,https://canalizador-norte-reparos.pt/emergencia-canalizacao,self-ref-ok,,canonical matches source route
empresa-canalizacao.html,https://canalizador-norte-reparos.pt/empresa-canalizacao,self-ref-ok,,canonical matches source route
entupimento-voltou-resolver-de-vez.html,https://canalizador-norte-reparos.pt/entupimento-voltou-resolver-de-vez,self-ref-ok,,canonical matches source route
equipa-certificacoes.html,https://canalizador-norte-reparos.pt/equipa-certificacoes,self-ref-ok,,canonical matches source route
equipa.html,https://canalizador-norte-reparos.pt/equipa,self-ref-ok,,canonical matches source route
equipamento-recomendado.html,https://canalizador-norte-reparos.pt/equipamento-recomendado,self-ref-ok,,canonical matches source route
esquentador-alfandega-da-fe.html,https://canalizador-norte-reparos.pt/esquentador-alfandega-da-fe,self-ref-ok,,canonical matches source route
esquentador-alijo.html,https://canalizador-norte-reparos.pt/esquentador-alijo,self-ref-ok,,canonical matches source route
esquentador-almendra.html,https://canalizador-norte-reparos.pt/esquentador-almendra,self-ref-ok,,canonical matches source route
esquentador-argozelo.html,https://canalizador-norte-reparos.pt/esquentador-argozelo,self-ref-ok,,canonical matches source route
esquentador-armamar.html,https://canalizador-norte-reparos.pt/esquentador-armamar,self-ref-ok,,canonical matches source route
esquentador-boticas.html,https://canalizador-norte-reparos.pt/esquentador-boticas,self-ref-ok,,canonical matches source route
esquentador-braganca.html,https://canalizador-norte-reparos.pt/esquentador-braganca,self-ref-ok,,canonical matches source route
esquentador-britiande.html,https://canalizador-norte-reparos.pt/esquentador-britiande,self-ref-ok,,canonical matches source route
esquentador-cambres.html,https://canalizador-norte-reparos.pt/esquentador-cambres,self-ref-ok,,canonical matches source route
esquentador-carrazeda-de-ansiaes.html,https://canalizador-norte-reparos.pt/esquentador-carrazeda-de-ansiaes,self-ref-ok,,canonical matches source route
esquentador-carrazedo-de-montenegro.html,https://canalizador-norte-reparos.pt/esquentador-carrazedo-de-montenegro,self-ref-ok,,canonical matches source route
esquentador-cedovim.html,https://canalizador-norte-reparos.pt/esquentador-cedovim,self-ref-ok,,canonical matches source route
esquentador-chaves.html,https://canalizador-norte-reparos.pt/esquentador-chaves,self-ref-ok,,canonical matches source route
esquentador-cumieira.html,https://canalizador-norte-reparos.pt/esquentador-cumieira,self-ref-ok,,canonical matches source route
esquentador-ervedosa-do-douro.html,https://canalizador-norte-reparos.pt/esquentador-ervedosa-do-douro,self-ref-ok,,canonical matches source route
esquentador-favaios.html,https://canalizador-norte-reparos.pt/esquentador-favaios,self-ref-ok,,canonical matches source route
esquentador-figueira-de-castelo-rodrigo.html,https://canalizador-norte-reparos.pt/esquentador-figueira-de-castelo-rodrigo,self-ref-ok,,canonical matches source route
esquentador-freixo-de-espada-a-cinta.html,https://canalizador-norte-reparos.pt/esquentador-freixo-de-espada-a-cinta,self-ref-ok,,canonical matches source route
esquentador-freixo-de-numao.html,https://canalizador-norte-reparos.pt/esquentador-freixo-de-numao,self-ref-ok,,canonical matches source route
esquentador-izeda.html,https://canalizador-norte-reparos.pt/esquentador-izeda,self-ref-ok,,canonical matches source route
esquentador-lalim.html,https://canalizador-norte-reparos.pt/esquentador-lalim,self-ref-ok,,canonical matches source route
esquentador-lamego.html,https://canalizador-norte-reparos.pt/esquentador-lamego,self-ref-ok,,canonical matches source route
esquentador-lazarim.html,https://canalizador-norte-reparos.pt/esquentador-lazarim,self-ref-ok,,canonical matches source route
esquentador-lordelo.html,https://canalizador-norte-reparos.pt/esquentador-lordelo,self-ref-ok,,canonical matches source route
esquentador-macedo-de-cavaleiros.html,https://canalizador-norte-reparos.pt/esquentador-macedo-de-cavaleiros,self-ref-ok,,canonical matches source route
esquentador-marialva.html,https://canalizador-norte-reparos.pt/esquentador-marialva,self-ref-ok,,canonical matches source route
esquentador-mesao-frio.html,https://canalizador-norte-reparos.pt/esquentador-mesao-frio,self-ref-ok,,canonical matches source route
esquentador-miranda-do-douro.html,https://canalizador-norte-reparos.pt/esquentador-miranda-do-douro,self-ref-ok,,canonical matches source route
esquentador-mirandela.html,https://canalizador-norte-reparos.pt/esquentador-mirandela,self-ref-ok,,canonical matches source route
esquentador-mogadouro.html,https://canalizador-norte-reparos.pt/esquentador-mogadouro,self-ref-ok,,canonical matches source route
esquentador-mondim-da-beira.html,https://canalizador-norte-reparos.pt/esquentador-mondim-da-beira,self-ref-ok,,canonical matches source route
esquentador-montalegre.html,https://canalizador-norte-reparos.pt/esquentador-montalegre,self-ref-ok,,canonical matches source route
esquentador-moucos.html,https://canalizador-norte-reparos.pt/esquentador-moucos,self-ref-ok,,canonical matches source route
esquentador-murca.html,https://canalizador-norte-reparos.pt/esquentador-murca,self-ref-ok,,canonical matches source route
esquentador-pedras-salgadas.html,https://canalizador-norte-reparos.pt/esquentador-pedras-salgadas,self-ref-ok,,canonical matches source route
esquentador-penedono.html,https://canalizador-norte-reparos.pt/esquentador-penedono,self-ref-ok,,canonical matches source route
esquentador-peso-da-regua.html,https://canalizador-norte-reparos.pt/esquentador-peso-da-regua,self-ref-ok,,canonical matches source route
esquentador-pinhao.html,https://canalizador-norte-reparos.pt/esquentador-pinhao,self-ref-ok,,canonical matches source route
esquentador-ribeira-de-pena.html,https://canalizador-norte-reparos.pt/esquentador-ribeira-de-pena,self-ref-ok,,canonical matches source route
esquentador-sabrosa.html,https://canalizador-norte-reparos.pt/esquentador-sabrosa,self-ref-ok,,canonical matches source route
esquentador-salzedas.html,https://canalizador-norte-reparos.pt/esquentador-salzedas,self-ref-ok,,canonical matches source route
esquentador-sanfins-do-douro.html,https://canalizador-norte-reparos.pt/esquentador-sanfins-do-douro,self-ref-ok,,canonical matches source route
esquentador-santa-marta-de-penaguiao.html,https://canalizador-norte-reparos.pt/esquentador-santa-marta-de-penaguiao,self-ref-ok,,canonical matches source route
esquentador-santo-estevao.html,https://canalizador-norte-reparos.pt/esquentador-santo-estevao,self-ref-ok,,canonical matches source route
esquentador-sao-cosmado.html,https://canalizador-norte-reparos.pt/esquentador-sao-cosmado,self-ref-ok,,canonical matches source route
esquentador-sao-joao-da-pesqueira.html,https://canalizador-norte-reparos.pt/esquentador-sao-joao-da-pesqueira,self-ref-ok,,canonical matches source route
esquentador-sao-joao-de-tarouca.html,https://canalizador-norte-reparos.pt/esquentador-sao-joao-de-tarouca,self-ref-ok,,canonical matches source route
esquentador-sao-martinho-de-anta.html,https://canalizador-norte-reparos.pt/esquentador-sao-martinho-de-anta,self-ref-ok,,canonical matches source route
esquentador-sendim.html,https://canalizador-norte-reparos.pt/esquentador-sendim,self-ref-ok,,canonical matches source route
esquentador-sernancelhe.html,https://canalizador-norte-reparos.pt/esquentador-sernancelhe,self-ref-ok,,canonical matches source route
esquentador-tabuaco.html,https://canalizador-norte-reparos.pt/esquentador-tabuaco,self-ref-ok,,canonical matches source route
esquentador-tarouca.html,https://canalizador-norte-reparos.pt/esquentador-tarouca,self-ref-ok,,canonical matches source route
esquentador-torre-de-dona-chama.html,https://canalizador-norte-reparos.pt/esquentador-torre-de-dona-chama,self-ref-ok,,canonical matches source route
esquentador-torre-de-moncorvo.html,https://canalizador-norte-reparos.pt/esquentador-torre-de-moncorvo,self-ref-ok,,canonical matches source route
esquentador-trevoes.html,https://canalizador-norte-reparos.pt/esquentador-trevoes,self-ref-ok,,canonical matches source route
esquentador-valdigem.html,https://canalizador-norte-reparos.pt/esquentador-valdigem,self-ref-ok,,canonical matches source route
esquentador-valpacos.html,https://canalizador-norte-reparos.pt/esquentador-valpacos,self-ref-ok,,canonical matches source route
esquentador-vidago.html,https://canalizador-norte-reparos.pt/esquentador-vidago,self-ref-ok,,canonical matches source route
esquentador-vila-flor.html,https://canalizador-norte-reparos.pt/esquentador-vila-flor,self-ref-ok,,canonical matches source route
esquentador-vila-franca-das-naves.html,https://canalizador-norte-reparos.pt/esquentador-vila-franca-das-naves,self-ref-ok,,canonical matches source route
esquentador-vila-nova-de-foz-coa.html,https://canalizador-norte-reparos.pt/esquentador-vila-nova-de-foz-coa,self-ref-ok,,canonical matches source route
esquentador-vila-pouca-de-aguiar.html,https://canalizador-norte-reparos.pt/esquentador-vila-pouca-de-aguiar,self-ref-ok,,canonical matches source route
esquentador-vila-real.html,https://canalizador-norte-reparos.pt/esquentador-vila-real,self-ref-ok,,canonical matches source route
esquentador-vilar-de-macada.html,https://canalizador-norte-reparos.pt/esquentador-vilar-de-macada,self-ref-ok,,canonical matches source route
esquentador-vilarandelo.html,https://canalizador-norte-reparos.pt/esquentador-vilarandelo,self-ref-ok,,canonical matches source route
esquentador-vimioso.html,https://canalizador-norte-reparos.pt/esquentador-vimioso,self-ref-ok,,canonical matches source route
esquentador-vinhais.html,https://canalizador-norte-reparos.pt/esquentador-vinhais,self-ref-ok,,canonical matches source route
esquentadores-alfandega.html,https://canalizador-norte-reparos.pt/esquentadores-alfandega,self-ref-ok,,canonical matches source route
esquentadores-braganca.html,https://canalizador-norte-reparos.pt/urgencia-canalizador-braganca,hub-money-same-concelho,,same official concelho=braganca; target retained
esquentadores-chaves.html,https://canalizador-norte-reparos.pt/esquentadores-chaves,self-ref-ok,,canonical matches source route
esquentadores-lamego.html,https://canalizador-norte-reparos.pt/esquentadores-lamego,self-ref-ok,,canonical matches source route
esquentadores-macedo.html,https://canalizador-norte-reparos.pt/esquentadores-macedo,self-ref-ok,,canonical matches source route
esquentadores-miranda-douro.html,https://canalizador-norte-reparos.pt/esquentadores-miranda-douro,self-ref-ok,,canonical matches source route
esquentadores-mirandela.html,https://canalizador-norte-reparos.pt/urgencia-canalizador-mirandela,hub-money-same-concelho,,same official concelho=mirandela; target retained
esquentadores-mogadouro.html,https://canalizador-norte-reparos.pt/esquentadores-mogadouro,self-ref-ok,,canonical matches source route
esquentadores-torre-moncorvo.html,https://canalizador-norte-reparos.pt/esquentadores-torre-moncorvo,self-ref-ok,,canonical matches source route
esquentadores-valpacos.html,https://canalizador-norte-reparos.pt/esquentadores-valpacos,self-ref-ok,,canonical matches source route
esquentadores-vila-real.html,https://canalizador-norte-reparos.pt/urgencia-canalizador-vila-real,hub-money-same-concelho,,same official concelho=vila-real; target retained
esquentadores-vinhais.html,https://canalizador-norte-reparos.pt/esquentadores-vinhais,self-ref-ok,,canonical matches source route
faq/faq-canalizador-braganca.html,https://canalizador-norte-reparos.pt/urgencia-canalizador-braganca,hub-money-same-concelho,,same official concelho=braganca; target retained
faq/faq-canalizador-chaves.html,https://canalizador-norte-reparos.pt/urgencia-canalizador-chaves,hub-money-same-concelho,,same official concelho=chaves; target retained
faq/faq-canalizador-lamego.html,https://canalizador-norte-reparos.pt/sem-agua-quente-lamego,hub-money-same-concelho,,same official concelho=lamego; target retained
faq/faq-canalizador-macedo.html,https://canalizador-norte-reparos.pt/faq/faq-canalizador-macedo,self-ref-ok,,canonical matches source route
faq/faq-canalizador-mirandela.html,https://canalizador-norte-reparos.pt/urgencia-canalizador-mirandela,hub-money-same-concelho,,same official concelho=mirandela; target retained
faq/faq-canalizador-mogadouro.html,https://canalizador-norte-reparos.pt/urgencia-canalizador-mogadouro,hub-money-same-concelho,,same official concelho=mogadouro; target retained
faq/faq-canalizador-torre-moncorvo.html,https://canalizador-norte-reparos.pt/faq/faq-canalizador-torre-moncorvo,self-ref-ok,,canonical matches source route
faq/faq-canalizador-valpacos.html,https://canalizador-norte-reparos.pt/urgencia-canalizador-valpacos,hub-money-same-concelho,,same official concelho=valpacos; target retained
faq/faq-canalizador-vila-real.html,https://canalizador-norte-reparos.pt/urgencia-canalizador-vila-real,hub-money-same-concelho,,same official concelho=vila-real; target retained
faq/faq-canalizador-vinhais.html,https://canalizador-norte-reparos.pt/urgencia-canalizador-vinhais,hub-money-same-concelho,,same official concelho=vinhais; target retained
faq-canalizador-alfandega-fe.html,https://canalizador-norte-reparos.pt/faq-canalizador-alfandega-fe,self-ref-ok,,canonical matches source route
faq-canalizador-algoso.html,https://canalizador-norte-reparos.pt/faq-canalizador-algoso,self-ref-ok,,canonical matches source route
faq-canalizador-alijo.html,https://canalizador-norte-reparos.pt/reparacao-fugas-pressao-baixa-alijo,hub-money-same-concelho,,same official concelho=alijo; target retained
faq-canalizador-armamar.html,https://canalizador-norte-reparos.pt/faq-canalizador-armamar,self-ref-ok,,canonical matches source route
faq-canalizador-boticas.html,https://canalizador-norte-reparos.pt/faq-canalizador-boticas,self-ref-ok,,canonical matches source route
faq-canalizador-braganca.html,https://canalizador-norte-reparos.pt/urgencia-canalizador-braganca,hub-money-same-concelho,,same official concelho=braganca; target retained
faq-canalizador-carrazeda-ansiaes.html,https://canalizador-norte-reparos.pt/faq-canalizador-carrazeda-ansiaes,self-ref-ok,,canonical matches source route
faq-canalizador-chaves.html,https://canalizador-norte-reparos.pt/urgencia-canalizador-chaves,hub-money-same-concelho,,same official concelho=chaves; target retained
faq-canalizador-duas-igrejas.html,https://canalizador-norte-reparos.pt/faq-canalizador-duas-igrejas,self-ref-ok,,canonical matches source route
faq-canalizador-foz-coa.html,https://canalizador-norte-reparos.pt/faq-canalizador-foz-coa,self-ref-ok,,canonical matches source route
faq-canalizador-freixo-espada-cinta.html,https://canalizador-norte-reparos.pt/faq-canalizador-freixo-espada-cinta,self-ref-ok,,canonical matches source route
faq-canalizador-lagoaca.html,https://canalizador-norte-reparos.pt/faq-canalizador-lagoaca,self-ref-ok,,canonical matches source route
faq-canalizador-lamego.html,https://canalizador-norte-reparos.pt/faq-canalizador-lamego,self-ref-ok,,canonical matches source route
faq-canalizador-macedo-cavaleiros.html,https://canalizador-norte-reparos.pt/faq-canalizador-macedo-cavaleiros,self-ref-ok,,canonical matches source route
faq-canalizador-mesao-frio.html,https://canalizador-norte-reparos.pt/faq-canalizador-mesao-frio,self-ref-ok,,canonical matches source route
faq-canalizador-miranda-douro.html,https://canalizador-norte-reparos.pt/faq-canalizador-miranda-douro,self-ref-ok,,canonical matches source route
faq-canalizador-mirandela.html,https://canalizador-norte-reparos.pt/faq-canalizador-mirandela,self-ref-ok,,canonical matches source route
faq-canalizador-mogadouro.html,https://canalizador-norte-reparos.pt/urgencia-canalizador-mogadouro,hub-money-same-concelho,,same official concelho=mogadouro; target retained
faq-canalizador-moimenta-beira.html,https://canalizador-norte-reparos.pt/faq-canalizador-moimenta-beira,self-ref-ok,,canonical matches source route
faq-canalizador-moncorvo.html,https://canalizador-norte-reparos.pt/faq-canalizador-moncorvo,self-ref-ok,,canonical matches source route
faq-canalizador-mondim-basto.html,https://canalizador-norte-reparos.pt/faq-canalizador-mondim-basto,self-ref-ok,,canonical matches source route
faq-canalizador-monforte-rio-livre.html,https://canalizador-norte-reparos.pt/faq-canalizador-monforte-rio-livre,self-ref-ok,,canonical matches source route
faq-canalizador-montalegre.html,https://canalizador-norte-reparos.pt/faq-canalizador-montalegre,self-ref-ok,,canonical matches source route
faq-canalizador-murca.html,https://canalizador-norte-reparos.pt/faq-canalizador-murca,self-ref-ok,,canonical matches source route
faq-canalizador-penedono.html,https://canalizador-norte-reparos.pt/faq-canalizador-penedono,self-ref-ok,,canonical matches source route
faq-canalizador-rebordelo.html,https://canalizador-norte-reparos.pt/faq-canalizador-rebordelo,self-ref-ok,,canonical matches source route
faq-canalizador-regua.html,https://canalizador-norte-reparos.pt/faq-canalizador-regua,self-ref-ok,,canonical matches source route
faq-canalizador-ribeira-pena.html,https://canalizador-norte-reparos.pt/faq-canalizador-ribeira-pena,self-ref-ok,,canonical matches source route
faq-canalizador-sabrosa.html,https://canalizador-norte-reparos.pt/faq-canalizador-sabrosa,self-ref-ok,,canonical matches source route
faq-canalizador-santa-marta-penaguiao.html,https://canalizador-norte-reparos.pt/faq-canalizador-santa-marta-penaguiao,self-ref-ok,,canonical matches source route
faq-canalizador-sao-joao-pesqueira.html,https://canalizador-norte-reparos.pt/faq-canalizador-sao-joao-pesqueira,self-ref-ok,,canonical matches source route
faq-canalizador-sendim.html,https://canalizador-norte-reparos.pt/faq-canalizador-sendim,self-ref-ok,,canonical matches source route
faq-canalizador-sernancelhe.html,https://canalizador-norte-reparos.pt/faq-canalizador-sernancelhe,self-ref-ok,,canonical matches source route
faq-canalizador-tabuaco.html,https://canalizador-norte-reparos.pt/faq-canalizador-tabuaco,self-ref-ok,,canonical matches source route
faq-canalizador-torre-moncorvo.html,https://canalizador-norte-reparos.pt/faq-canalizador-torre-moncorvo,self-ref-ok,,canonical matches source route
faq-canalizador-valpacos.html,https://canalizador-norte-reparos.pt/urgencia-canalizador-valpacos,hub-money-same-concelho,,same official concelho=valpacos; target retained
faq-canalizador-vila-flor.html,https://canalizador-norte-reparos.pt/faq-canalizador-vila-flor,self-ref-ok,,canonical matches source route
faq-canalizador-vila-pouca-aguiar.html,https://canalizador-norte-reparos.pt/faq-canalizador-vila-pouca-aguiar,self-ref-ok,,canonical matches source route
faq-canalizador-vila-real.html,https://canalizador-norte-reparos.pt/urgencia-canalizador-vila-real,hub-money-same-concelho,,same official concelho=vila-real; target retained
faq-canalizador-vimioso.html,https://canalizador-norte-reparos.pt/faq-canalizador-vimioso,self-ref-ok,,canonical matches source route
faq-canalizador-vinhais.html,https://canalizador-norte-reparos.pt/faq-canalizador-vinhais,self-ref-ok,,canonical matches source route
faq.html,https://canalizador-norte-reparos.pt/faq,self-ref-ok,,canonical matches source route
fossa-septica-alfandega-da-fe.html,https://canalizador-norte-reparos.pt/fossa-septica-alfandega-da-fe,self-ref-ok,,canonical matches source route
fossa-septica-algoso.html,https://canalizador-norte-reparos.pt/fossa-septica-algoso,self-ref-ok,,canonical matches source route
fossa-septica-armamar.html,https://canalizador-norte-reparos.pt/fossa-septica-armamar,self-ref-ok,,canonical matches source route
fossa-septica-boticas.html,https://canalizador-norte-reparos.pt/fossa-septica-boticas,self-ref-ok,,canonical matches source route
fossa-septica-braganca.html,https://canalizador-norte-reparos.pt/urgencia-canalizador-braganca,hub-money-same-concelho,,same official concelho=braganca; target retained
fossa-septica-carrazeda-de-ansiaes.html,https://canalizador-norte-reparos.pt/fossa-septica-carrazeda-de-ansiaes,self-ref-ok,,canonical matches source route
fossa-septica-chaves.html,https://canalizador-norte-reparos.pt/urgencia-canalizador-chaves,hub-money-same-concelho,,same official concelho=chaves; target retained
fossa-septica-duas-igrejas.html,https://canalizador-norte-reparos.pt/fossa-septica-duas-igrejas,self-ref-ok,,canonical matches source route
fossa-septica-freixo-de-espada-a-cinta.html,https://canalizador-norte-reparos.pt/fossa-septica-freixo-de-espada-a-cinta,self-ref-ok,,canonical matches source route
fossa-septica-lagoaca.html,https://canalizador-norte-reparos.pt/fossa-septica-lagoaca,self-ref-ok,,canonical matches source route
fossa-septica-macedo-de-cavaleiros.html,https://canalizador-norte-reparos.pt/fossa-septica-macedo-de-cavaleiros,self-ref-ok,,canonical matches source route
fossa-septica-mesao-frio.html,https://canalizador-norte-reparos.pt/fossa-septica-mesao-frio,self-ref-ok,,canonical matches source route
fossa-septica-miranda-do-douro.html,https://canalizador-norte-reparos.pt/fossa-septica-miranda-do-douro,self-ref-ok,,canonical matches source route
fossa-septica-mirandela.html,https://canalizador-norte-reparos.pt/fossa-septica-mirandela,self-ref-ok,,canonical matches source route
fossa-septica-mogadouro.html,https://canalizador-norte-reparos.pt/fossa-septica-mogadouro,self-ref-ok,,canonical matches source route
fossa-septica-moncorvo.html,https://canalizador-norte-reparos.pt/fossa-septica-moncorvo,self-ref-ok,,canonical matches source route
fossa-septica-mondim-de-basto.html,https://canalizador-norte-reparos.pt/fossa-septica-mondim-de-basto,self-ref-ok,,canonical matches source route
fossa-septica-monforte-de-rio-livre.html,https://canalizador-norte-reparos.pt/fossa-septica-monforte-de-rio-livre,self-ref-ok,,canonical matches source route
fossa-septica-montalegre.html,https://canalizador-norte-reparos.pt/fossa-septica-montalegre,self-ref-ok,,canonical matches source route
fossa-septica-murca.html,https://canalizador-norte-reparos.pt/fossa-septica-murca,self-ref-ok,,canonical matches source route
fossa-septica-penedono.html,https://canalizador-norte-reparos.pt/fossa-septica-penedono,self-ref-ok,,canonical matches source route
fossa-septica-rebordelo.html,https://canalizador-norte-reparos.pt/fossa-septica-rebordelo,self-ref-ok,,canonical matches source route
fossa-septica-ribeira-de-pena.html,https://canalizador-norte-reparos.pt/fossa-septica-ribeira-de-pena,self-ref-ok,,canonical matches source route
fossa-septica-santa-marta-penaguiao.html,https://canalizador-norte-reparos.pt/fossa-septica-santa-marta-penaguiao,self-ref-ok,,canonical matches source route
fossa-septica-sendim.html,https://canalizador-norte-reparos.pt/fossa-septica-sendim,self-ref-ok,,canonical matches source route
fossa-septica-sernancelhe.html,https://canalizador-norte-reparos.pt/fossa-septica-sernancelhe,self-ref-ok,,canonical matches source route
fossa-septica-tabuaco.html,https://canalizador-norte-reparos.pt/fossa-septica-tabuaco,self-ref-ok,,canonical matches source route
fossa-septica-torre-de-moncorvo.html,https://canalizador-norte-reparos.pt/fossa-septica-torre-de-moncorvo,self-ref-ok,,canonical matches source route
fossa-septica-valpacos.html,https://canalizador-norte-reparos.pt/fossa-septica-valpacos,self-ref-ok,,canonical matches source route
fossa-septica-vila-flor.html,https://canalizador-norte-reparos.pt/fossa-septica-vila-flor,self-ref-ok,,canonical matches source route
fossa-septica-vila-pouca-de-aguiar.html,https://canalizador-norte-reparos.pt/fossa-septica-vila-pouca-de-aguiar,self-ref-ok,,canonical matches source route
fossa-septica-vila-real.html,https://canalizador-norte-reparos.pt/urgencia-canalizador-vila-real,hub-money-same-concelho,,same official concelho=vila-real; target retained
fossa-septica-vimioso.html,https://canalizador-norte-reparos.pt/fossa-septica-vimioso,self-ref-ok,,canonical matches source route
fossa-septica-vinhais.html,https://canalizador-norte-reparos.pt/fossa-septica-vinhais,self-ref-ok,,canonical matches source route
fuga-agua-alfandega-fe.html,https://canalizador-norte-reparos.pt/fuga-agua-alfandega-fe,self-ref-ok,,canonical matches source route
fuga-agua-algoso.html,https://canalizador-norte-reparos.pt/fuga-agua-algoso,self-ref-ok,,canonical matches source route
fuga-agua-alijo.html,https://canalizador-norte-reparos.pt/reparacao-fugas-pressao-baixa-alijo,hub-money-same-concelho,,same official concelho=alijo; target retained
fuga-agua-armamar.html,https://canalizador-norte-reparos.pt/fuga-agua-armamar,self-ref-ok,,canonical matches source route
fuga-agua-boticas.html,https://canalizador-norte-reparos.pt/fuga-agua-boticas,self-ref-ok,,canonical matches source route
fuga-agua-braganca.html,https://canalizador-norte-reparos.pt/urgencia-canalizador-braganca,hub-money-same-concelho,,same official concelho=braganca; target retained
fuga-agua-carrazeda-ansiaes.html,https://canalizador-norte-reparos.pt/fuga-agua-carrazeda-ansiaes,self-ref-ok,,canonical matches source route
fuga-agua-chaves.html,https://canalizador-norte-reparos.pt/urgencia-canalizador-chaves,hub-money-same-concelho,,same official concelho=chaves; target retained
fuga-agua-duas-igrejas.html,https://canalizador-norte-reparos.pt/fuga-agua-duas-igrejas,self-ref-ok,,canonical matches source route
fuga-agua-entre-vizinhos.html,https://canalizador-norte-reparos.pt/fuga-agua-entre-vizinhos,self-ref-ok,,canonical matches source route
fuga-agua-foz-coa.html,https://canalizador-norte-reparos.pt/fuga-agua-foz-coa,self-ref-ok,,canonical matches source route
fuga-agua-freixo-espada-cinta.html,https://canalizador-norte-reparos.pt/fuga-agua-freixo-espada-cinta,self-ref-ok,,canonical matches source route
fuga-agua-lagoaca.html,https://canalizador-norte-reparos.pt/fuga-agua-lagoaca,self-ref-ok,,canonical matches source route
fuga-agua-lamego.html,https://canalizador-norte-reparos.pt/sem-agua-quente-lamego,hub-money-same-concelho,,same official concelho=lamego; target retained
fuga-agua-macedo-cavaleiros.html,https://canalizador-norte-reparos.pt/fuga-agua-macedo-cavaleiros,self-ref-ok,,canonical matches source route
fuga-agua-macedo-de-cavaleiros.html,https://canalizador-norte-reparos.pt/urgencia-canalizador-macedo-de-cavaleiros,hub-money-same-concelho,,same official concelho=macedo-de-cavaleiros; target retained
fuga-agua-mesao-frio.html,https://canalizador-norte-reparos.pt/fuga-agua-mesao-frio,self-ref-ok,,canonical matches source route
fuga-agua-miranda-douro.html,https://canalizador-norte-reparos.pt/fuga-agua-miranda-douro,self-ref-ok,,canonical matches source route
fuga-agua-mirandela.html,https://canalizador-norte-reparos.pt/urgencia-canalizador-mirandela,hub-money-same-concelho,,same official concelho=mirandela; target retained
fuga-agua-mogadouro.html,https://canalizador-norte-reparos.pt/urgencia-canalizador-mogadouro,hub-money-same-concelho,,same official concelho=mogadouro; target retained
fuga-agua-moimenta-beira.html,https://canalizador-norte-reparos.pt/fuga-agua-moimenta-beira,self-ref-ok,,canonical matches source route
fuga-agua-moncorvo.html,https://canalizador-norte-reparos.pt/fuga-agua-moncorvo,self-ref-ok,,canonical matches source route
fuga-agua-mondim-basto.html,https://canalizador-norte-reparos.pt/fuga-agua-mondim-basto,self-ref-ok,,canonical matches source route
fuga-agua-monforte-rio-livre.html,https://canalizador-norte-reparos.pt/fuga-agua-monforte-rio-livre,self-ref-ok,,canonical matches source route
fuga-agua-montalegre.html,https://canalizador-norte-reparos.pt/fuga-agua-montalegre,self-ref-ok,,canonical matches source route
fuga-agua-murca.html,https://canalizador-norte-reparos.pt/fuga-agua-murca,self-ref-ok,,canonical matches source route
fuga-agua-penedono.html,https://canalizador-norte-reparos.pt/fuga-agua-penedono,self-ref-ok,,canonical matches source route
fuga-agua-rebordelo.html,https://canalizador-norte-reparos.pt/fuga-agua-rebordelo,self-ref-ok,,canonical matches source route
fuga-agua-regua.html,https://canalizador-norte-reparos.pt/fuga-agua-regua,self-ref-ok,,canonical matches source route
fuga-agua-ribeira-pena.html,https://canalizador-norte-reparos.pt/fuga-agua-ribeira-pena,self-ref-ok,,canonical matches source route
fuga-agua-sabrosa.html,https://canalizador-norte-reparos.pt/fuga-agua-sabrosa,self-ref-ok,,canonical matches source route
fuga-agua-santa-marta-penaguiao.html,https://canalizador-norte-reparos.pt/fuga-agua-santa-marta-penaguiao,self-ref-ok,,canonical matches source route
fuga-agua-sao-joao-pesqueira.html,https://canalizador-norte-reparos.pt/fuga-agua-sao-joao-pesqueira,self-ref-ok,,canonical matches source route
fuga-agua-sendim.html,https://canalizador-norte-reparos.pt/fuga-agua-sendim,self-ref-ok,,canonical matches source route
fuga-agua-sernancelhe.html,https://canalizador-norte-reparos.pt/fuga-agua-sernancelhe,self-ref-ok,,canonical matches source route
fuga-agua-tabuaco.html,https://canalizador-norte-reparos.pt/fuga-agua-tabuaco,self-ref-ok,,canonical matches source route
fuga-agua-torre-moncorvo.html,https://canalizador-norte-reparos.pt/fuga-agua-torre-moncorvo,self-ref-ok,,canonical matches source route
fuga-agua-valpacos.html,https://canalizador-norte-reparos.pt/urgencia-canalizador-valpacos,hub-money-same-concelho,,same official concelho=valpacos; target retained
fuga-agua-vila-flor.html,https://canalizador-norte-reparos.pt/fuga-agua-vila-flor,self-ref-ok,,canonical matches source route
fuga-agua-vila-pouca-aguiar.html,https://canalizador-norte-reparos.pt/fuga-agua-vila-pouca-aguiar,self-ref-ok,,canonical matches source route
fuga-agua-vila-real.html,https://canalizador-norte-reparos.pt/urgencia-canalizador-vila-real,hub-money-same-concelho,,same official concelho=vila-real; target retained
fuga-agua-vimioso.html,https://canalizador-norte-reparos.pt/fuga-agua-vimioso,self-ref-ok,,canonical matches source route
fuga-agua-vinhais.html,https://canalizador-norte-reparos.pt/urgencia-canalizador-vinhais,hub-money-same-concelho,,same official concelho=vinhais; target retained
fugas-agua-alfandega.html,https://canalizador-norte-reparos.pt/fugas-agua-alfandega,self-ref-ok,,canonical matches source route
fugas-agua-braganca.html,https://canalizador-norte-reparos.pt/fugas-agua-braganca,self-ref-ok,,canonical matches source route
fugas-agua-chaves.html,https://canalizador-norte-reparos.pt/fugas-agua-chaves,self-ref-ok,,canonical matches source route
fugas-agua-lamego.html,https://canalizador-norte-reparos.pt/fugas-agua-lamego,self-ref-ok,,canonical matches source route
fugas-agua-macedo.html,https://canalizador-norte-reparos.pt/fugas-agua-macedo,self-ref-ok,,canonical matches source route
fugas-agua-miranda-douro.html,https://canalizador-norte-reparos.pt/fugas-agua-miranda-douro,self-ref-ok,,canonical matches source route
fugas-agua-mirandela.html,https://canalizador-norte-reparos.pt/urgencia-canalizador-mirandela,hub-money-same-concelho,,same official concelho=mirandela; target retained
fugas-agua-mogadouro.html,https://canalizador-norte-reparos.pt/fugas-agua-mogadouro,self-ref-ok,,canonical matches source route
fugas-agua-torre-moncorvo.html,https://canalizador-norte-reparos.pt/fugas-agua-torre-moncorvo,self-ref-ok,,canonical matches source route
fugas-agua-valpacos.html,https://canalizador-norte-reparos.pt/fugas-agua-valpacos,self-ref-ok,,canonical matches source route
fugas-agua-vila-real.html,https://canalizador-norte-reparos.pt/urgencia-canalizador-vila-real,hub-money-same-concelho,,same official concelho=vila-real; target retained
fugas-agua-vinhais.html,https://canalizador-norte-reparos.pt/fugas-agua-vinhais,self-ref-ok,,canonical matches source route
galeria.html,https://canalizador-norte-reparos.pt/galeria,self-ref-ok,,canonical matches source route
garantia.html,https://canalizador-norte-reparos.pt/garantia,self-ref-ok,,canonical matches source route
garantias-e-seguros.html,https://canalizador-norte-reparos.pt/garantias-e-seguros,self-ref-ok,,canonical matches source route
garantias.html,https://canalizador-norte-reparos.pt/garantias,self-ref-ok,,canonical matches source route
glossario-canalizacao.html,https://canalizador-norte-reparos.pt/glossario-canalizacao,self-ref-ok,,canonical matches source route
glossario-tecnico.html,https://canalizador-norte-reparos.pt/glossario-tecnico,self-ref-ok,,canonical matches source route
guia-canalizacao.html,https://canalizador-norte-reparos.pt/guia-canalizacao,self-ref-ok,,canonical matches source route
guia-completo-canalizacao-tras-os-montes.html,https://canalizador-norte-reparos.pt/guia-completo-canalizacao-tras-os-montes,self-ref-ok,,canonical matches source route
guia-eletricidade.html,https://canalizador-norte-reparos.pt/guia-eletricidade,self-ref-ok,,canonical matches source route
guia-manutencao-casa.html,,no-canonical,,no canonical link found
guia-precos-canalizador.html,https://canalizador-norte-reparos.pt/guia-precos-canalizador,self-ref-ok,,canonical matches source route
humidade-parede-causa.html,https://canalizador-norte-reparos.pt/humidade-parede-causa,self-ref-ok,,canonical matches source route
index.html,https://canalizador-norte-reparos.pt/,self-ref-ok,,canonical matches source route
inspecao-termica-canalizacao.html,https://canalizador-norte-reparos.pt/inspecao-termica-canalizacao,self-ref-ok,,canonical matches source route
instalacao-casa-banho-alfandega-fe.html,https://canalizador-norte-reparos.pt/instalacao-casa-banho-alfandega-fe,self-ref-ok,,canonical matches source route
instalacao-casa-banho-alfandega.html,https://canalizador-norte-reparos.pt/instalacao-casa-banho-alfandega,self-ref-ok,,canonical matches source route
instalacao-casa-banho-algoso.html,https://canalizador-norte-reparos.pt/instalacao-casa-banho-algoso,self-ref-ok,,canonical matches source route
instalacao-casa-banho-alijo.html,https://canalizador-norte-reparos.pt/reparacao-fugas-pressao-baixa-alijo,hub-money-same-concelho,,same official concelho=alijo; target retained
instalacao-casa-banho-armamar.html,https://canalizador-norte-reparos.pt/instalacao-casa-banho-armamar,self-ref-ok,,canonical matches source route
instalacao-casa-banho-boticas.html,https://canalizador-norte-reparos.pt/instalacao-casa-banho-boticas,self-ref-ok,,canonical matches source route
instalacao-casa-banho-braganca.html,https://canalizador-norte-reparos.pt/urgencia-canalizador-braganca,hub-money-same-concelho,,same official concelho=braganca; target retained
instalacao-casa-banho-carrazeda-ansiaes.html,https://canalizador-norte-reparos.pt/instalacao-casa-banho-carrazeda-ansiaes,self-ref-ok,,canonical matches source route
instalacao-casa-banho-chaves.html,https://canalizador-norte-reparos.pt/urgencia-canalizador-chaves,hub-money-same-concelho,,same official concelho=chaves; target retained
instalacao-casa-banho-completa.html,https://canalizador-norte-reparos.pt/instalacao-casa-banho-completa,self-ref-ok,,canonical matches source route
instalacao-casa-banho-duas-igrejas.html,https://canalizador-norte-reparos.pt/instalacao-casa-banho-duas-igrejas,self-ref-ok,,canonical matches source route
instalacao-casa-banho-foz-coa.html,https://canalizador-norte-reparos.pt/instalacao-casa-banho-foz-coa,self-ref-ok,,canonical matches source route
instalacao-casa-banho-freixo-espada-cinta.html,https://canalizador-norte-reparos.pt/instalacao-casa-banho-freixo-espada-cinta,self-ref-ok,,canonical matches source route
instalacao-casa-banho-lagoaca.html,https://canalizador-norte-reparos.pt/instalacao-casa-banho-lagoaca,self-ref-ok,,canonical matches source route
instalacao-casa-banho-lamego.html,https://canalizador-norte-reparos.pt/sem-agua-quente-lamego,hub-money-same-concelho,,same official concelho=lamego; target retained
instalacao-casa-banho-macedo-cavaleiros.html,https://canalizador-norte-reparos.pt/instalacao-casa-banho-macedo-cavaleiros,self-ref-ok,,canonical matches source route
instalacao-casa-banho-macedo-de-cavaleiros.html,https://canalizador-norte-reparos.pt/instalacao-casa-banho-macedo-de-cavaleiros,self-ref-ok,,canonical matches source route
instalacao-casa-banho-macedo.html,https://canalizador-norte-reparos.pt/instalacao-casa-banho-macedo,self-ref-ok,,canonical matches source route
instalacao-casa-banho-mesao-frio.html,https://canalizador-norte-reparos.pt/instalacao-casa-banho-mesao-frio,self-ref-ok,,canonical matches source route
instalacao-casa-banho-miranda-douro.html,https://canalizador-norte-reparos.pt/instalacao-casa-banho-miranda-douro,self-ref-ok,,canonical matches source route
instalacao-casa-banho-mirandela.html,https://canalizador-norte-reparos.pt/urgencia-canalizador-mirandela,hub-money-same-concelho,,same official concelho=mirandela; target retained
instalacao-casa-banho-mogadouro.html,https://canalizador-norte-reparos.pt/urgencia-canalizador-mogadouro,hub-money-same-concelho,,same official concelho=mogadouro; target retained
instalacao-casa-banho-moimenta-beira.html,https://canalizador-norte-reparos.pt/instalacao-casa-banho-moimenta-beira,self-ref-ok,,canonical matches source route
instalacao-casa-banho-moncorvo.html,https://canalizador-norte-reparos.pt/instalacao-casa-banho-moncorvo,self-ref-ok,,canonical matches source route
instalacao-casa-banho-mondim-basto.html,https://canalizador-norte-reparos.pt/instalacao-casa-banho-mondim-basto,self-ref-ok,,canonical matches source route
instalacao-casa-banho-monforte-rio-livre.html,https://canalizador-norte-reparos.pt/instalacao-casa-banho-monforte-rio-livre,self-ref-ok,,canonical matches source route
instalacao-casa-banho-montalegre.html,https://canalizador-norte-reparos.pt/instalacao-casa-banho-montalegre,self-ref-ok,,canonical matches source route
instalacao-casa-banho-murca.html,https://canalizador-norte-reparos.pt/instalacao-casa-banho-murca,self-ref-ok,,canonical matches source route
instalacao-casa-banho-penedono.html,https://canalizador-norte-reparos.pt/instalacao-casa-banho-penedono,self-ref-ok,,canonical matches source route
instalacao-casa-banho-rebordelo.html,https://canalizador-norte-reparos.pt/instalacao-casa-banho-rebordelo,self-ref-ok,,canonical matches source route
instalacao-casa-banho-regua.html,https://canalizador-norte-reparos.pt/instalacao-casa-banho-regua,self-ref-ok,,canonical matches source route
instalacao-casa-banho-ribeira-pena.html,https://canalizador-norte-reparos.pt/instalacao-casa-banho-ribeira-pena,self-ref-ok,,canonical matches source route
instalacao-casa-banho-sabrosa.html,https://canalizador-norte-reparos.pt/instalacao-casa-banho-sabrosa,self-ref-ok,,canonical matches source route
instalacao-casa-banho-santa-marta-penaguiao.html,https://canalizador-norte-reparos.pt/instalacao-casa-banho-santa-marta-penaguiao,self-ref-ok,,canonical matches source route
instalacao-casa-banho-sao-joao-pesqueira.html,https://canalizador-norte-reparos.pt/instalacao-casa-banho-sao-joao-pesqueira,self-ref-ok,,canonical matches source route
instalacao-casa-banho-sendim.html,https://canalizador-norte-reparos.pt/instalacao-casa-banho-sendim,self-ref-ok,,canonical matches source route
instalacao-casa-banho-sernancelhe.html,https://canalizador-norte-reparos.pt/instalacao-casa-banho-sernancelhe,self-ref-ok,,canonical matches source route
instalacao-casa-banho-tabuaco.html,https://canalizador-norte-reparos.pt/instalacao-casa-banho-tabuaco,self-ref-ok,,canonical matches source route
instalacao-casa-banho-torre-moncorvo.html,https://canalizador-norte-reparos.pt/instalacao-casa-banho-torre-moncorvo,self-ref-ok,,canonical matches source route
instalacao-casa-banho-valpacos.html,https://canalizador-norte-reparos.pt/urgencia-canalizador-valpacos,hub-money-same-concelho,,same official concelho=valpacos; target retained
instalacao-casa-banho-vila-flor.html,https://canalizador-norte-reparos.pt/instalacao-casa-banho-vila-flor,self-ref-ok,,canonical matches source route
instalacao-casa-banho-vila-pouca-aguiar.html,https://canalizador-norte-reparos.pt/instalacao-casa-banho-vila-pouca-aguiar,self-ref-ok,,canonical matches source route
instalacao-casa-banho-vila-real.html,https://canalizador-norte-reparos.pt/urgencia-canalizador-vila-real,hub-money-same-concelho,,same official concelho=vila-real; target retained
instalacao-casa-banho-vimioso.html,https://canalizador-norte-reparos.pt/instalacao-casa-banho-vimioso,self-ref-ok,,canonical matches source route
instalacao-casa-banho-vinhais.html,https://canalizador-norte-reparos.pt/urgencia-canalizador-vinhais,hub-money-same-concelho,,same official concelho=vinhais; target retained
maintenance.html,https://canalizador-norte-reparos.pt/maintenance,self-ref-ok,,canonical matches source route
manutencao-preventiva-canalizacao.html,https://canalizador-norte-reparos.pt/manutencao-preventiva-canalizacao,self-ref-ok,,canonical matches source route
mapa-do-site.html,https://canalizador-norte-reparos.pt/mapa-do-site,self-ref-ok,,canonical matches source route
marcas-grohe-roca-junkers.html,https://canalizador-norte-reparos.pt/marcas-grohe-roca-junkers,self-ref-ok,,canonical matches source route
melhores-acessorios-casa-banho.html,https://canalizador-norte-reparos.pt/melhores-acessorios-casa-banho,self-ref-ok,,canonical matches source route
melhores-aspersores-rega.html,https://canalizador-norte-reparos.pt/melhores-aspersores-rega,self-ref-ok,,canonical matches source route
melhores-autoclismos.html,https://canalizador-norte-reparos.pt/melhores-autoclismos,self-ref-ok,,canonical matches source route
melhores-banheiras.html,https://canalizador-norte-reparos.pt/melhores-banheiras,self-ref-ok,,canonical matches source route
melhores-bases-duche.html,https://canalizador-norte-reparos.pt/melhores-bases-duche,self-ref-ok,,canonical matches source route
melhores-bides.html,https://canalizador-norte-reparos.pt/melhores-bides,self-ref-ok,,canonical matches source route
melhores-bombas-agua-domesticas.html,https://canalizador-norte-reparos.pt/melhores-bombas-agua-domesticas,self-ref-ok,,canonical matches source route
melhores-bombas-circulacao.html,https://canalizador-norte-reparos.pt/melhores-bombas-circulacao,self-ref-ok,,canonical matches source route
melhores-bombas-submersiveis.html,https://canalizador-norte-reparos.pt/melhores-bombas-submersiveis,self-ref-ok,,canonical matches source route
melhores-caldeiras-condensacao.html,https://canalizador-norte-reparos.pt/melhores-caldeiras-condensacao,self-ref-ok,,canonical matches source route
melhores-caldeiras-gas.html,https://canalizador-norte-reparos.pt/melhores-caldeiras-gas,self-ref-ok,,canonical matches source route
melhores-cameras-inspecao-canos.html,https://canalizador-norte-reparos.pt/melhores-cameras-inspecao-canos,self-ref-ok,,canonical matches source route
melhores-chaves-cano-canalizador.html,https://canalizador-norte-reparos.pt/melhores-chaves-cano-canalizador,self-ref-ok,,canonical matches source route
melhores-chuveiros-duche.html,https://canalizador-norte-reparos.pt/melhores-chuveiros-duche,self-ref-ok,,canonical matches source route
melhores-corta-tubos.html,https://canalizador-norte-reparos.pt/melhores-corta-tubos,self-ref-ok,,canonical matches source route
melhores-cortinas-duche.html,https://canalizador-norte-reparos.pt/melhores-cortinas-duche,self-ref-ok,,canonical matches source route
melhores-depositos-agua.html,https://canalizador-norte-reparos.pt/melhores-depositos-agua,self-ref-ok,,canonical matches source route
melhores-descalcificadores-agua.html,https://canalizador-norte-reparos.pt/melhores-descalcificadores-agua,self-ref-ok,,canonical matches source route
melhores-detetores-fugas-agua.html,https://canalizador-norte-reparos.pt/melhores-detetores-fugas-agua,self-ref-ok,,canonical matches source route
melhores-espelhos-casa-banho.html,https://canalizador-norte-reparos.pt/melhores-espelhos-casa-banho,self-ref-ok,,canonical matches source route
melhores-esquentadores-gas.html,https://canalizador-norte-reparos.pt/melhores-esquentadores-gas,self-ref-ok,,canonical matches source route
melhores-filtros-agua-casa.html,https://canalizador-norte-reparos.pt/melhores-filtros-agua-casa,self-ref-ok,,canonical matches source route
melhores-fita-teflon.html,https://canalizador-norte-reparos.pt/melhores-fita-teflon,self-ref-ok,,canonical matches source route
melhores-kits-reparacao-canalizacao.html,https://canalizador-norte-reparos.pt/melhores-kits-reparacao-canalizacao,self-ref-ok,,canonical matches source route
melhores-lavatorios.html,https://canalizador-norte-reparos.pt/melhores-lavatorios,self-ref-ok,,canonical matches source route
melhores-mangueiras-jardim.html,https://canalizador-norte-reparos.pt/melhores-mangueiras-jardim,self-ref-ok,,canonical matches source route
melhores-maquinas-desentupir.html,https://canalizador-norte-reparos.pt/melhores-maquinas-desentupir,self-ref-ok,,canonical matches source route
melhores-mecanismos-autoclismo.html,https://canalizador-norte-reparos.pt/melhores-mecanismos-autoclismo,self-ref-ok,,canonical matches source route
melhores-moveis-casa-banho.html,https://canalizador-norte-reparos.pt/melhores-moveis-casa-banho,self-ref-ok,,canonical matches source route
melhores-osmose-inversa-casa.html,https://canalizador-norte-reparos.pt/melhores-osmose-inversa-casa,self-ref-ok,,canonical matches source route
melhores-programadores-rega.html,https://canalizador-norte-reparos.pt/melhores-programadores-rega,self-ref-ok,,canonical matches source route
melhores-purificadores-agua.html,https://canalizador-norte-reparos.pt/melhores-purificadores-agua,self-ref-ok,,canonical matches source route
melhores-radiadores-aquecimento.html,https://canalizador-norte-reparos.pt/melhores-radiadores-aquecimento,self-ref-ok,,canonical matches source route
melhores-ralos-chuveiro.html,https://canalizador-norte-reparos.pt/melhores-ralos-chuveiro,self-ref-ok,,canonical matches source route
melhores-redutores-pressao.html,https://canalizador-norte-reparos.pt/melhores-redutores-pressao,self-ref-ok,,canonical matches source route
melhores-sanitas.html,https://canalizador-norte-reparos.pt/melhores-sanitas,self-ref-ok,,canonical matches source route
melhores-sifoes-casa-banho.html,https://canalizador-norte-reparos.pt/melhores-sifoes-casa-banho,self-ref-ok,,canonical matches source route
melhores-sifoes-cozinha.html,https://canalizador-norte-reparos.pt/melhores-sifoes-cozinha,self-ref-ok,,canonical matches source route
melhores-soldadores-cobre.html,https://canalizador-norte-reparos.pt/melhores-soldadores-cobre,self-ref-ok,,canonical matches source route
melhores-tampas-sanita.html,https://canalizador-norte-reparos.pt/melhores-tampas-sanita,self-ref-ok,,canonical matches source route
melhores-termoacumuladores.html,https://canalizador-norte-reparos.pt/melhores-termoacumuladores,self-ref-ok,,canonical matches source route
melhores-termostatos-aquecimento.html,https://canalizador-norte-reparos.pt/melhores-termostatos-aquecimento,self-ref-ok,,canonical matches source route
melhores-toalheiros-aquecidos.html,https://canalizador-norte-reparos.pt/melhores-toalheiros-aquecidos,self-ref-ok,,canonical matches source route
melhores-torneiras-casa-banho.html,https://canalizador-norte-reparos.pt/melhores-torneiras-casa-banho,self-ref-ok,,canonical matches source route
melhores-torneiras-cozinha.html,https://canalizador-norte-reparos.pt/melhores-torneiras-cozinha,self-ref-ok,,canonical matches source route
melhores-torneiras-jardim.html,https://canalizador-norte-reparos.pt/melhores-torneiras-jardim,self-ref-ok,,canonical matches source route
melhores-torneiras-termostaticas.html,https://canalizador-norte-reparos.pt/melhores-torneiras-termostaticas,self-ref-ok,,canonical matches source route
melhores-trituradores-sanita.html,https://canalizador-norte-reparos.pt/melhores-trituradores-sanita,self-ref-ok,,canonical matches source route
melhores-tubos-ppr-multicamada.html,https://canalizador-norte-reparos.pt/melhores-tubos-ppr-multicamada,self-ref-ok,,canonical matches source route
melhores-valvulas-seguranca.html,https://canalizador-norte-reparos.pt/melhores-valvulas-seguranca,self-ref-ok,,canonical matches source route
melhores-vaso-expansao.html,https://canalizador-norte-reparos.pt/melhores-vaso-expansao,self-ref-ok,,canonical matches source route
melhores-vedantes-canalizacao.html,https://canalizador-norte-reparos.pt/melhores-vedantes-canalizacao,self-ref-ok,,canonical matches source route
melhores-ventosas-desentupir.html,https://canalizador-norte-reparos.pt/melhores-ventosas-desentupir,self-ref-ok,,canonical matches source route
metodologia.html,https://canalizador-norte-reparos.pt/metodologia,self-ref-ok,,canonical matches source route
orcamento.html,https://canalizador-norte-reparos.pt/orcamento,self-ref-ok,,canonical matches source route
paa/canalizador-alijo-24-horas.html,https://canalizador-norte-reparos.pt/paa/canalizador-alijo-24-horas,self-ref-ok,,canonical matches source route
paa/canalizador-alijo-aceita-cartao.html,https://canalizador-norte-reparos.pt/paa/canalizador-alijo-aceita-cartao,self-ref-ok,,canonical matches source route
paa/canalizador-alijo-avaliar-online.html,https://canalizador-norte-reparos.pt/paa/canalizador-alijo-avaliar-online,self-ref-ok,,canonical matches source route
paa/canalizador-alijo-barato.html,https://canalizador-norte-reparos.pt/paa/canalizador-alijo-barato,self-ref-ok,,canonical matches source route
paa/canalizador-alijo-confianca.html,https://canalizador-norte-reparos.pt/paa/canalizador-alijo-confianca,self-ref-ok,,canonical matches source route
paa/canalizador-alijo-desentupimento.html,https://canalizador-norte-reparos.pt/paa/canalizador-alijo-desentupimento,self-ref-ok,,canonical matches source route
paa/canalizador-alijo-domingo.html,https://canalizador-norte-reparos.pt/paa/canalizador-alijo-domingo,self-ref-ok,,canonical matches source route
paa/canalizador-alijo-emergencia-domingo.html,https://canalizador-norte-reparos.pt/paa/canalizador-alijo-emergencia-domingo,self-ref-ok,,canonical matches source route
paa/canalizador-alijo-fossa-septica.html,https://canalizador-norte-reparos.pt/paa/canalizador-alijo-fossa-septica,self-ref-ok,,canonical matches source route
paa/canalizador-alijo-fuga-agua.html,https://canalizador-norte-reparos.pt/paa/canalizador-alijo-fuga-agua,self-ref-ok,,canonical matches source route
paa/canalizador-alijo-noite.html,https://canalizador-norte-reparos.pt/paa/canalizador-alijo-noite,self-ref-ok,,canonical matches source route
paa/canalizador-alijo-orcamento-gratis.html,https://canalizador-norte-reparos.pt/paa/canalizador-alijo-orcamento-gratis,self-ref-ok,,canonical matches source route
paa/canalizador-alijo-preco-justo.html,https://canalizador-norte-reparos.pt/paa/canalizador-alijo-preco-justo,self-ref-ok,,canonical matches source route
paa/canalizador-alijo-recomendado.html,https://canalizador-norte-reparos.pt/paa/canalizador-alijo-recomendado,self-ref-ok,,canonical matches source route
paa/canalizador-alijo-reparacao-esquentador.html,https://canalizador-norte-reparos.pt/paa/canalizador-alijo-reparacao-esquentador,self-ref-ok,,canonical matches source route
paa/canalizador-alijo-trabalha-feriado.html,https://canalizador-norte-reparos.pt/paa/canalizador-alijo-trabalha-feriado,self-ref-ok,,canonical matches source route
paa/canalizador-alijo-urgente.html,https://canalizador-norte-reparos.pt/paa/canalizador-alijo-urgente,self-ref-ok,,canonical matches source route
paa/canalizador-alijó-24-horas.html,https://canalizador-norte-reparos.pt/paa/canalizador-alijó-24-horas,self-ref-ok,,canonical matches source route
paa/canalizador-alijó-aceita-cartao.html,https://canalizador-norte-reparos.pt/paa/canalizador-alijó-aceita-cartao,self-ref-ok,,canonical matches source route
paa/canalizador-alijó-avaliar-online.html,https://canalizador-norte-reparos.pt/paa/canalizador-alijó-avaliar-online,self-ref-ok,,canonical matches source route
paa/canalizador-alijó-barato.html,https://canalizador-norte-reparos.pt/paa/canalizador-alijó-barato,self-ref-ok,,canonical matches source route
paa/canalizador-alijó-confianca.html,https://canalizador-norte-reparos.pt/paa/canalizador-alijó-confianca,self-ref-ok,,canonical matches source route
paa/canalizador-alijó-desentupimento.html,https://canalizador-norte-reparos.pt/paa/canalizador-alijó-desentupimento,self-ref-ok,,canonical matches source route
paa/canalizador-alijó-domingo.html,https://canalizador-norte-reparos.pt/paa/canalizador-alijó-domingo,self-ref-ok,,canonical matches source route
paa/canalizador-alijó-emergencia-domingo.html,https://canalizador-norte-reparos.pt/paa/canalizador-alijó-emergencia-domingo,self-ref-ok,,canonical matches source route
paa/canalizador-alijó-fossa-septica.html,https://canalizador-norte-reparos.pt/paa/canalizador-alijó-fossa-septica,self-ref-ok,,canonical matches source route
paa/canalizador-alijó-fuga-agua.html,https://canalizador-norte-reparos.pt/paa/canalizador-alijó-fuga-agua,self-ref-ok,,canonical matches source route
paa/canalizador-alijó-noite.html,https://canalizador-norte-reparos.pt/paa/canalizador-alijó-noite,self-ref-ok,,canonical matches source route
paa/canalizador-alijó-orcamento-gratis.html,https://canalizador-norte-reparos.pt/paa/canalizador-alijó-orcamento-gratis,self-ref-ok,,canonical matches source route
paa/canalizador-alijó-preco-justo.html,https://canalizador-norte-reparos.pt/paa/canalizador-alijó-preco-justo,self-ref-ok,,canonical matches source route
paa/canalizador-alijó-recomendado.html,https://canalizador-norte-reparos.pt/paa/canalizador-alijó-recomendado,self-ref-ok,,canonical matches source route
paa/canalizador-alijó-reparacao-esquentador.html,https://canalizador-norte-reparos.pt/paa/canalizador-alijó-reparacao-esquentador,self-ref-ok,,canonical matches source route
paa/canalizador-alijó-trabalha-feriado.html,https://canalizador-norte-reparos.pt/paa/canalizador-alijó-trabalha-feriado,self-ref-ok,,canonical matches source route
paa/canalizador-alijó-urgente.html,https://canalizador-norte-reparos.pt/paa/canalizador-alijó-urgente,self-ref-ok,,canonical matches source route
paa/canalizador-braganca-24-horas.html,https://canalizador-norte-reparos.pt/paa/canalizador-braganca-24-horas,self-ref-ok,,canonical matches source route
paa/canalizador-braganca-aceita-cartao.html,https://canalizador-norte-reparos.pt/paa/canalizador-braganca-aceita-cartao,self-ref-ok,,canonical matches source route
paa/canalizador-braganca-avaliar-online.html,https://canalizador-norte-reparos.pt/paa/canalizador-braganca-avaliar-online,self-ref-ok,,canonical matches source route
paa/canalizador-braganca-barato.html,https://canalizador-norte-reparos.pt/paa/canalizador-braganca-barato,self-ref-ok,,canonical matches source route
paa/canalizador-braganca-confianca.html,https://canalizador-norte-reparos.pt/paa/canalizador-braganca-confianca,self-ref-ok,,canonical matches source route
paa/canalizador-braganca-desentupimento.html,https://canalizador-norte-reparos.pt/paa/canalizador-braganca-desentupimento,self-ref-ok,,canonical matches source route
paa/canalizador-braganca-domingo.html,https://canalizador-norte-reparos.pt/paa/canalizador-braganca-domingo,self-ref-ok,,canonical matches source route
paa/canalizador-braganca-emergencia-domingo.html,https://canalizador-norte-reparos.pt/paa/canalizador-braganca-emergencia-domingo,self-ref-ok,,canonical matches source route
paa/canalizador-braganca-fossa-septica.html,https://canalizador-norte-reparos.pt/paa/canalizador-braganca-fossa-septica,self-ref-ok,,canonical matches source route
paa/canalizador-braganca-fuga-agua.html,https://canalizador-norte-reparos.pt/paa/canalizador-braganca-fuga-agua,self-ref-ok,,canonical matches source route
paa/canalizador-braganca-noite.html,https://canalizador-norte-reparos.pt/paa/canalizador-braganca-noite,self-ref-ok,,canonical matches source route
paa/canalizador-braganca-orcamento-gratis.html,https://canalizador-norte-reparos.pt/paa/canalizador-braganca-orcamento-gratis,self-ref-ok,,canonical matches source route
paa/canalizador-braganca-preco-justo.html,https://canalizador-norte-reparos.pt/paa/canalizador-braganca-preco-justo,self-ref-ok,,canonical matches source route
paa/canalizador-braganca-recomendado.html,https://canalizador-norte-reparos.pt/paa/canalizador-braganca-recomendado,self-ref-ok,,canonical matches source route
paa/canalizador-braganca-reparacao-esquentador.html,https://canalizador-norte-reparos.pt/paa/canalizador-braganca-reparacao-esquentador,self-ref-ok,,canonical matches source route
paa/canalizador-braganca-trabalha-feriado.html,https://canalizador-norte-reparos.pt/paa/canalizador-braganca-trabalha-feriado,self-ref-ok,,canonical matches source route
paa/canalizador-braganca-urgente.html,https://canalizador-norte-reparos.pt/paa/canalizador-braganca-urgente,self-ref-ok,,canonical matches source route
paa/canalizador-chaves-24-horas.html,https://canalizador-norte-reparos.pt/paa/canalizador-chaves-24-horas,self-ref-ok,,canonical matches source route
paa/canalizador-chaves-aceita-cartao.html,https://canalizador-norte-reparos.pt/paa/canalizador-chaves-aceita-cartao,self-ref-ok,,canonical matches source route
paa/canalizador-chaves-avaliar-online.html,https://canalizador-norte-reparos.pt/paa/canalizador-chaves-avaliar-online,self-ref-ok,,canonical matches source route
paa/canalizador-chaves-barato.html,https://canalizador-norte-reparos.pt/paa/canalizador-chaves-barato,self-ref-ok,,canonical matches source route
paa/canalizador-chaves-confianca.html,https://canalizador-norte-reparos.pt/paa/canalizador-chaves-confianca,self-ref-ok,,canonical matches source route
paa/canalizador-chaves-desentupimento.html,https://canalizador-norte-reparos.pt/paa/canalizador-chaves-desentupimento,self-ref-ok,,canonical matches source route
paa/canalizador-chaves-domingo.html,https://canalizador-norte-reparos.pt/paa/canalizador-chaves-domingo,self-ref-ok,,canonical matches source route
paa/canalizador-chaves-emergencia-domingo.html,https://canalizador-norte-reparos.pt/paa/canalizador-chaves-emergencia-domingo,self-ref-ok,,canonical matches source route
paa/canalizador-chaves-fossa-septica.html,https://canalizador-norte-reparos.pt/paa/canalizador-chaves-fossa-septica,self-ref-ok,,canonical matches source route
paa/canalizador-chaves-fuga-agua.html,https://canalizador-norte-reparos.pt/paa/canalizador-chaves-fuga-agua,self-ref-ok,,canonical matches source route
paa/canalizador-chaves-noite.html,https://canalizador-norte-reparos.pt/paa/canalizador-chaves-noite,self-ref-ok,,canonical matches source route
paa/canalizador-chaves-orcamento-gratis.html,https://canalizador-norte-reparos.pt/paa/canalizador-chaves-orcamento-gratis,self-ref-ok,,canonical matches source route
paa/canalizador-chaves-preco-justo.html,https://canalizador-norte-reparos.pt/paa/canalizador-chaves-preco-justo,self-ref-ok,,canonical matches source route
paa/canalizador-chaves-recomendado.html,https://canalizador-norte-reparos.pt/paa/canalizador-chaves-recomendado,self-ref-ok,,canonical matches source route
paa/canalizador-chaves-reparacao-esquentador.html,https://canalizador-norte-reparos.pt/paa/canalizador-chaves-reparacao-esquentador,self-ref-ok,,canonical matches source route
paa/canalizador-chaves-trabalha-feriado.html,https://canalizador-norte-reparos.pt/paa/canalizador-chaves-trabalha-feriado,self-ref-ok,,canonical matches source route
paa/canalizador-chaves-urgente.html,https://canalizador-norte-reparos.pt/paa/canalizador-chaves-urgente,self-ref-ok,,canonical matches source route
paa/canalizador-lamego-24-horas.html,https://canalizador-norte-reparos.pt/paa/canalizador-lamego-24-horas,self-ref-ok,,canonical matches source route
paa/canalizador-lamego-aceita-cartao.html,https://canalizador-norte-reparos.pt/paa/canalizador-lamego-aceita-cartao,self-ref-ok,,canonical matches source route
paa/canalizador-lamego-avaliar-online.html,https://canalizador-norte-reparos.pt/paa/canalizador-lamego-avaliar-online,self-ref-ok,,canonical matches source route
paa/canalizador-lamego-barato.html,https://canalizador-norte-reparos.pt/paa/canalizador-lamego-barato,self-ref-ok,,canonical matches source route
paa/canalizador-lamego-confianca.html,https://canalizador-norte-reparos.pt/paa/canalizador-lamego-confianca,self-ref-ok,,canonical matches source route
paa/canalizador-lamego-desentupimento.html,https://canalizador-norte-reparos.pt/paa/canalizador-lamego-desentupimento,self-ref-ok,,canonical matches source route
paa/canalizador-lamego-domingo.html,https://canalizador-norte-reparos.pt/paa/canalizador-lamego-domingo,self-ref-ok,,canonical matches source route
paa/canalizador-lamego-emergencia-domingo.html,https://canalizador-norte-reparos.pt/paa/canalizador-lamego-emergencia-domingo,self-ref-ok,,canonical matches source route
paa/canalizador-lamego-fossa-septica.html,https://canalizador-norte-reparos.pt/paa/canalizador-lamego-fossa-septica,self-ref-ok,,canonical matches source route
paa/canalizador-lamego-fuga-agua.html,https://canalizador-norte-reparos.pt/paa/canalizador-lamego-fuga-agua,self-ref-ok,,canonical matches source route
paa/canalizador-lamego-noite.html,https://canalizador-norte-reparos.pt/paa/canalizador-lamego-noite,self-ref-ok,,canonical matches source route
paa/canalizador-lamego-orcamento-gratis.html,https://canalizador-norte-reparos.pt/paa/canalizador-lamego-orcamento-gratis,self-ref-ok,,canonical matches source route
paa/canalizador-lamego-preco-justo.html,https://canalizador-norte-reparos.pt/paa/canalizador-lamego-preco-justo,self-ref-ok,,canonical matches source route
paa/canalizador-lamego-recomendado.html,https://canalizador-norte-reparos.pt/paa/canalizador-lamego-recomendado,self-ref-ok,,canonical matches source route
paa/canalizador-lamego-reparacao-esquentador.html,https://canalizador-norte-reparos.pt/paa/canalizador-lamego-reparacao-esquentador,self-ref-ok,,canonical matches source route
paa/canalizador-lamego-trabalha-feriado.html,https://canalizador-norte-reparos.pt/paa/canalizador-lamego-trabalha-feriado,self-ref-ok,,canonical matches source route
paa/canalizador-lamego-urgente.html,https://canalizador-norte-reparos.pt/paa/canalizador-lamego-urgente,self-ref-ok,,canonical matches source route
paa/canalizador-macedo-de-cavaleiros-24-horas.html,https://canalizador-norte-reparos.pt/paa/canalizador-macedo-de-cavaleiros-24-horas,self-ref-ok,,canonical matches source route
paa/canalizador-macedo-de-cavaleiros-aceita-cartao.html,https://canalizador-norte-reparos.pt/paa/canalizador-macedo-de-cavaleiros-aceita-cartao,self-ref-ok,,canonical matches source route
paa/canalizador-macedo-de-cavaleiros-avaliar-online.html,https://canalizador-norte-reparos.pt/paa/canalizador-macedo-de-cavaleiros-avaliar-online,self-ref-ok,,canonical matches source route
paa/canalizador-macedo-de-cavaleiros-barato.html,https://canalizador-norte-reparos.pt/paa/canalizador-macedo-de-cavaleiros-barato,self-ref-ok,,canonical matches source route
paa/canalizador-macedo-de-cavaleiros-confianca.html,https://canalizador-norte-reparos.pt/paa/canalizador-macedo-de-cavaleiros-confianca,self-ref-ok,,canonical matches source route
paa/canalizador-macedo-de-cavaleiros-desentupimento.html,https://canalizador-norte-reparos.pt/paa/canalizador-macedo-de-cavaleiros-desentupimento,self-ref-ok,,canonical matches source route
paa/canalizador-macedo-de-cavaleiros-domingo.html,https://canalizador-norte-reparos.pt/paa/canalizador-macedo-de-cavaleiros-domingo,self-ref-ok,,canonical matches source route
paa/canalizador-macedo-de-cavaleiros-emergencia-domingo.html,https://canalizador-norte-reparos.pt/paa/canalizador-macedo-de-cavaleiros-emergencia-domingo,self-ref-ok,,canonical matches source route
paa/canalizador-macedo-de-cavaleiros-fossa-septica.html,https://canalizador-norte-reparos.pt/paa/canalizador-macedo-de-cavaleiros-fossa-septica,self-ref-ok,,canonical matches source route
paa/canalizador-macedo-de-cavaleiros-fuga-agua.html,https://canalizador-norte-reparos.pt/paa/canalizador-macedo-de-cavaleiros-fuga-agua,self-ref-ok,,canonical matches source route
paa/canalizador-macedo-de-cavaleiros-noite.html,https://canalizador-norte-reparos.pt/paa/canalizador-macedo-de-cavaleiros-noite,self-ref-ok,,canonical matches source route
paa/canalizador-macedo-de-cavaleiros-orcamento-gratis.html,https://canalizador-norte-reparos.pt/paa/canalizador-macedo-de-cavaleiros-orcamento-gratis,self-ref-ok,,canonical matches source route
paa/canalizador-macedo-de-cavaleiros-preco-justo.html,https://canalizador-norte-reparos.pt/paa/canalizador-macedo-de-cavaleiros-preco-justo,self-ref-ok,,canonical matches source route
paa/canalizador-macedo-de-cavaleiros-recomendado.html,https://canalizador-norte-reparos.pt/paa/canalizador-macedo-de-cavaleiros-recomendado,self-ref-ok,,canonical matches source route
paa/canalizador-macedo-de-cavaleiros-reparacao-esquentador.html,https://canalizador-norte-reparos.pt/paa/canalizador-macedo-de-cavaleiros-reparacao-esquentador,self-ref-ok,,canonical matches source route
paa/canalizador-macedo-de-cavaleiros-trabalha-feriado.html,https://canalizador-norte-reparos.pt/paa/canalizador-macedo-de-cavaleiros-trabalha-feriado,self-ref-ok,,canonical matches source route
paa/canalizador-macedo-de-cavaleiros-urgente.html,https://canalizador-norte-reparos.pt/paa/canalizador-macedo-de-cavaleiros-urgente,self-ref-ok,,canonical matches source route
paa/canalizador-meda-24-horas.html,https://canalizador-norte-reparos.pt/paa/canalizador-meda-24-horas,self-ref-ok,,canonical matches source route
paa/canalizador-meda-aceita-cartao.html,https://canalizador-norte-reparos.pt/paa/canalizador-meda-aceita-cartao,self-ref-ok,,canonical matches source route
paa/canalizador-meda-avaliar-online.html,https://canalizador-norte-reparos.pt/paa/canalizador-meda-avaliar-online,self-ref-ok,,canonical matches source route
paa/canalizador-meda-barato.html,https://canalizador-norte-reparos.pt/paa/canalizador-meda-barato,self-ref-ok,,canonical matches source route
paa/canalizador-meda-confianca.html,https://canalizador-norte-reparos.pt/paa/canalizador-meda-confianca,self-ref-ok,,canonical matches source route
paa/canalizador-meda-desentupimento.html,https://canalizador-norte-reparos.pt/paa/canalizador-meda-desentupimento,self-ref-ok,,canonical matches source route
paa/canalizador-meda-domingo.html,https://canalizador-norte-reparos.pt/paa/canalizador-meda-domingo,self-ref-ok,,canonical matches source route
paa/canalizador-meda-emergencia-domingo.html,https://canalizador-norte-reparos.pt/paa/canalizador-meda-emergencia-domingo,self-ref-ok,,canonical matches source route
paa/canalizador-meda-fossa-septica.html,https://canalizador-norte-reparos.pt/paa/canalizador-meda-fossa-septica,self-ref-ok,,canonical matches source route
paa/canalizador-meda-fuga-agua.html,https://canalizador-norte-reparos.pt/paa/canalizador-meda-fuga-agua,self-ref-ok,,canonical matches source route
paa/canalizador-meda-noite.html,https://canalizador-norte-reparos.pt/paa/canalizador-meda-noite,self-ref-ok,,canonical matches source route
paa/canalizador-meda-orcamento-gratis.html,https://canalizador-norte-reparos.pt/paa/canalizador-meda-orcamento-gratis,self-ref-ok,,canonical matches source route
paa/canalizador-meda-preco-justo.html,https://canalizador-norte-reparos.pt/paa/canalizador-meda-preco-justo,self-ref-ok,,canonical matches source route
paa/canalizador-meda-recomendado.html,https://canalizador-norte-reparos.pt/paa/canalizador-meda-recomendado,self-ref-ok,,canonical matches source route
paa/canalizador-meda-reparacao-esquentador.html,https://canalizador-norte-reparos.pt/paa/canalizador-meda-reparacao-esquentador,self-ref-ok,,canonical matches source route
paa/canalizador-meda-trabalha-feriado.html,https://canalizador-norte-reparos.pt/paa/canalizador-meda-trabalha-feriado,self-ref-ok,,canonical matches source route
paa/canalizador-meda-urgente.html,https://canalizador-norte-reparos.pt/paa/canalizador-meda-urgente,self-ref-ok,,canonical matches source route
paa/canalizador-miranda-do-douro-24-horas.html,https://canalizador-norte-reparos.pt/paa/canalizador-miranda-do-douro-24-horas,self-ref-ok,,canonical matches source route
paa/canalizador-miranda-do-douro-aceita-cartao.html,https://canalizador-norte-reparos.pt/paa/canalizador-miranda-do-douro-aceita-cartao,self-ref-ok,,canonical matches source route
paa/canalizador-miranda-do-douro-avaliar-online.html,https://canalizador-norte-reparos.pt/paa/canalizador-miranda-do-douro-avaliar-online,self-ref-ok,,canonical matches source route
paa/canalizador-miranda-do-douro-barato.html,https://canalizador-norte-reparos.pt/paa/canalizador-miranda-do-douro-barato,self-ref-ok,,canonical matches source route
paa/canalizador-miranda-do-douro-confianca.html,https://canalizador-norte-reparos.pt/paa/canalizador-miranda-do-douro-confianca,self-ref-ok,,canonical matches source route
paa/canalizador-miranda-do-douro-desentupimento.html,https://canalizador-norte-reparos.pt/paa/canalizador-miranda-do-douro-desentupimento,self-ref-ok,,canonical matches source route
paa/canalizador-miranda-do-douro-domingo.html,https://canalizador-norte-reparos.pt/paa/canalizador-miranda-do-douro-domingo,self-ref-ok,,canonical matches source route
paa/canalizador-miranda-do-douro-emergencia-domingo.html,https://canalizador-norte-reparos.pt/paa/canalizador-miranda-do-douro-emergencia-domingo,self-ref-ok,,canonical matches source route
paa/canalizador-miranda-do-douro-fossa-septica.html,https://canalizador-norte-reparos.pt/paa/canalizador-miranda-do-douro-fossa-septica,self-ref-ok,,canonical matches source route
paa/canalizador-miranda-do-douro-fuga-agua.html,https://canalizador-norte-reparos.pt/paa/canalizador-miranda-do-douro-fuga-agua,self-ref-ok,,canonical matches source route
paa/canalizador-miranda-do-douro-noite.html,https://canalizador-norte-reparos.pt/paa/canalizador-miranda-do-douro-noite,self-ref-ok,,canonical matches source route
paa/canalizador-miranda-do-douro-orcamento-gratis.html,https://canalizador-norte-reparos.pt/paa/canalizador-miranda-do-douro-orcamento-gratis,self-ref-ok,,canonical matches source route
paa/canalizador-miranda-do-douro-preco-justo.html,https://canalizador-norte-reparos.pt/paa/canalizador-miranda-do-douro-preco-justo,self-ref-ok,,canonical matches source route
paa/canalizador-miranda-do-douro-recomendado.html,https://canalizador-norte-reparos.pt/paa/canalizador-miranda-do-douro-recomendado,self-ref-ok,,canonical matches source route
paa/canalizador-miranda-do-douro-reparacao-esquentador.html,https://canalizador-norte-reparos.pt/paa/canalizador-miranda-do-douro-reparacao-esquentador,self-ref-ok,,canonical matches source route
paa/canalizador-miranda-do-douro-trabalha-feriado.html,https://canalizador-norte-reparos.pt/paa/canalizador-miranda-do-douro-trabalha-feriado,self-ref-ok,,canonical matches source route
paa/canalizador-miranda-do-douro-urgente.html,https://canalizador-norte-reparos.pt/paa/canalizador-miranda-do-douro-urgente,self-ref-ok,,canonical matches source route
paa/canalizador-mirandela-24-horas.html,https://canalizador-norte-reparos.pt/paa/canalizador-mirandela-24-horas,self-ref-ok,,canonical matches source route
paa/canalizador-mirandela-aceita-cartao.html,https://canalizador-norte-reparos.pt/paa/canalizador-mirandela-aceita-cartao,self-ref-ok,,canonical matches source route
paa/canalizador-mirandela-avaliar-online.html,https://canalizador-norte-reparos.pt/paa/canalizador-mirandela-avaliar-online,self-ref-ok,,canonical matches source route
paa/canalizador-mirandela-barato.html,https://canalizador-norte-reparos.pt/paa/canalizador-mirandela-barato,self-ref-ok,,canonical matches source route
paa/canalizador-mirandela-confianca.html,https://canalizador-norte-reparos.pt/paa/canalizador-mirandela-confianca,self-ref-ok,,canonical matches source route
paa/canalizador-mirandela-desentupimento.html,https://canalizador-norte-reparos.pt/paa/canalizador-mirandela-desentupimento,self-ref-ok,,canonical matches source route
paa/canalizador-mirandela-domingo.html,https://canalizador-norte-reparos.pt/paa/canalizador-mirandela-domingo,self-ref-ok,,canonical matches source route
paa/canalizador-mirandela-emergencia-domingo.html,https://canalizador-norte-reparos.pt/paa/canalizador-mirandela-emergencia-domingo,self-ref-ok,,canonical matches source route
paa/canalizador-mirandela-fossa-septica.html,https://canalizador-norte-reparos.pt/paa/canalizador-mirandela-fossa-septica,self-ref-ok,,canonical matches source route
paa/canalizador-mirandela-fuga-agua.html,https://canalizador-norte-reparos.pt/paa/canalizador-mirandela-fuga-agua,self-ref-ok,,canonical matches source route
paa/canalizador-mirandela-noite.html,https://canalizador-norte-reparos.pt/paa/canalizador-mirandela-noite,self-ref-ok,,canonical matches source route
paa/canalizador-mirandela-orcamento-gratis.html,https://canalizador-norte-reparos.pt/paa/canalizador-mirandela-orcamento-gratis,self-ref-ok,,canonical matches source route
paa/canalizador-mirandela-preco-justo.html,https://canalizador-norte-reparos.pt/paa/canalizador-mirandela-preco-justo,self-ref-ok,,canonical matches source route
paa/canalizador-mirandela-recomendado.html,https://canalizador-norte-reparos.pt/paa/canalizador-mirandela-recomendado,self-ref-ok,,canonical matches source route
paa/canalizador-mirandela-reparacao-esquentador.html,https://canalizador-norte-reparos.pt/paa/canalizador-mirandela-reparacao-esquentador,self-ref-ok,,canonical matches source route
paa/canalizador-mirandela-trabalha-feriado.html,https://canalizador-norte-reparos.pt/paa/canalizador-mirandela-trabalha-feriado,self-ref-ok,,canonical matches source route
paa/canalizador-mirandela-urgente.html,https://canalizador-norte-reparos.pt/paa/canalizador-mirandela-urgente,self-ref-ok,,canonical matches source route
paa/canalizador-mogadouro-24-horas.html,https://canalizador-norte-reparos.pt/paa/canalizador-mogadouro-24-horas,self-ref-ok,,canonical matches source route
paa/canalizador-mogadouro-aceita-cartao.html,https://canalizador-norte-reparos.pt/paa/canalizador-mogadouro-aceita-cartao,self-ref-ok,,canonical matches source route
paa/canalizador-mogadouro-avaliar-online.html,https://canalizador-norte-reparos.pt/paa/canalizador-mogadouro-avaliar-online,self-ref-ok,,canonical matches source route
paa/canalizador-mogadouro-barato.html,https://canalizador-norte-reparos.pt/paa/canalizador-mogadouro-barato,self-ref-ok,,canonical matches source route
paa/canalizador-mogadouro-confianca.html,https://canalizador-norte-reparos.pt/paa/canalizador-mogadouro-confianca,self-ref-ok,,canonical matches source route
paa/canalizador-mogadouro-desentupimento.html,https://canalizador-norte-reparos.pt/paa/canalizador-mogadouro-desentupimento,self-ref-ok,,canonical matches source route
paa/canalizador-mogadouro-domingo.html,https://canalizador-norte-reparos.pt/paa/canalizador-mogadouro-domingo,self-ref-ok,,canonical matches source route
paa/canalizador-mogadouro-emergencia-domingo.html,https://canalizador-norte-reparos.pt/paa/canalizador-mogadouro-emergencia-domingo,self-ref-ok,,canonical matches source route
paa/canalizador-mogadouro-fossa-septica.html,https://canalizador-norte-reparos.pt/paa/canalizador-mogadouro-fossa-septica,self-ref-ok,,canonical matches source route
paa/canalizador-mogadouro-fuga-agua.html,https://canalizador-norte-reparos.pt/paa/canalizador-mogadouro-fuga-agua,self-ref-ok,,canonical matches source route
paa/canalizador-mogadouro-noite.html,https://canalizador-norte-reparos.pt/paa/canalizador-mogadouro-noite,self-ref-ok,,canonical matches source route
paa/canalizador-mogadouro-orcamento-gratis.html,https://canalizador-norte-reparos.pt/paa/canalizador-mogadouro-orcamento-gratis,self-ref-ok,,canonical matches source route
paa/canalizador-mogadouro-preco-justo.html,https://canalizador-norte-reparos.pt/paa/canalizador-mogadouro-preco-justo,self-ref-ok,,canonical matches source route
paa/canalizador-mogadouro-recomendado.html,https://canalizador-norte-reparos.pt/paa/canalizador-mogadouro-recomendado,self-ref-ok,,canonical matches source route
paa/canalizador-mogadouro-reparacao-esquentador.html,https://canalizador-norte-reparos.pt/paa/canalizador-mogadouro-reparacao-esquentador,self-ref-ok,,canonical matches source route
paa/canalizador-mogadouro-trabalha-feriado.html,https://canalizador-norte-reparos.pt/paa/canalizador-mogadouro-trabalha-feriado,self-ref-ok,,canonical matches source route
paa/canalizador-mogadouro-urgente.html,https://canalizador-norte-reparos.pt/paa/canalizador-mogadouro-urgente,self-ref-ok,,canonical matches source route
paa/canalizador-moimenta-da-beira-24-horas.html,https://canalizador-norte-reparos.pt/paa/canalizador-moimenta-da-beira-24-horas,self-ref-ok,,canonical matches source route
paa/canalizador-moimenta-da-beira-aceita-cartao.html,https://canalizador-norte-reparos.pt/paa/canalizador-moimenta-da-beira-aceita-cartao,self-ref-ok,,canonical matches source route
paa/canalizador-moimenta-da-beira-avaliar-online.html,https://canalizador-norte-reparos.pt/paa/canalizador-moimenta-da-beira-avaliar-online,self-ref-ok,,canonical matches source route
paa/canalizador-moimenta-da-beira-barato.html,https://canalizador-norte-reparos.pt/paa/canalizador-moimenta-da-beira-barato,self-ref-ok,,canonical matches source route
paa/canalizador-moimenta-da-beira-confianca.html,https://canalizador-norte-reparos.pt/paa/canalizador-moimenta-da-beira-confianca,self-ref-ok,,canonical matches source route
paa/canalizador-moimenta-da-beira-desentupimento.html,https://canalizador-norte-reparos.pt/paa/canalizador-moimenta-da-beira-desentupimento,self-ref-ok,,canonical matches source route
paa/canalizador-moimenta-da-beira-domingo.html,https://canalizador-norte-reparos.pt/paa/canalizador-moimenta-da-beira-domingo,self-ref-ok,,canonical matches source route
paa/canalizador-moimenta-da-beira-emergencia-domingo.html,https://canalizador-norte-reparos.pt/paa/canalizador-moimenta-da-beira-emergencia-domingo,self-ref-ok,,canonical matches source route
paa/canalizador-moimenta-da-beira-fossa-septica.html,https://canalizador-norte-reparos.pt/paa/canalizador-moimenta-da-beira-fossa-septica,self-ref-ok,,canonical matches source route
paa/canalizador-moimenta-da-beira-fuga-agua.html,https://canalizador-norte-reparos.pt/paa/canalizador-moimenta-da-beira-fuga-agua,self-ref-ok,,canonical matches source route
paa/canalizador-moimenta-da-beira-noite.html,https://canalizador-norte-reparos.pt/paa/canalizador-moimenta-da-beira-noite,self-ref-ok,,canonical matches source route
paa/canalizador-moimenta-da-beira-orcamento-gratis.html,https://canalizador-norte-reparos.pt/paa/canalizador-moimenta-da-beira-orcamento-gratis,self-ref-ok,,canonical matches source route
paa/canalizador-moimenta-da-beira-preco-justo.html,https://canalizador-norte-reparos.pt/paa/canalizador-moimenta-da-beira-preco-justo,self-ref-ok,,canonical matches source route
paa/canalizador-moimenta-da-beira-recomendado.html,https://canalizador-norte-reparos.pt/paa/canalizador-moimenta-da-beira-recomendado,self-ref-ok,,canonical matches source route
paa/canalizador-moimenta-da-beira-reparacao-esquentador.html,https://canalizador-norte-reparos.pt/paa/canalizador-moimenta-da-beira-reparacao-esquentador,self-ref-ok,,canonical matches source route
paa/canalizador-moimenta-da-beira-trabalha-feriado.html,https://canalizador-norte-reparos.pt/paa/canalizador-moimenta-da-beira-trabalha-feriado,self-ref-ok,,canonical matches source route
paa/canalizador-moimenta-da-beira-urgente.html,https://canalizador-norte-reparos.pt/paa/canalizador-moimenta-da-beira-urgente,self-ref-ok,,canonical matches source route
paa/canalizador-mêda-24-horas.html,https://canalizador-norte-reparos.pt/paa/canalizador-mêda-24-horas,self-ref-ok,,canonical matches source route
paa/canalizador-mêda-aceita-cartao.html,https://canalizador-norte-reparos.pt/paa/canalizador-mêda-aceita-cartao,self-ref-ok,,canonical matches source route
paa/canalizador-mêda-avaliar-online.html,https://canalizador-norte-reparos.pt/paa/canalizador-mêda-avaliar-online,self-ref-ok,,canonical matches source route
paa/canalizador-mêda-barato.html,https://canalizador-norte-reparos.pt/paa/canalizador-mêda-barato,self-ref-ok,,canonical matches source route
paa/canalizador-mêda-confianca.html,https://canalizador-norte-reparos.pt/paa/canalizador-mêda-confianca,self-ref-ok,,canonical matches source route
paa/canalizador-mêda-desentupimento.html,https://canalizador-norte-reparos.pt/paa/canalizador-mêda-desentupimento,self-ref-ok,,canonical matches source route
paa/canalizador-mêda-domingo.html,https://canalizador-norte-reparos.pt/paa/canalizador-mêda-domingo,self-ref-ok,,canonical matches source route
paa/canalizador-mêda-emergencia-domingo.html,https://canalizador-norte-reparos.pt/paa/canalizador-mêda-emergencia-domingo,self-ref-ok,,canonical matches source route
paa/canalizador-mêda-fossa-septica.html,https://canalizador-norte-reparos.pt/paa/canalizador-mêda-fossa-septica,self-ref-ok,,canonical matches source route
paa/canalizador-mêda-fuga-agua.html,https://canalizador-norte-reparos.pt/paa/canalizador-mêda-fuga-agua,self-ref-ok,,canonical matches source route
paa/canalizador-mêda-noite.html,https://canalizador-norte-reparos.pt/paa/canalizador-mêda-noite,self-ref-ok,,canonical matches source route
paa/canalizador-mêda-orcamento-gratis.html,https://canalizador-norte-reparos.pt/paa/canalizador-mêda-orcamento-gratis,self-ref-ok,,canonical matches source route
paa/canalizador-mêda-preco-justo.html,https://canalizador-norte-reparos.pt/paa/canalizador-mêda-preco-justo,self-ref-ok,,canonical matches source route
paa/canalizador-mêda-recomendado.html,https://canalizador-norte-reparos.pt/paa/canalizador-mêda-recomendado,self-ref-ok,,canonical matches source route
paa/canalizador-mêda-reparacao-esquentador.html,https://canalizador-norte-reparos.pt/paa/canalizador-mêda-reparacao-esquentador,self-ref-ok,,canonical matches source route
paa/canalizador-mêda-trabalha-feriado.html,https://canalizador-norte-reparos.pt/paa/canalizador-mêda-trabalha-feriado,self-ref-ok,,canonical matches source route
paa/canalizador-mêda-urgente.html,https://canalizador-norte-reparos.pt/paa/canalizador-mêda-urgente,self-ref-ok,,canonical matches source route
paa/canalizador-perto-de-mim-alijo.html,https://canalizador-norte-reparos.pt/paa/canalizador-perto-de-mim-alijo,self-ref-ok,,canonical matches source route
paa/canalizador-perto-de-mim-alijó.html,https://canalizador-norte-reparos.pt/paa/canalizador-perto-de-mim-alijó,self-ref-ok,,canonical matches source route
paa/canalizador-perto-de-mim-braganca.html,https://canalizador-norte-reparos.pt/paa/canalizador-perto-de-mim-braganca,self-ref-ok,,canonical matches source route
paa/canalizador-perto-de-mim-chaves.html,https://canalizador-norte-reparos.pt/paa/canalizador-perto-de-mim-chaves,self-ref-ok,,canonical matches source route
paa/canalizador-perto-de-mim-lamego.html,https://canalizador-norte-reparos.pt/paa/canalizador-perto-de-mim-lamego,self-ref-ok,,canonical matches source route
paa/canalizador-perto-de-mim-macedo-de-cavaleiros.html,https://canalizador-norte-reparos.pt/paa/canalizador-perto-de-mim-macedo-de-cavaleiros,self-ref-ok,,canonical matches source route
paa/canalizador-perto-de-mim-meda.html,https://canalizador-norte-reparos.pt/paa/canalizador-perto-de-mim-meda,self-ref-ok,,canonical matches source route
paa/canalizador-perto-de-mim-miranda-do-douro.html,https://canalizador-norte-reparos.pt/paa/canalizador-perto-de-mim-miranda-do-douro,self-ref-ok,,canonical matches source route
paa/canalizador-perto-de-mim-mirandela.html,https://canalizador-norte-reparos.pt/paa/canalizador-perto-de-mim-mirandela,self-ref-ok,,canonical matches source route
paa/canalizador-perto-de-mim-mogadouro.html,https://canalizador-norte-reparos.pt/paa/canalizador-perto-de-mim-mogadouro,self-ref-ok,,canonical matches source route
paa/canalizador-perto-de-mim-moimenta-da-beira.html,https://canalizador-norte-reparos.pt/paa/canalizador-perto-de-mim-moimenta-da-beira,self-ref-ok,,canonical matches source route
paa/canalizador-perto-de-mim-mêda.html,https://canalizador-norte-reparos.pt/paa/canalizador-perto-de-mim-mêda,self-ref-ok,,canonical matches source route
paa/canalizador-perto-de-mim-peso-da-regua.html,https://canalizador-norte-reparos.pt/paa/canalizador-perto-de-mim-peso-da-regua,self-ref-ok,,canonical matches source route
paa/canalizador-perto-de-mim-pinhel.html,https://canalizador-norte-reparos.pt/paa/canalizador-perto-de-mim-pinhel,self-ref-ok,,canonical matches source route
paa/canalizador-perto-de-mim-tavira.html,https://canalizador-norte-reparos.pt/paa/canalizador-perto-de-mim-tavira,self-ref-ok,,canonical matches source route
paa/canalizador-perto-de-mim-valpacos.html,https://canalizador-norte-reparos.pt/paa/canalizador-perto-de-mim-valpacos,self-ref-ok,,canonical matches source route
paa/canalizador-perto-de-mim-vila-real.html,https://canalizador-norte-reparos.pt/paa/canalizador-perto-de-mim-vila-real,self-ref-ok,,canonical matches source route
paa/canalizador-perto-de-mim-vinhais.html,https://canalizador-norte-reparos.pt/paa/canalizador-perto-de-mim-vinhais,self-ref-ok,,canonical matches source route
paa/canalizador-perto-de-mim-viseu.html,https://canalizador-norte-reparos.pt/paa/canalizador-perto-de-mim-viseu,self-ref-ok,,canonical matches source route
paa/canalizador-peso-da-regua-24-horas.html,https://canalizador-norte-reparos.pt/paa/canalizador-peso-da-regua-24-horas,self-ref-ok,,canonical matches source route
paa/canalizador-peso-da-regua-aceita-cartao.html,https://canalizador-norte-reparos.pt/paa/canalizador-peso-da-regua-aceita-cartao,self-ref-ok,,canonical matches source route
paa/canalizador-peso-da-regua-avaliar-online.html,https://canalizador-norte-reparos.pt/paa/canalizador-peso-da-regua-avaliar-online,self-ref-ok,,canonical matches source route
paa/canalizador-peso-da-regua-barato.html,https://canalizador-norte-reparos.pt/paa/canalizador-peso-da-regua-barato,self-ref-ok,,canonical matches source route
paa/canalizador-peso-da-regua-confianca.html,https://canalizador-norte-reparos.pt/paa/canalizador-peso-da-regua-confianca,self-ref-ok,,canonical matches source route
paa/canalizador-peso-da-regua-desentupimento.html,https://canalizador-norte-reparos.pt/paa/canalizador-peso-da-regua-desentupimento,self-ref-ok,,canonical matches source route
paa/canalizador-peso-da-regua-domingo.html,https://canalizador-norte-reparos.pt/paa/canalizador-peso-da-regua-domingo,self-ref-ok,,canonical matches source route
paa/canalizador-peso-da-regua-emergencia-domingo.html,https://canalizador-norte-reparos.pt/paa/canalizador-peso-da-regua-emergencia-domingo,self-ref-ok,,canonical matches source route
paa/canalizador-peso-da-regua-fossa-septica.html,https://canalizador-norte-reparos.pt/paa/canalizador-peso-da-regua-fossa-septica,self-ref-ok,,canonical matches source route
paa/canalizador-peso-da-regua-fuga-agua.html,https://canalizador-norte-reparos.pt/paa/canalizador-peso-da-regua-fuga-agua,self-ref-ok,,canonical matches source route
paa/canalizador-peso-da-regua-noite.html,https://canalizador-norte-reparos.pt/paa/canalizador-peso-da-regua-noite,self-ref-ok,,canonical matches source route
paa/canalizador-peso-da-regua-orcamento-gratis.html,https://canalizador-norte-reparos.pt/paa/canalizador-peso-da-regua-orcamento-gratis,self-ref-ok,,canonical matches source route
paa/canalizador-peso-da-regua-preco-justo.html,https://canalizador-norte-reparos.pt/paa/canalizador-peso-da-regua-preco-justo,self-ref-ok,,canonical matches source route
paa/canalizador-peso-da-regua-recomendado.html,https://canalizador-norte-reparos.pt/paa/canalizador-peso-da-regua-recomendado,self-ref-ok,,canonical matches source route
paa/canalizador-peso-da-regua-reparacao-esquentador.html,https://canalizador-norte-reparos.pt/paa/canalizador-peso-da-regua-reparacao-esquentador,self-ref-ok,,canonical matches source route
paa/canalizador-peso-da-regua-trabalha-feriado.html,https://canalizador-norte-reparos.pt/paa/canalizador-peso-da-regua-trabalha-feriado,self-ref-ok,,canonical matches source route
paa/canalizador-peso-da-regua-urgente.html,https://canalizador-norte-reparos.pt/paa/canalizador-peso-da-regua-urgente,self-ref-ok,,canonical matches source route
paa/canalizador-pinhel-24-horas.html,https://canalizador-norte-reparos.pt/paa/canalizador-pinhel-24-horas,self-ref-ok,,canonical matches source route
paa/canalizador-pinhel-aceita-cartao.html,https://canalizador-norte-reparos.pt/paa/canalizador-pinhel-aceita-cartao,self-ref-ok,,canonical matches source route
paa/canalizador-pinhel-avaliar-online.html,https://canalizador-norte-reparos.pt/paa/canalizador-pinhel-avaliar-online,self-ref-ok,,canonical matches source route
paa/canalizador-pinhel-barato.html,https://canalizador-norte-reparos.pt/paa/canalizador-pinhel-barato,self-ref-ok,,canonical matches source route
paa/canalizador-pinhel-confianca.html,https://canalizador-norte-reparos.pt/paa/canalizador-pinhel-confianca,self-ref-ok,,canonical matches source route
paa/canalizador-pinhel-desentupimento.html,https://canalizador-norte-reparos.pt/paa/canalizador-pinhel-desentupimento,self-ref-ok,,canonical matches source route
paa/canalizador-pinhel-domingo.html,https://canalizador-norte-reparos.pt/paa/canalizador-pinhel-domingo,self-ref-ok,,canonical matches source route
paa/canalizador-pinhel-emergencia-domingo.html,https://canalizador-norte-reparos.pt/paa/canalizador-pinhel-emergencia-domingo,self-ref-ok,,canonical matches source route
paa/canalizador-pinhel-fossa-septica.html,https://canalizador-norte-reparos.pt/paa/canalizador-pinhel-fossa-septica,self-ref-ok,,canonical matches source route
paa/canalizador-pinhel-fuga-agua.html,https://canalizador-norte-reparos.pt/paa/canalizador-pinhel-fuga-agua,self-ref-ok,,canonical matches source route
paa/canalizador-pinhel-noite.html,https://canalizador-norte-reparos.pt/paa/canalizador-pinhel-noite,self-ref-ok,,canonical matches source route
paa/canalizador-pinhel-orcamento-gratis.html,https://canalizador-norte-reparos.pt/paa/canalizador-pinhel-orcamento-gratis,self-ref-ok,,canonical matches source route
paa/canalizador-pinhel-preco-justo.html,https://canalizador-norte-reparos.pt/paa/canalizador-pinhel-preco-justo,self-ref-ok,,canonical matches source route
paa/canalizador-pinhel-recomendado.html,https://canalizador-norte-reparos.pt/paa/canalizador-pinhel-recomendado,self-ref-ok,,canonical matches source route
paa/canalizador-pinhel-reparacao-esquentador.html,https://canalizador-norte-reparos.pt/paa/canalizador-pinhel-reparacao-esquentador,self-ref-ok,,canonical matches source route
paa/canalizador-pinhel-trabalha-feriado.html,https://canalizador-norte-reparos.pt/paa/canalizador-pinhel-trabalha-feriado,self-ref-ok,,canonical matches source route
paa/canalizador-pinhel-urgente.html,https://canalizador-norte-reparos.pt/paa/canalizador-pinhel-urgente,self-ref-ok,,canonical matches source route
paa/canalizador-tavira-24-horas.html,https://canalizador-norte-reparos.pt/paa/canalizador-tavira-24-horas,self-ref-ok,,canonical matches source route
paa/canalizador-tavira-aceita-cartao.html,https://canalizador-norte-reparos.pt/paa/canalizador-tavira-aceita-cartao,self-ref-ok,,canonical matches source route
paa/canalizador-tavira-avaliar-online.html,https://canalizador-norte-reparos.pt/paa/canalizador-tavira-avaliar-online,self-ref-ok,,canonical matches source route
paa/canalizador-tavira-barato.html,https://canalizador-norte-reparos.pt/paa/canalizador-tavira-barato,self-ref-ok,,canonical matches source route
paa/canalizador-tavira-confianca.html,https://canalizador-norte-reparos.pt/paa/canalizador-tavira-confianca,self-ref-ok,,canonical matches source route
paa/canalizador-tavira-desentupimento.html,https://canalizador-norte-reparos.pt/paa/canalizador-tavira-desentupimento,self-ref-ok,,canonical matches source route
paa/canalizador-tavira-domingo.html,https://canalizador-norte-reparos.pt/paa/canalizador-tavira-domingo,self-ref-ok,,canonical matches source route
paa/canalizador-tavira-emergencia-domingo.html,https://canalizador-norte-reparos.pt/paa/canalizador-tavira-emergencia-domingo,self-ref-ok,,canonical matches source route
paa/canalizador-tavira-fossa-septica.html,https://canalizador-norte-reparos.pt/paa/canalizador-tavira-fossa-septica,self-ref-ok,,canonical matches source route
paa/canalizador-tavira-fuga-agua.html,https://canalizador-norte-reparos.pt/paa/canalizador-tavira-fuga-agua,self-ref-ok,,canonical matches source route
paa/canalizador-tavira-noite.html,https://canalizador-norte-reparos.pt/paa/canalizador-tavira-noite,self-ref-ok,,canonical matches source route
paa/canalizador-tavira-orcamento-gratis.html,https://canalizador-norte-reparos.pt/paa/canalizador-tavira-orcamento-gratis,self-ref-ok,,canonical matches source route
paa/canalizador-tavira-preco-justo.html,https://canalizador-norte-reparos.pt/paa/canalizador-tavira-preco-justo,self-ref-ok,,canonical matches source route
paa/canalizador-tavira-recomendado.html,https://canalizador-norte-reparos.pt/paa/canalizador-tavira-recomendado,self-ref-ok,,canonical matches source route
paa/canalizador-tavira-reparacao-esquentador.html,https://canalizador-norte-reparos.pt/paa/canalizador-tavira-reparacao-esquentador,self-ref-ok,,canonical matches source route
paa/canalizador-tavira-trabalha-feriado.html,https://canalizador-norte-reparos.pt/paa/canalizador-tavira-trabalha-feriado,self-ref-ok,,canonical matches source route
paa/canalizador-tavira-urgente.html,https://canalizador-norte-reparos.pt/paa/canalizador-tavira-urgente,self-ref-ok,,canonical matches source route
paa/canalizador-valpacos-24-horas.html,https://canalizador-norte-reparos.pt/paa/canalizador-valpacos-24-horas,self-ref-ok,,canonical matches source route
paa/canalizador-valpacos-aceita-cartao.html,https://canalizador-norte-reparos.pt/paa/canalizador-valpacos-aceita-cartao,self-ref-ok,,canonical matches source route
paa/canalizador-valpacos-avaliar-online.html,https://canalizador-norte-reparos.pt/paa/canalizador-valpacos-avaliar-online,self-ref-ok,,canonical matches source route
paa/canalizador-valpacos-barato.html,https://canalizador-norte-reparos.pt/paa/canalizador-valpacos-barato,self-ref-ok,,canonical matches source route
paa/canalizador-valpacos-confianca.html,https://canalizador-norte-reparos.pt/paa/canalizador-valpacos-confianca,self-ref-ok,,canonical matches source route
paa/canalizador-valpacos-desentupimento.html,https://canalizador-norte-reparos.pt/paa/canalizador-valpacos-desentupimento,self-ref-ok,,canonical matches source route
paa/canalizador-valpacos-domingo.html,https://canalizador-norte-reparos.pt/paa/canalizador-valpacos-domingo,self-ref-ok,,canonical matches source route
paa/canalizador-valpacos-emergencia-domingo.html,https://canalizador-norte-reparos.pt/paa/canalizador-valpacos-emergencia-domingo,self-ref-ok,,canonical matches source route
paa/canalizador-valpacos-fossa-septica.html,https://canalizador-norte-reparos.pt/paa/canalizador-valpacos-fossa-septica,self-ref-ok,,canonical matches source route
paa/canalizador-valpacos-fuga-agua.html,https://canalizador-norte-reparos.pt/paa/canalizador-valpacos-fuga-agua,self-ref-ok,,canonical matches source route
paa/canalizador-valpacos-noite.html,https://canalizador-norte-reparos.pt/paa/canalizador-valpacos-noite,self-ref-ok,,canonical matches source route
paa/canalizador-valpacos-orcamento-gratis.html,https://canalizador-norte-reparos.pt/paa/canalizador-valpacos-orcamento-gratis,self-ref-ok,,canonical matches source route
paa/canalizador-valpacos-preco-justo.html,https://canalizador-norte-reparos.pt/paa/canalizador-valpacos-preco-justo,self-ref-ok,,canonical matches source route
paa/canalizador-valpacos-recomendado.html,https://canalizador-norte-reparos.pt/paa/canalizador-valpacos-recomendado,self-ref-ok,,canonical matches source route
paa/canalizador-valpacos-reparacao-esquentador.html,https://canalizador-norte-reparos.pt/paa/canalizador-valpacos-reparacao-esquentador,self-ref-ok,,canonical matches source route
paa/canalizador-valpacos-trabalha-feriado.html,https://canalizador-norte-reparos.pt/paa/canalizador-valpacos-trabalha-feriado,self-ref-ok,,canonical matches source route
paa/canalizador-valpacos-urgente.html,https://canalizador-norte-reparos.pt/paa/canalizador-valpacos-urgente,self-ref-ok,,canonical matches source route
paa/canalizador-vila-real-24-horas.html,https://canalizador-norte-reparos.pt/paa/canalizador-vila-real-24-horas,self-ref-ok,,canonical matches source route
paa/canalizador-vila-real-aceita-cartao.html,https://canalizador-norte-reparos.pt/paa/canalizador-vila-real-aceita-cartao,self-ref-ok,,canonical matches source route
paa/canalizador-vila-real-avaliar-online.html,https://canalizador-norte-reparos.pt/paa/canalizador-vila-real-avaliar-online,self-ref-ok,,canonical matches source route
paa/canalizador-vila-real-barato.html,https://canalizador-norte-reparos.pt/paa/canalizador-vila-real-barato,self-ref-ok,,canonical matches source route
paa/canalizador-vila-real-confianca.html,https://canalizador-norte-reparos.pt/paa/canalizador-vila-real-confianca,self-ref-ok,,canonical matches source route
paa/canalizador-vila-real-desentupimento.html,https://canalizador-norte-reparos.pt/paa/canalizador-vila-real-desentupimento,self-ref-ok,,canonical matches source route
paa/canalizador-vila-real-domingo.html,https://canalizador-norte-reparos.pt/paa/canalizador-vila-real-domingo,self-ref-ok,,canonical matches source route
paa/canalizador-vila-real-emergencia-domingo.html,https://canalizador-norte-reparos.pt/paa/canalizador-vila-real-emergencia-domingo,self-ref-ok,,canonical matches source route
paa/canalizador-vila-real-fossa-septica.html,https://canalizador-norte-reparos.pt/paa/canalizador-vila-real-fossa-septica,self-ref-ok,,canonical matches source route
paa/canalizador-vila-real-fuga-agua.html,https://canalizador-norte-reparos.pt/paa/canalizador-vila-real-fuga-agua,self-ref-ok,,canonical matches source route
paa/canalizador-vila-real-noite.html,https://canalizador-norte-reparos.pt/paa/canalizador-vila-real-noite,self-ref-ok,,canonical matches source route
paa/canalizador-vila-real-orcamento-gratis.html,https://canalizador-norte-reparos.pt/paa/canalizador-vila-real-orcamento-gratis,self-ref-ok,,canonical matches source route
paa/canalizador-vila-real-preco-justo.html,https://canalizador-norte-reparos.pt/paa/canalizador-vila-real-preco-justo,self-ref-ok,,canonical matches source route
paa/canalizador-vila-real-recomendado.html,https://canalizador-norte-reparos.pt/paa/canalizador-vila-real-recomendado,self-ref-ok,,canonical matches source route
paa/canalizador-vila-real-reparacao-esquentador.html,https://canalizador-norte-reparos.pt/paa/canalizador-vila-real-reparacao-esquentador,self-ref-ok,,canonical matches source route
paa/canalizador-vila-real-trabalha-feriado.html,https://canalizador-norte-reparos.pt/paa/canalizador-vila-real-trabalha-feriado,self-ref-ok,,canonical matches source route
paa/canalizador-vila-real-urgente.html,https://canalizador-norte-reparos.pt/paa/canalizador-vila-real-urgente,self-ref-ok,,canonical matches source route
paa/canalizador-vinhais-24-horas.html,https://canalizador-norte-reparos.pt/paa/canalizador-vinhais-24-horas,self-ref-ok,,canonical matches source route
paa/canalizador-vinhais-aceita-cartao.html,https://canalizador-norte-reparos.pt/paa/canalizador-vinhais-aceita-cartao,self-ref-ok,,canonical matches source route
paa/canalizador-vinhais-avaliar-online.html,https://canalizador-norte-reparos.pt/paa/canalizador-vinhais-avaliar-online,self-ref-ok,,canonical matches source route
paa/canalizador-vinhais-barato.html,https://canalizador-norte-reparos.pt/paa/canalizador-vinhais-barato,self-ref-ok,,canonical matches source route
paa/canalizador-vinhais-confianca.html,https://canalizador-norte-reparos.pt/paa/canalizador-vinhais-confianca,self-ref-ok,,canonical matches source route
paa/canalizador-vinhais-desentupimento.html,https://canalizador-norte-reparos.pt/paa/canalizador-vinhais-desentupimento,self-ref-ok,,canonical matches source route
paa/canalizador-vinhais-domingo.html,https://canalizador-norte-reparos.pt/paa/canalizador-vinhais-domingo,self-ref-ok,,canonical matches source route
paa/canalizador-vinhais-emergencia-domingo.html,https://canalizador-norte-reparos.pt/paa/canalizador-vinhais-emergencia-domingo,self-ref-ok,,canonical matches source route
paa/canalizador-vinhais-fossa-septica.html,https://canalizador-norte-reparos.pt/paa/canalizador-vinhais-fossa-septica,self-ref-ok,,canonical matches source route
paa/canalizador-vinhais-fuga-agua.html,https://canalizador-norte-reparos.pt/paa/canalizador-vinhais-fuga-agua,self-ref-ok,,canonical matches source route
paa/canalizador-vinhais-noite.html,https://canalizador-norte-reparos.pt/paa/canalizador-vinhais-noite,self-ref-ok,,canonical matches source route
paa/canalizador-vinhais-orcamento-gratis.html,https://canalizador-norte-reparos.pt/paa/canalizador-vinhais-orcamento-gratis,self-ref-ok,,canonical matches source route
paa/canalizador-vinhais-preco-justo.html,https://canalizador-norte-reparos.pt/paa/canalizador-vinhais-preco-justo,self-ref-ok,,canonical matches source route
paa/canalizador-vinhais-recomendado.html,https://canalizador-norte-reparos.pt/paa/canalizador-vinhais-recomendado,self-ref-ok,,canonical matches source route
paa/canalizador-vinhais-reparacao-esquentador.html,https://canalizador-norte-reparos.pt/paa/canalizador-vinhais-reparacao-esquentador,self-ref-ok,,canonical matches source route
paa/canalizador-vinhais-trabalha-feriado.html,https://canalizador-norte-reparos.pt/paa/canalizador-vinhais-trabalha-feriado,self-ref-ok,,canonical matches source route
paa/canalizador-vinhais-urgente.html,https://canalizador-norte-reparos.pt/paa/canalizador-vinhais-urgente,self-ref-ok,,canonical matches source route
paa/canalizador-viseu-24-horas.html,https://canalizador-norte-reparos.pt/paa/canalizador-viseu-24-horas,self-ref-ok,,canonical matches source route
paa/canalizador-viseu-aceita-cartao.html,https://canalizador-norte-reparos.pt/paa/canalizador-viseu-aceita-cartao,self-ref-ok,,canonical matches source route
paa/canalizador-viseu-avaliar-online.html,https://canalizador-norte-reparos.pt/paa/canalizador-viseu-avaliar-online,self-ref-ok,,canonical matches source route
paa/canalizador-viseu-barato.html,https://canalizador-norte-reparos.pt/paa/canalizador-viseu-barato,self-ref-ok,,canonical matches source route
paa/canalizador-viseu-confianca.html,https://canalizador-norte-reparos.pt/paa/canalizador-viseu-confianca,self-ref-ok,,canonical matches source route
paa/canalizador-viseu-desentupimento.html,https://canalizador-norte-reparos.pt/paa/canalizador-viseu-desentupimento,self-ref-ok,,canonical matches source route
paa/canalizador-viseu-domingo.html,https://canalizador-norte-reparos.pt/paa/canalizador-viseu-domingo,self-ref-ok,,canonical matches source route
paa/canalizador-viseu-emergencia-domingo.html,https://canalizador-norte-reparos.pt/paa/canalizador-viseu-emergencia-domingo,self-ref-ok,,canonical matches source route
paa/canalizador-viseu-fossa-septica.html,https://canalizador-norte-reparos.pt/paa/canalizador-viseu-fossa-septica,self-ref-ok,,canonical matches source route
paa/canalizador-viseu-fuga-agua.html,https://canalizador-norte-reparos.pt/paa/canalizador-viseu-fuga-agua,self-ref-ok,,canonical matches source route
paa/canalizador-viseu-noite.html,https://canalizador-norte-reparos.pt/paa/canalizador-viseu-noite,self-ref-ok,,canonical matches source route
paa/canalizador-viseu-orcamento-gratis.html,https://canalizador-norte-reparos.pt/paa/canalizador-viseu-orcamento-gratis,self-ref-ok,,canonical matches source route
paa/canalizador-viseu-preco-justo.html,https://canalizador-norte-reparos.pt/paa/canalizador-viseu-preco-justo,self-ref-ok,,canonical matches source route
paa/canalizador-viseu-recomendado.html,https://canalizador-norte-reparos.pt/paa/canalizador-viseu-recomendado,self-ref-ok,,canonical matches source route
paa/canalizador-viseu-reparacao-esquentador.html,https://canalizador-norte-reparos.pt/paa/canalizador-viseu-reparacao-esquentador,self-ref-ok,,canonical matches source route
paa/canalizador-viseu-trabalha-feriado.html,https://canalizador-norte-reparos.pt/paa/canalizador-viseu-trabalha-feriado,self-ref-ok,,canonical matches source route
paa/canalizador-viseu-urgente.html,https://canalizador-norte-reparos.pt/paa/canalizador-viseu-urgente,self-ref-ok,,canonical matches source route
paa/quanto-custa-canalizador-alijó.html,https://canalizador-norte-reparos.pt/paa/quanto-custa-canalizador-alijó,self-ref-ok,,canonical matches source route
paa/quanto-custa-canalizador-braganca.html,https://canalizador-norte-reparos.pt/paa/quanto-custa-canalizador-braganca,self-ref-ok,,canonical matches source route
paa/quanto-custa-canalizador-chaves.html,https://canalizador-norte-reparos.pt/paa/quanto-custa-canalizador-chaves,self-ref-ok,,canonical matches source route
paa/quanto-custa-canalizador-lamego.html,https://canalizador-norte-reparos.pt/paa/quanto-custa-canalizador-lamego,self-ref-ok,,canonical matches source route
paa/quanto-custa-canalizador-macedo-de-cavaleiros.html,https://canalizador-norte-reparos.pt/paa/quanto-custa-canalizador-macedo-de-cavaleiros,self-ref-ok,,canonical matches source route
paa/quanto-custa-canalizador-meda.html,https://canalizador-norte-reparos.pt/paa/quanto-custa-canalizador-meda,self-ref-ok,,canonical matches source route
paa/quanto-custa-canalizador-miranda-do-douro.html,https://canalizador-norte-reparos.pt/paa/quanto-custa-canalizador-miranda-do-douro,self-ref-ok,,canonical matches source route
paa/quanto-custa-canalizador-mirandela.html,https://canalizador-norte-reparos.pt/paa/quanto-custa-canalizador-mirandela,self-ref-ok,,canonical matches source route
paa/quanto-custa-canalizador-mogadouro.html,https://canalizador-norte-reparos.pt/paa/quanto-custa-canalizador-mogadouro,self-ref-ok,,canonical matches source route
paa/quanto-custa-canalizador-moimenta-da-beira.html,https://canalizador-norte-reparos.pt/paa/quanto-custa-canalizador-moimenta-da-beira,self-ref-ok,,canonical matches source route
paa/quanto-custa-canalizador-mêda.html,https://canalizador-norte-reparos.pt/paa/quanto-custa-canalizador-mêda,self-ref-ok,,canonical matches source route
paa/quanto-custa-canalizador-peso-da-regua.html,https://canalizador-norte-reparos.pt/paa/quanto-custa-canalizador-peso-da-regua,self-ref-ok,,canonical matches source route
paa/quanto-custa-canalizador-pinhel.html,https://canalizador-norte-reparos.pt/paa/quanto-custa-canalizador-pinhel,self-ref-ok,,canonical matches source route
paa/quanto-custa-canalizador-tavira.html,https://canalizador-norte-reparos.pt/paa/quanto-custa-canalizador-tavira,self-ref-ok,,canonical matches source route
paa/quanto-custa-canalizador-valpacos.html,https://canalizador-norte-reparos.pt/paa/quanto-custa-canalizador-valpacos,self-ref-ok,,canonical matches source route
paa/quanto-custa-canalizador-vila-real.html,https://canalizador-norte-reparos.pt/paa/quanto-custa-canalizador-vila-real,self-ref-ok,,canonical matches source route
paa/quanto-custa-canalizador-vinhais.html,https://canalizador-norte-reparos.pt/paa/quanto-custa-canalizador-vinhais,self-ref-ok,,canonical matches source route
paa/quanto-custa-canalizador-viseu.html,https://canalizador-norte-reparos.pt/paa/quanto-custa-canalizador-viseu,self-ref-ok,,canonical matches source route
parcerias.html,https://canalizador-norte-reparos.pt/parcerias,self-ref-ok,,canonical matches source route
perguntas-frequentes-canalizador-alfandega-da-fe.html,https://canalizador-norte-reparos.pt/perguntas-frequentes-canalizador-alfandega-da-fe,self-ref-ok,,canonical matches source route
perguntas-frequentes-canalizador-alfandega-fe.html,https://canalizador-norte-reparos.pt/perguntas-frequentes-canalizador-alfandega-fe,self-ref-ok,,canonical matches source route
perguntas-frequentes-canalizador-alijo.html,https://canalizador-norte-reparos.pt/perguntas-frequentes-canalizador-alijo,self-ref-ok,,canonical matches source route
perguntas-frequentes-canalizador-armamar.html,https://canalizador-norte-reparos.pt/perguntas-frequentes-canalizador-armamar,self-ref-ok,,canonical matches source route
perguntas-frequentes-canalizador-boticas.html,https://canalizador-norte-reparos.pt/perguntas-frequentes-canalizador-boticas,self-ref-ok,,canonical matches source route
perguntas-frequentes-canalizador-braganca.html,https://canalizador-norte-reparos.pt/perguntas-frequentes-canalizador-braganca,self-ref-ok,,canonical matches source route
perguntas-frequentes-canalizador-carrazeda-de-ansiaes.html,https://canalizador-norte-reparos.pt/perguntas-frequentes-canalizador-carrazeda-de-ansiaes,self-ref-ok,,canonical matches source route
perguntas-frequentes-canalizador-chaves.html,https://canalizador-norte-reparos.pt/perguntas-frequentes-canalizador-chaves,self-ref-ok,,canonical matches source route
perguntas-frequentes-canalizador-foz-coa.html,https://canalizador-norte-reparos.pt/perguntas-frequentes-canalizador-foz-coa,self-ref-ok,,canonical matches source route
perguntas-frequentes-canalizador-freixo-de-espada-a-cinta.html,https://canalizador-norte-reparos.pt/perguntas-frequentes-canalizador-freixo-de-espada-a-cinta,self-ref-ok,,canonical matches source route
perguntas-frequentes-canalizador-lamego.html,https://canalizador-norte-reparos.pt/perguntas-frequentes-canalizador-lamego,self-ref-ok,,canonical matches source route
perguntas-frequentes-canalizador-macedo-cavaleiros.html,https://canalizador-norte-reparos.pt/perguntas-frequentes-canalizador-macedo-cavaleiros,self-ref-ok,,canonical matches source route
perguntas-frequentes-canalizador-macedo-de-cavaleiros.html,https://canalizador-norte-reparos.pt/perguntas-frequentes-canalizador-macedo-de-cavaleiros,self-ref-ok,,canonical matches source route
perguntas-frequentes-canalizador-mesao-frio.html,https://canalizador-norte-reparos.pt/perguntas-frequentes-canalizador-mesao-frio,self-ref-ok,,canonical matches source route
perguntas-frequentes-canalizador-miranda-do-douro.html,https://canalizador-norte-reparos.pt/perguntas-frequentes-canalizador-miranda-do-douro,self-ref-ok,,canonical matches source route
perguntas-frequentes-canalizador-mirandela.html,https://canalizador-norte-reparos.pt/perguntas-frequentes-canalizador-mirandela,self-ref-ok,,canonical matches source route
perguntas-frequentes-canalizador-mogadouro.html,https://canalizador-norte-reparos.pt/perguntas-frequentes-canalizador-mogadouro,self-ref-ok,,canonical matches source route
perguntas-frequentes-canalizador-moimenta-da-beira.html,https://canalizador-norte-reparos.pt/perguntas-frequentes-canalizador-moimenta-da-beira,self-ref-ok,,canonical matches source route
perguntas-frequentes-canalizador-mondim-de-basto.html,https://canalizador-norte-reparos.pt/perguntas-frequentes-canalizador-mondim-de-basto,self-ref-ok,,canonical matches source route
perguntas-frequentes-canalizador-montalegre.html,https://canalizador-norte-reparos.pt/perguntas-frequentes-canalizador-montalegre,self-ref-ok,,canonical matches source route
perguntas-frequentes-canalizador-murca.html,https://canalizador-norte-reparos.pt/perguntas-frequentes-canalizador-murca,self-ref-ok,,canonical matches source route
perguntas-frequentes-canalizador-penedono.html,https://canalizador-norte-reparos.pt/perguntas-frequentes-canalizador-penedono,self-ref-ok,,canonical matches source route
perguntas-frequentes-canalizador-peso-da-regua.html,https://canalizador-norte-reparos.pt/perguntas-frequentes-canalizador-peso-da-regua,self-ref-ok,,canonical matches source route
perguntas-frequentes-canalizador-pesqueira.html,https://canalizador-norte-reparos.pt/perguntas-frequentes-canalizador-pesqueira,self-ref-ok,,canonical matches source route
perguntas-frequentes-canalizador-ribeira-de-pena.html,https://canalizador-norte-reparos.pt/perguntas-frequentes-canalizador-ribeira-de-pena,self-ref-ok,,canonical matches source route
perguntas-frequentes-canalizador-sabrosa.html,https://canalizador-norte-reparos.pt/perguntas-frequentes-canalizador-sabrosa,self-ref-ok,,canonical matches source route
perguntas-frequentes-canalizador-santa-marta-de-penaguiao.html,https://canalizador-norte-reparos.pt/perguntas-frequentes-canalizador-santa-marta-de-penaguiao,self-ref-ok,,canonical matches source route
perguntas-frequentes-canalizador-sernancelhe.html,https://canalizador-norte-reparos.pt/perguntas-frequentes-canalizador-sernancelhe,self-ref-ok,,canonical matches source route
perguntas-frequentes-canalizador-tabuaco.html,https://canalizador-norte-reparos.pt/perguntas-frequentes-canalizador-tabuaco,self-ref-ok,,canonical matches source route
perguntas-frequentes-canalizador-torre-de-moncorvo.html,https://canalizador-norte-reparos.pt/perguntas-frequentes-canalizador-torre-de-moncorvo,self-ref-ok,,canonical matches source route
perguntas-frequentes-canalizador-torre-moncorvo.html,https://canalizador-norte-reparos.pt/perguntas-frequentes-canalizador-torre-moncorvo,self-ref-ok,,canonical matches source route
perguntas-frequentes-canalizador-valpacos.html,https://canalizador-norte-reparos.pt/perguntas-frequentes-canalizador-valpacos,self-ref-ok,,canonical matches source route
perguntas-frequentes-canalizador-vila-flor.html,https://canalizador-norte-reparos.pt/perguntas-frequentes-canalizador-vila-flor,self-ref-ok,,canonical matches source route
perguntas-frequentes-canalizador-vila-pouca-de-aguiar.html,https://canalizador-norte-reparos.pt/perguntas-frequentes-canalizador-vila-pouca-de-aguiar,self-ref-ok,,canonical matches source route
perguntas-frequentes-canalizador-vila-real.html,https://canalizador-norte-reparos.pt/perguntas-frequentes-canalizador-vila-real,self-ref-ok,,canonical matches source route
perguntas-frequentes-canalizador-vimioso.html,https://canalizador-norte-reparos.pt/perguntas-frequentes-canalizador-vimioso,self-ref-ok,,canonical matches source route
perguntas-frequentes-canalizador-vinhais.html,https://canalizador-norte-reparos.pt/perguntas-frequentes-canalizador-vinhais,self-ref-ok,,canonical matches source route
perguntas-frequentes.html,https://canalizador-norte-reparos.pt/perguntas-frequentes,self-ref-ok,,canonical matches source route
picheleiro-alfandega-fe.html,https://canalizador-norte-reparos.pt/picheleiro-alfandega-fe,self-ref-ok,,canonical matches source route
picheleiro-algoso.html,https://canalizador-norte-reparos.pt/picheleiro-algoso,self-ref-ok,,canonical matches source route
picheleiro-alijo.html,https://canalizador-norte-reparos.pt/reparacao-fugas-pressao-baixa-alijo,hub-money-same-concelho,,same official concelho=alijo; target retained
picheleiro-armamar.html,https://canalizador-norte-reparos.pt/picheleiro-armamar,self-ref-ok,,canonical matches source route
picheleiro-boticas.html,https://canalizador-norte-reparos.pt/picheleiro-boticas,self-ref-ok,,canonical matches source route
picheleiro-braganca.html,https://canalizador-norte-reparos.pt/urgencia-canalizador-braganca,hub-money-same-concelho,,same official concelho=braganca; target retained
picheleiro-carrazeda-ansiaes.html,https://canalizador-norte-reparos.pt/picheleiro-carrazeda-ansiaes,self-ref-ok,,canonical matches source route
picheleiro-chaves.html,https://canalizador-norte-reparos.pt/urgencia-canalizador-chaves,hub-money-same-concelho,,same official concelho=chaves; target retained
picheleiro-duas-igrejas.html,https://canalizador-norte-reparos.pt/picheleiro-duas-igrejas,self-ref-ok,,canonical matches source route
picheleiro-foz-coa.html,https://canalizador-norte-reparos.pt/picheleiro-foz-coa,self-ref-ok,,canonical matches source route
picheleiro-freixo-espada-cinta.html,https://canalizador-norte-reparos.pt/picheleiro-freixo-espada-cinta,self-ref-ok,,canonical matches source route
picheleiro-lagoaca.html,https://canalizador-norte-reparos.pt/picheleiro-lagoaca,self-ref-ok,,canonical matches source route
picheleiro-lamego.html,https://canalizador-norte-reparos.pt/sem-agua-quente-lamego,hub-money-same-concelho,,same official concelho=lamego; target retained
picheleiro-macedo-cavaleiros.html,https://canalizador-norte-reparos.pt/picheleiro-macedo-cavaleiros,self-ref-ok,,canonical matches source route
picheleiro-macedo-de-cavaleiros.html,https://canalizador-norte-reparos.pt/picheleiro-macedo-de-cavaleiros,self-ref-ok,,canonical matches source route
picheleiro-mesao-frio.html,https://canalizador-norte-reparos.pt/picheleiro-mesao-frio,self-ref-ok,,canonical matches source route
picheleiro-miranda-douro.html,https://canalizador-norte-reparos.pt/picheleiro-miranda-douro,self-ref-ok,,canonical matches source route
picheleiro-mirandela.html,https://canalizador-norte-reparos.pt/urgencia-canalizador-mirandela,hub-money-same-concelho,,same official concelho=mirandela; target retained
picheleiro-mogadouro.html,https://canalizador-norte-reparos.pt/urgencia-canalizador-mogadouro,hub-money-same-concelho,,same official concelho=mogadouro; target retained
picheleiro-moimenta-beira.html,https://canalizador-norte-reparos.pt/picheleiro-moimenta-beira,self-ref-ok,,canonical matches source route
picheleiro-moncorvo.html,https://canalizador-norte-reparos.pt/picheleiro-moncorvo,self-ref-ok,,canonical matches source route
picheleiro-mondim-basto.html,https://canalizador-norte-reparos.pt/picheleiro-mondim-basto,self-ref-ok,,canonical matches source route
picheleiro-monforte-rio-livre.html,https://canalizador-norte-reparos.pt/picheleiro-monforte-rio-livre,self-ref-ok,,canonical matches source route
picheleiro-montalegre.html,https://canalizador-norte-reparos.pt/picheleiro-montalegre,self-ref-ok,,canonical matches source route
picheleiro-murca.html,https://canalizador-norte-reparos.pt/picheleiro-murca,self-ref-ok,,canonical matches source route
picheleiro-penedono.html,https://canalizador-norte-reparos.pt/picheleiro-penedono,self-ref-ok,,canonical matches source route
picheleiro-rebordelo.html,https://canalizador-norte-reparos.pt/picheleiro-rebordelo,self-ref-ok,,canonical matches source route
picheleiro-regua.html,https://canalizador-norte-reparos.pt/picheleiro-regua,self-ref-ok,,canonical matches source route
picheleiro-ribeira-pena.html,https://canalizador-norte-reparos.pt/picheleiro-ribeira-pena,self-ref-ok,,canonical matches source route
picheleiro-sabrosa.html,https://canalizador-norte-reparos.pt/picheleiro-sabrosa,self-ref-ok,,canonical matches source route
picheleiro-santa-marta-penaguiao.html,https://canalizador-norte-reparos.pt/picheleiro-santa-marta-penaguiao,self-ref-ok,,canonical matches source route
picheleiro-sao-joao-pesqueira.html,https://canalizador-norte-reparos.pt/picheleiro-sao-joao-pesqueira,self-ref-ok,,canonical matches source route
picheleiro-sendim.html,https://canalizador-norte-reparos.pt/picheleiro-sendim,self-ref-ok,,canonical matches source route
picheleiro-sernancelhe.html,https://canalizador-norte-reparos.pt/picheleiro-sernancelhe,self-ref-ok,,canonical matches source route
picheleiro-tabuaco.html,https://canalizador-norte-reparos.pt/picheleiro-tabuaco,self-ref-ok,,canonical matches source route
picheleiro-torre-moncorvo.html,https://canalizador-norte-reparos.pt/picheleiro-torre-moncorvo,self-ref-ok,,canonical matches source route
picheleiro-tras-os-montes.html,https://canalizador-norte-reparos.pt/picheleiro-tras-os-montes,self-ref-ok,,canonical matches source route
picheleiro-valpacos.html,https://canalizador-norte-reparos.pt/urgencia-canalizador-valpacos,hub-money-same-concelho,,same official concelho=valpacos; target retained
picheleiro-vila-flor.html,https://canalizador-norte-reparos.pt/picheleiro-vila-flor,self-ref-ok,,canonical matches source route
picheleiro-vila-pouca-aguiar.html,https://canalizador-norte-reparos.pt/picheleiro-vila-pouca-aguiar,self-ref-ok,,canonical matches source route
picheleiro-vila-real.html,https://canalizador-norte-reparos.pt/urgencia-canalizador-vila-real,hub-money-same-concelho,,same official concelho=vila-real; target retained
picheleiro-vimioso.html,https://canalizador-norte-reparos.pt/picheleiro-vimioso,self-ref-ok,,canonical matches source route
picheleiro-vinhais.html,https://canalizador-norte-reparos.pt/urgencia-canalizador-vinhais,hub-money-same-concelho,,same official concelho=vinhais; target retained
politica-cookies.html,https://canalizador-norte-reparos.pt/politica-cookies,self-ref-ok,,canonical matches source route
politica-privacidade.html,https://canalizador-norte-reparos.pt/politica-privacidade,self-ref-ok,,canonical matches source route
porque-escolher-nos.html,https://canalizador-norte-reparos.pt/porque-escolher-nos,self-ref-ok,,canonical matches source route
precos-canalizador.html,https://canalizador-norte-reparos.pt/precos-canalizador,self-ref-ok,,canonical matches source route
precos.html,https://canalizador-norte-reparos.pt/precos,self-ref-ok,,canonical matches source route
premium-hooks.html,,no-canonical,,no canonical link found
pressao-agua-baixa-alfandega-fe.html,https://canalizador-norte-reparos.pt/pressao-agua-baixa-alfandega-fe,self-ref-ok,,canonical matches source route
pressao-agua-baixa-algoso.html,https://canalizador-norte-reparos.pt/pressao-agua-baixa-algoso,self-ref-ok,,canonical matches source route
pressao-agua-baixa-alijo.html,https://canalizador-norte-reparos.pt/reparacao-fugas-pressao-baixa-alijo,hub-money-same-concelho,,same official concelho=alijo; target retained
pressao-agua-baixa-armamar.html,https://canalizador-norte-reparos.pt/pressao-agua-baixa-armamar,self-ref-ok,,canonical matches source route
pressao-agua-baixa-boticas.html,https://canalizador-norte-reparos.pt/pressao-agua-baixa-boticas,self-ref-ok,,canonical matches source route
pressao-agua-baixa-braganca.html,https://canalizador-norte-reparos.pt/urgencia-canalizador-braganca,hub-money-same-concelho,,same official concelho=braganca; target retained
pressao-agua-baixa-carrazeda-ansiaes.html,https://canalizador-norte-reparos.pt/pressao-agua-baixa-carrazeda-ansiaes,self-ref-ok,,canonical matches source route
pressao-agua-baixa-chaves.html,https://canalizador-norte-reparos.pt/urgencia-canalizador-chaves,hub-money-same-concelho,,same official concelho=chaves; target retained
pressao-agua-baixa-duas-igrejas.html,https://canalizador-norte-reparos.pt/pressao-agua-baixa-duas-igrejas,self-ref-ok,,canonical matches source route
pressao-agua-baixa-foz-coa.html,https://canalizador-norte-reparos.pt/pressao-agua-baixa-foz-coa,self-ref-ok,,canonical matches source route
pressao-agua-baixa-freixo-espada-cinta.html,https://canalizador-norte-reparos.pt/pressao-agua-baixa-freixo-espada-cinta,self-ref-ok,,canonical matches source route
pressao-agua-baixa-lagoaca.html,https://canalizador-norte-reparos.pt/pressao-agua-baixa-lagoaca,self-ref-ok,,canonical matches source route
pressao-agua-baixa-lamego.html,https://canalizador-norte-reparos.pt/sem-agua-quente-lamego,hub-money-same-concelho,,same official concelho=lamego; target retained
pressao-agua-baixa-macedo-cavaleiros.html,https://canalizador-norte-reparos.pt/pressao-agua-baixa-macedo-cavaleiros,self-ref-ok,,canonical matches source route
pressao-agua-baixa-mesao-frio.html,https://canalizador-norte-reparos.pt/pressao-agua-baixa-mesao-frio,self-ref-ok,,canonical matches source route
pressao-agua-baixa-miranda-douro.html,https://canalizador-norte-reparos.pt/pressao-agua-baixa-miranda-douro,self-ref-ok,,canonical matches source route
pressao-agua-baixa-mirandela.html,https://canalizador-norte-reparos.pt/urgencia-canalizador-mirandela,hub-money-same-concelho,,same official concelho=mirandela; target retained
pressao-agua-baixa-mogadouro.html,https://canalizador-norte-reparos.pt/urgencia-canalizador-mogadouro,hub-money-same-concelho,,same official concelho=mogadouro; target retained
pressao-agua-baixa-moimenta-beira.html,https://canalizador-norte-reparos.pt/pressao-agua-baixa-moimenta-beira,self-ref-ok,,canonical matches source route
pressao-agua-baixa-moncorvo.html,https://canalizador-norte-reparos.pt/pressao-agua-baixa-moncorvo,self-ref-ok,,canonical matches source route
pressao-agua-baixa-mondim-basto.html,https://canalizador-norte-reparos.pt/pressao-agua-baixa-mondim-basto,self-ref-ok,,canonical matches source route
pressao-agua-baixa-monforte-rio-livre.html,https://canalizador-norte-reparos.pt/pressao-agua-baixa-monforte-rio-livre,self-ref-ok,,canonical matches source route
pressao-agua-baixa-montalegre.html,https://canalizador-norte-reparos.pt/pressao-agua-baixa-montalegre,self-ref-ok,,canonical matches source route
pressao-agua-baixa-murca.html,https://canalizador-norte-reparos.pt/pressao-agua-baixa-murca,self-ref-ok,,canonical matches source route
pressao-agua-baixa-penedono.html,https://canalizador-norte-reparos.pt/pressao-agua-baixa-penedono,self-ref-ok,,canonical matches source route
pressao-agua-baixa-rebordelo.html,https://canalizador-norte-reparos.pt/pressao-agua-baixa-rebordelo,self-ref-ok,,canonical matches source route
pressao-agua-baixa-regua.html,https://canalizador-norte-reparos.pt/pressao-agua-baixa-regua,self-ref-ok,,canonical matches source route
pressao-agua-baixa-ribeira-pena.html,https://canalizador-norte-reparos.pt/pressao-agua-baixa-ribeira-pena,self-ref-ok,,canonical matches source route
pressao-agua-baixa-sabrosa.html,https://canalizador-norte-reparos.pt/pressao-agua-baixa-sabrosa,self-ref-ok,,canonical matches source route
pressao-agua-baixa-santa-marta-penaguiao.html,https://canalizador-norte-reparos.pt/pressao-agua-baixa-santa-marta-penaguiao,self-ref-ok,,canonical matches source route
pressao-agua-baixa-sao-joao-pesqueira.html,https://canalizador-norte-reparos.pt/pressao-agua-baixa-sao-joao-pesqueira,self-ref-ok,,canonical matches source route
pressao-agua-baixa-sendim.html,https://canalizador-norte-reparos.pt/pressao-agua-baixa-sendim,self-ref-ok,,canonical matches source route
pressao-agua-baixa-sernancelhe.html,https://canalizador-norte-reparos.pt/pressao-agua-baixa-sernancelhe,self-ref-ok,,canonical matches source route
pressao-agua-baixa-tabuaco.html,https://canalizador-norte-reparos.pt/pressao-agua-baixa-tabuaco,self-ref-ok,,canonical matches source route
pressao-agua-baixa-torre-moncorvo.html,https://canalizador-norte-reparos.pt/pressao-agua-baixa-torre-moncorvo,self-ref-ok,,canonical matches source route
pressao-agua-baixa-valpacos.html,https://canalizador-norte-reparos.pt/urgencia-canalizador-valpacos,hub-money-same-concelho,,same official concelho=valpacos; target retained
pressao-agua-baixa-vila-flor.html,https://canalizador-norte-reparos.pt/pressao-agua-baixa-vila-flor,self-ref-ok,,canonical matches source route
pressao-agua-baixa-vila-pouca-aguiar.html,https://canalizador-norte-reparos.pt/pressao-agua-baixa-vila-pouca-aguiar,self-ref-ok,,canonical matches source route
pressao-agua-baixa-vila-real.html,https://canalizador-norte-reparos.pt/urgencia-canalizador-vila-real,hub-money-same-concelho,,same official concelho=vila-real; target retained
pressao-agua-baixa-vimioso.html,https://canalizador-norte-reparos.pt/pressao-agua-baixa-vimioso,self-ref-ok,,canonical matches source route
pressao-agua-baixa-vinhais.html,https://canalizador-norte-reparos.pt/urgencia-canalizador-vinhais,hub-money-same-concelho,,same official concelho=vinhais; target retained
problemas-comuns-canalizacao-alfandega-fe.html,https://canalizador-norte-reparos.pt/problemas-comuns-canalizacao-alfandega-fe,self-ref-ok,,canonical matches source route
problemas-comuns-canalizacao-algoso.html,https://canalizador-norte-reparos.pt/problemas-comuns-canalizacao-algoso,self-ref-ok,,canonical matches source route
problemas-comuns-canalizacao-alijo.html,https://canalizador-norte-reparos.pt/reparacao-fugas-pressao-baixa-alijo,hub-money-same-concelho,,same official concelho=alijo; target retained
problemas-comuns-canalizacao-armamar.html,https://canalizador-norte-reparos.pt/problemas-comuns-canalizacao-armamar,self-ref-ok,,canonical matches source route
problemas-comuns-canalizacao-boticas.html,https://canalizador-norte-reparos.pt/problemas-comuns-canalizacao-boticas,self-ref-ok,,canonical matches source route
problemas-comuns-canalizacao-braganca.html,https://canalizador-norte-reparos.pt/urgencia-canalizador-braganca,hub-money-same-concelho,,same official concelho=braganca; target retained
problemas-comuns-canalizacao-carrazeda-ansiaes.html,https://canalizador-norte-reparos.pt/problemas-comuns-canalizacao-carrazeda-ansiaes,self-ref-ok,,canonical matches source route
problemas-comuns-canalizacao-chaves.html,https://canalizador-norte-reparos.pt/urgencia-canalizador-chaves,hub-money-same-concelho,,same official concelho=chaves; target retained
problemas-comuns-canalizacao-duas-igrejas.html,https://canalizador-norte-reparos.pt/problemas-comuns-canalizacao-duas-igrejas,self-ref-ok,,canonical matches source route
problemas-comuns-canalizacao-foz-coa.html,https://canalizador-norte-reparos.pt/problemas-comuns-canalizacao-foz-coa,self-ref-ok,,canonical matches source route
problemas-comuns-canalizacao-freixo-espada-cinta.html,https://canalizador-norte-reparos.pt/problemas-comuns-canalizacao-freixo-espada-cinta,self-ref-ok,,canonical matches source route
problemas-comuns-canalizacao-lagoaca.html,https://canalizador-norte-reparos.pt/problemas-comuns-canalizacao-lagoaca,self-ref-ok,,canonical matches source route
problemas-comuns-canalizacao-lamego.html,https://canalizador-norte-reparos.pt/sem-agua-quente-lamego,hub-money-same-concelho,,same official concelho=lamego; target retained
problemas-comuns-canalizacao-macedo-cavaleiros.html,https://canalizador-norte-reparos.pt/problemas-comuns-canalizacao-macedo-cavaleiros,self-ref-ok,,canonical matches source route
problemas-comuns-canalizacao-mesao-frio.html,https://canalizador-norte-reparos.pt/problemas-comuns-canalizacao-mesao-frio,self-ref-ok,,canonical matches source route
problemas-comuns-canalizacao-miranda-douro.html,https://canalizador-norte-reparos.pt/problemas-comuns-canalizacao-miranda-douro,self-ref-ok,,canonical matches source route
problemas-comuns-canalizacao-mirandela.html,https://canalizador-norte-reparos.pt/urgencia-canalizador-mirandela,hub-money-same-concelho,,same official concelho=mirandela; target retained
problemas-comuns-canalizacao-mogadouro.html,https://canalizador-norte-reparos.pt/urgencia-canalizador-mogadouro,hub-money-same-concelho,,same official concelho=mogadouro; target retained
problemas-comuns-canalizacao-moimenta-beira.html,https://canalizador-norte-reparos.pt/problemas-comuns-canalizacao-moimenta-beira,self-ref-ok,,canonical matches source route
problemas-comuns-canalizacao-moncorvo.html,https://canalizador-norte-reparos.pt/problemas-comuns-canalizacao-moncorvo,self-ref-ok,,canonical matches source route
problemas-comuns-canalizacao-mondim-basto.html,https://canalizador-norte-reparos.pt/problemas-comuns-canalizacao-mondim-basto,self-ref-ok,,canonical matches source route
problemas-comuns-canalizacao-monforte-rio-livre.html,https://canalizador-norte-reparos.pt/problemas-comuns-canalizacao-monforte-rio-livre,self-ref-ok,,canonical matches source route
problemas-comuns-canalizacao-montalegre.html,https://canalizador-norte-reparos.pt/problemas-comuns-canalizacao-montalegre,self-ref-ok,,canonical matches source route
problemas-comuns-canalizacao-murca.html,https://canalizador-norte-reparos.pt/problemas-comuns-canalizacao-murca,self-ref-ok,,canonical matches source route
problemas-comuns-canalizacao-penedono.html,https://canalizador-norte-reparos.pt/problemas-comuns-canalizacao-penedono,self-ref-ok,,canonical matches source route
problemas-comuns-canalizacao-rebordelo.html,https://canalizador-norte-reparos.pt/problemas-comuns-canalizacao-rebordelo,self-ref-ok,,canonical matches source route
problemas-comuns-canalizacao-regua.html,https://canalizador-norte-reparos.pt/problemas-comuns-canalizacao-regua,self-ref-ok,,canonical matches source route
problemas-comuns-canalizacao-ribeira-pena.html,https://canalizador-norte-reparos.pt/problemas-comuns-canalizacao-ribeira-pena,self-ref-ok,,canonical matches source route
problemas-comuns-canalizacao-sabrosa.html,https://canalizador-norte-reparos.pt/problemas-comuns-canalizacao-sabrosa,self-ref-ok,,canonical matches source route
problemas-comuns-canalizacao-santa-marta-penaguiao.html,https://canalizador-norte-reparos.pt/problemas-comuns-canalizacao-santa-marta-penaguiao,self-ref-ok,,canonical matches source route
problemas-comuns-canalizacao-sao-joao-pesqueira.html,https://canalizador-norte-reparos.pt/problemas-comuns-canalizacao-sao-joao-pesqueira,self-ref-ok,,canonical matches source route
problemas-comuns-canalizacao-sendim.html,https://canalizador-norte-reparos.pt/problemas-comuns-canalizacao-sendim,self-ref-ok,,canonical matches source route
problemas-comuns-canalizacao-sernancelhe.html,https://canalizador-norte-reparos.pt/problemas-comuns-canalizacao-sernancelhe,self-ref-ok,,canonical matches source route
problemas-comuns-canalizacao-tabuaco.html,https://canalizador-norte-reparos.pt/problemas-comuns-canalizacao-tabuaco,self-ref-ok,,canonical matches source route
problemas-comuns-canalizacao-torre-moncorvo.html,https://canalizador-norte-reparos.pt/problemas-comuns-canalizacao-torre-moncorvo,self-ref-ok,,canonical matches source route
problemas-comuns-canalizacao-valpacos.html,https://canalizador-norte-reparos.pt/urgencia-canalizador-valpacos,hub-money-same-concelho,,same official concelho=valpacos; target retained
problemas-comuns-canalizacao-vila-flor.html,https://canalizador-norte-reparos.pt/problemas-comuns-canalizacao-vila-flor,self-ref-ok,,canonical matches source route
problemas-comuns-canalizacao-vila-pouca-aguiar.html,https://canalizador-norte-reparos.pt/problemas-comuns-canalizacao-vila-pouca-aguiar,self-ref-ok,,canonical matches source route
problemas-comuns-canalizacao-vila-real.html,https://canalizador-norte-reparos.pt/urgencia-canalizador-vila-real,hub-money-same-concelho,,same official concelho=vila-real; target retained
problemas-comuns-canalizacao-vimioso.html,https://canalizador-norte-reparos.pt/problemas-comuns-canalizacao-vimioso,self-ref-ok,,canonical matches source route
problemas-comuns-canalizacao-vinhais.html,https://canalizador-norte-reparos.pt/urgencia-canalizador-vinhais,hub-money-same-concelho,,same official concelho=vinhais; target retained
quanto-custa-canalizador-2026.html,https://canalizador-norte-reparos.pt/quanto-custa-canalizador-2026,self-ref-ok,,canonical matches source route
quanto-custa-canalizador-alfandega-fe.html,https://canalizador-norte-reparos.pt/quanto-custa-canalizador-alfandega-fe,self-ref-ok,,canonical matches source route
quanto-custa-canalizador-algoso.html,https://canalizador-norte-reparos.pt/quanto-custa-canalizador-algoso,self-ref-ok,,canonical matches source route
quanto-custa-canalizador-alijo.html,https://canalizador-norte-reparos.pt/reparacao-fugas-pressao-baixa-alijo,hub-money-same-concelho,,same official concelho=alijo; target retained
quanto-custa-canalizador-armamar.html,https://canalizador-norte-reparos.pt/quanto-custa-canalizador-armamar,self-ref-ok,,canonical matches source route
quanto-custa-canalizador-boticas.html,https://canalizador-norte-reparos.pt/quanto-custa-canalizador-boticas,self-ref-ok,,canonical matches source route
quanto-custa-canalizador-braganca.html,https://canalizador-norte-reparos.pt/urgencia-canalizador-braganca,hub-money-same-concelho,,same official concelho=braganca; target retained
quanto-custa-canalizador-carrazeda-ansiaes.html,https://canalizador-norte-reparos.pt/quanto-custa-canalizador-carrazeda-ansiaes,self-ref-ok,,canonical matches source route
quanto-custa-canalizador-chaves.html,https://canalizador-norte-reparos.pt/urgencia-canalizador-chaves,hub-money-same-concelho,,same official concelho=chaves; target retained
quanto-custa-canalizador-duas-igrejas.html,https://canalizador-norte-reparos.pt/quanto-custa-canalizador-duas-igrejas,self-ref-ok,,canonical matches source route
quanto-custa-canalizador-foz-coa.html,https://canalizador-norte-reparos.pt/quanto-custa-canalizador-foz-coa,self-ref-ok,,canonical matches source route
quanto-custa-canalizador-freixo-espada-cinta.html,https://canalizador-norte-reparos.pt/quanto-custa-canalizador-freixo-espada-cinta,self-ref-ok,,canonical matches source route
quanto-custa-canalizador-lagoaca.html,https://canalizador-norte-reparos.pt/quanto-custa-canalizador-lagoaca,self-ref-ok,,canonical matches source route
quanto-custa-canalizador-lamego.html,https://canalizador-norte-reparos.pt/quanto-custa-canalizador-lamego,self-ref-ok,,canonical matches source route
quanto-custa-canalizador-macedo-cavaleiros.html,https://canalizador-norte-reparos.pt/quanto-custa-canalizador-macedo-cavaleiros,self-ref-ok,,canonical matches source route
quanto-custa-canalizador-macedo-de-cavaleiros.html,https://canalizador-norte-reparos.pt/quanto-custa-canalizador-macedo-de-cavaleiros,self-ref-ok,,canonical matches source route
quanto-custa-canalizador-mesao-frio.html,https://canalizador-norte-reparos.pt/quanto-custa-canalizador-mesao-frio,self-ref-ok,,canonical matches source route
quanto-custa-canalizador-miranda-douro.html,https://canalizador-norte-reparos.pt/quanto-custa-canalizador-miranda-douro,self-ref-ok,,canonical matches source route
quanto-custa-canalizador-mirandela.html,https://canalizador-norte-reparos.pt/quanto-custa-canalizador-mirandela,self-ref-ok,,canonical matches source route
quanto-custa-canalizador-mogadouro.html,https://canalizador-norte-reparos.pt/urgencia-canalizador-mogadouro,hub-money-same-concelho,,same official concelho=mogadouro; target retained
quanto-custa-canalizador-moimenta-beira.html,https://canalizador-norte-reparos.pt/quanto-custa-canalizador-moimenta-beira,self-ref-ok,,canonical matches source route
quanto-custa-canalizador-moncorvo.html,https://canalizador-norte-reparos.pt/quanto-custa-canalizador-moncorvo,self-ref-ok,,canonical matches source route
quanto-custa-canalizador-mondim-basto.html,https://canalizador-norte-reparos.pt/quanto-custa-canalizador-mondim-basto,self-ref-ok,,canonical matches source route
quanto-custa-canalizador-monforte-rio-livre.html,https://canalizador-norte-reparos.pt/quanto-custa-canalizador-monforte-rio-livre,self-ref-ok,,canonical matches source route
quanto-custa-canalizador-montalegre.html,https://canalizador-norte-reparos.pt/quanto-custa-canalizador-montalegre,self-ref-ok,,canonical matches source route
quanto-custa-canalizador-murca.html,https://canalizador-norte-reparos.pt/quanto-custa-canalizador-murca,self-ref-ok,,canonical matches source route
quanto-custa-canalizador-penedono.html,https://canalizador-norte-reparos.pt/quanto-custa-canalizador-penedono,self-ref-ok,,canonical matches source route
quanto-custa-canalizador-rebordelo.html,https://canalizador-norte-reparos.pt/quanto-custa-canalizador-rebordelo,self-ref-ok,,canonical matches source route
quanto-custa-canalizador-regua.html,https://canalizador-norte-reparos.pt/quanto-custa-canalizador-regua,self-ref-ok,,canonical matches source route
quanto-custa-canalizador-ribeira-pena.html,https://canalizador-norte-reparos.pt/quanto-custa-canalizador-ribeira-pena,self-ref-ok,,canonical matches source route
quanto-custa-canalizador-sabrosa.html,https://canalizador-norte-reparos.pt/quanto-custa-canalizador-sabrosa,self-ref-ok,,canonical matches source route
quanto-custa-canalizador-santa-marta-penaguiao.html,https://canalizador-norte-reparos.pt/quanto-custa-canalizador-santa-marta-penaguiao,self-ref-ok,,canonical matches source route
quanto-custa-canalizador-sao-joao-pesqueira.html,https://canalizador-norte-reparos.pt/quanto-custa-canalizador-sao-joao-pesqueira,self-ref-ok,,canonical matches source route
quanto-custa-canalizador-sendim.html,https://canalizador-norte-reparos.pt/quanto-custa-canalizador-sendim,self-ref-ok,,canonical matches source route
quanto-custa-canalizador-sernancelhe.html,https://canalizador-norte-reparos.pt/quanto-custa-canalizador-sernancelhe,self-ref-ok,,canonical matches source route
quanto-custa-canalizador-tabuaco.html,https://canalizador-norte-reparos.pt/quanto-custa-canalizador-tabuaco,self-ref-ok,,canonical matches source route
quanto-custa-canalizador-torre-moncorvo.html,https://canalizador-norte-reparos.pt/quanto-custa-canalizador-torre-moncorvo,self-ref-ok,,canonical matches source route
quanto-custa-canalizador-valpacos.html,https://canalizador-norte-reparos.pt/urgencia-canalizador-valpacos,hub-money-same-concelho,,same official concelho=valpacos; target retained
quanto-custa-canalizador-vila-flor.html,https://canalizador-norte-reparos.pt/quanto-custa-canalizador-vila-flor,self-ref-ok,,canonical matches source route
quanto-custa-canalizador-vila-pouca-aguiar.html,https://canalizador-norte-reparos.pt/quanto-custa-canalizador-vila-pouca-aguiar,self-ref-ok,,canonical matches source route
quanto-custa-canalizador-vila-real.html,https://canalizador-norte-reparos.pt/urgencia-canalizador-vila-real,hub-money-same-concelho,,same official concelho=vila-real; target retained
quanto-custa-canalizador-vimioso.html,https://canalizador-norte-reparos.pt/quanto-custa-canalizador-vimioso,self-ref-ok,,canonical matches source route
quanto-custa-canalizador-vinhais.html,https://canalizador-norte-reparos.pt/urgencia-canalizador-vinhais,hub-money-same-concelho,,same official concelho=vinhais; target retained
quanto-custa-desentupimento-sanita.html,https://canalizador-norte-reparos.pt/quanto-custa-desentupimento-sanita,self-ref-ok,,canonical matches source route
quanto-custa-substituir-esquentador.html,https://canalizador-norte-reparos.pt/quanto-custa-substituir-esquentador,self-ref-ok,,canonical matches source route
ralo-entupido-alfandega-fe.html,https://canalizador-norte-reparos.pt/ralo-entupido-alfandega-fe,self-ref-ok,,canonical matches source route
ralo-entupido-algoso.html,https://canalizador-norte-reparos.pt/ralo-entupido-algoso,self-ref-ok,,canonical matches source route
ralo-entupido-alijo.html,https://canalizador-norte-reparos.pt/reparacao-fugas-pressao-baixa-alijo,hub-money-same-concelho,,same official concelho=alijo; target retained
ralo-entupido-armamar.html,https://canalizador-norte-reparos.pt/ralo-entupido-armamar,self-ref-ok,,canonical matches source route
ralo-entupido-boticas.html,https://canalizador-norte-reparos.pt/ralo-entupido-boticas,self-ref-ok,,canonical matches source route
ralo-entupido-braganca.html,https://canalizador-norte-reparos.pt/urgencia-canalizador-braganca,hub-money-same-concelho,,same official concelho=braganca; target retained
ralo-entupido-carrazeda-ansiaes.html,https://canalizador-norte-reparos.pt/ralo-entupido-carrazeda-ansiaes,self-ref-ok,,canonical matches source route
ralo-entupido-chaves.html,https://canalizador-norte-reparos.pt/urgencia-canalizador-chaves,hub-money-same-concelho,,same official concelho=chaves; target retained
ralo-entupido-duas-igrejas.html,https://canalizador-norte-reparos.pt/ralo-entupido-duas-igrejas,self-ref-ok,,canonical matches source route
ralo-entupido-foz-coa.html,https://canalizador-norte-reparos.pt/ralo-entupido-foz-coa,self-ref-ok,,canonical matches source route
ralo-entupido-freixo-espada-cinta.html,https://canalizador-norte-reparos.pt/ralo-entupido-freixo-espada-cinta,self-ref-ok,,canonical matches source route
ralo-entupido-lagoaca.html,https://canalizador-norte-reparos.pt/ralo-entupido-lagoaca,self-ref-ok,,canonical matches source route
ralo-entupido-lamego.html,https://canalizador-norte-reparos.pt/sem-agua-quente-lamego,hub-money-same-concelho,,same official concelho=lamego; target retained
ralo-entupido-macedo-cavaleiros.html,https://canalizador-norte-reparos.pt/ralo-entupido-macedo-cavaleiros,self-ref-ok,,canonical matches source route
ralo-entupido-mesao-frio.html,https://canalizador-norte-reparos.pt/ralo-entupido-mesao-frio,self-ref-ok,,canonical matches source route
ralo-entupido-miranda-douro.html,https://canalizador-norte-reparos.pt/ralo-entupido-miranda-douro,self-ref-ok,,canonical matches source route
ralo-entupido-mirandela.html,https://canalizador-norte-reparos.pt/urgencia-canalizador-mirandela,hub-money-same-concelho,,same official concelho=mirandela; target retained
ralo-entupido-mogadouro.html,https://canalizador-norte-reparos.pt/urgencia-canalizador-mogadouro,hub-money-same-concelho,,same official concelho=mogadouro; target retained
ralo-entupido-moimenta-beira.html,https://canalizador-norte-reparos.pt/ralo-entupido-moimenta-beira,self-ref-ok,,canonical matches source route
ralo-entupido-moncorvo.html,https://canalizador-norte-reparos.pt/ralo-entupido-moncorvo,self-ref-ok,,canonical matches source route
ralo-entupido-mondim-basto.html,https://canalizador-norte-reparos.pt/ralo-entupido-mondim-basto,self-ref-ok,,canonical matches source route
ralo-entupido-monforte-rio-livre.html,https://canalizador-norte-reparos.pt/ralo-entupido-monforte-rio-livre,self-ref-ok,,canonical matches source route
ralo-entupido-montalegre.html,https://canalizador-norte-reparos.pt/ralo-entupido-montalegre,self-ref-ok,,canonical matches source route
ralo-entupido-murca.html,https://canalizador-norte-reparos.pt/ralo-entupido-murca,self-ref-ok,,canonical matches source route
ralo-entupido-penedono.html,https://canalizador-norte-reparos.pt/ralo-entupido-penedono,self-ref-ok,,canonical matches source route
ralo-entupido-rebordelo.html,https://canalizador-norte-reparos.pt/ralo-entupido-rebordelo,self-ref-ok,,canonical matches source route
ralo-entupido-regua.html,https://canalizador-norte-reparos.pt/ralo-entupido-regua,self-ref-ok,,canonical matches source route
ralo-entupido-ribeira-pena.html,https://canalizador-norte-reparos.pt/ralo-entupido-ribeira-pena,self-ref-ok,,canonical matches source route
ralo-entupido-sabrosa.html,https://canalizador-norte-reparos.pt/ralo-entupido-sabrosa,self-ref-ok,,canonical matches source route
ralo-entupido-santa-marta-penaguiao.html,https://canalizador-norte-reparos.pt/ralo-entupido-santa-marta-penaguiao,self-ref-ok,,canonical matches source route
ralo-entupido-sao-joao-pesqueira.html,https://canalizador-norte-reparos.pt/ralo-entupido-sao-joao-pesqueira,self-ref-ok,,canonical matches source route
ralo-entupido-sendim.html,https://canalizador-norte-reparos.pt/ralo-entupido-sendim,self-ref-ok,,canonical matches source route
ralo-entupido-sernancelhe.html,https://canalizador-norte-reparos.pt/ralo-entupido-sernancelhe,self-ref-ok,,canonical matches source route
ralo-entupido-tabuaco.html,https://canalizador-norte-reparos.pt/ralo-entupido-tabuaco,self-ref-ok,,canonical matches source route
ralo-entupido-torre-moncorvo.html,https://canalizador-norte-reparos.pt/ralo-entupido-torre-moncorvo,self-ref-ok,,canonical matches source route
ralo-entupido-valpacos.html,https://canalizador-norte-reparos.pt/urgencia-canalizador-valpacos,hub-money-same-concelho,,same official concelho=valpacos; target retained
ralo-entupido-vila-flor.html,https://canalizador-norte-reparos.pt/ralo-entupido-vila-flor,self-ref-ok,,canonical matches source route
ralo-entupido-vila-pouca-aguiar.html,https://canalizador-norte-reparos.pt/ralo-entupido-vila-pouca-aguiar,self-ref-ok,,canonical matches source route
ralo-entupido-vila-real.html,https://canalizador-norte-reparos.pt/urgencia-canalizador-vila-real,hub-money-same-concelho,,same official concelho=vila-real; target retained
ralo-entupido-vimioso.html,https://canalizador-norte-reparos.pt/ralo-entupido-vimioso,self-ref-ok,,canonical matches source route
ralo-entupido-vinhais.html,https://canalizador-norte-reparos.pt/urgencia-canalizador-vinhais,hub-money-same-concelho,,same official concelho=vinhais; target retained
recursos-gratuitos.html,https://canalizador-norte-reparos.pt/recursos-gratuitos,self-ref-ok,,canonical matches source route
remodelacao-casa-banho-alfandega-da-fe.html,https://canalizador-norte-reparos.pt/remodelacao-casa-banho-alfandega-da-fe,self-ref-ok,,canonical matches source route
remodelacao-casa-banho-algoso.html,https://canalizador-norte-reparos.pt/remodelacao-casa-banho-algoso,self-ref-ok,,canonical matches source route
remodelacao-casa-banho-armamar.html,https://canalizador-norte-reparos.pt/remodelacao-casa-banho-armamar,self-ref-ok,,canonical matches source route
remodelacao-casa-banho-boticas.html,https://canalizador-norte-reparos.pt/remodelacao-casa-banho-boticas,self-ref-ok,,canonical matches source route
remodelacao-casa-banho-braganca.html,https://canalizador-norte-reparos.pt/urgencia-canalizador-braganca,hub-money-same-concelho,,same official concelho=braganca; target retained
remodelacao-casa-banho-carrazeda-de-ansiaes.html,https://canalizador-norte-reparos.pt/remodelacao-casa-banho-carrazeda-de-ansiaes,self-ref-ok,,canonical matches source route
remodelacao-casa-banho-chaves.html,https://canalizador-norte-reparos.pt/urgencia-canalizador-chaves,hub-money-same-concelho,,same official concelho=chaves; target retained
remodelacao-casa-banho-duas-igrejas.html,https://canalizador-norte-reparos.pt/remodelacao-casa-banho-duas-igrejas,self-ref-ok,,canonical matches source route
remodelacao-casa-banho-freixo-de-espada-a-cinta.html,https://canalizador-norte-reparos.pt/remodelacao-casa-banho-freixo-de-espada-a-cinta,self-ref-ok,,canonical matches source route
remodelacao-casa-banho-lagoaca.html,https://canalizador-norte-reparos.pt/remodelacao-casa-banho-lagoaca,self-ref-ok,,canonical matches source route
remodelacao-casa-banho-macedo-de-cavaleiros.html,https://canalizador-norte-reparos.pt/remodelacao-casa-banho-macedo-de-cavaleiros,self-ref-ok,,canonical matches source route
remodelacao-casa-banho-mesao-frio.html,https://canalizador-norte-reparos.pt/remodelacao-casa-banho-mesao-frio,self-ref-ok,,canonical matches source route
remodelacao-casa-banho-miranda-do-douro.html,https://canalizador-norte-reparos.pt/remodelacao-casa-banho-miranda-do-douro,self-ref-ok,,canonical matches source route
remodelacao-casa-banho-mirandela.html,https://canalizador-norte-reparos.pt/remodelacao-casa-banho-mirandela,self-ref-ok,,canonical matches source route
remodelacao-casa-banho-mogadouro.html,https://canalizador-norte-reparos.pt/remodelacao-casa-banho-mogadouro,self-ref-ok,,canonical matches source route
remodelacao-casa-banho-moncorvo.html,https://canalizador-norte-reparos.pt/remodelacao-casa-banho-moncorvo,self-ref-ok,,canonical matches source route
remodelacao-casa-banho-mondim-de-basto.html,https://canalizador-norte-reparos.pt/remodelacao-casa-banho-mondim-de-basto,self-ref-ok,,canonical matches source route
remodelacao-casa-banho-monforte-de-rio-livre.html,https://canalizador-norte-reparos.pt/remodelacao-casa-banho-monforte-de-rio-livre,self-ref-ok,,canonical matches source route
remodelacao-casa-banho-montalegre.html,https://canalizador-norte-reparos.pt/remodelacao-casa-banho-montalegre,self-ref-ok,,canonical matches source route
remodelacao-casa-banho-murca.html,https://canalizador-norte-reparos.pt/remodelacao-casa-banho-murca,self-ref-ok,,canonical matches source route
remodelacao-casa-banho-penedono.html,https://canalizador-norte-reparos.pt/remodelacao-casa-banho-penedono,self-ref-ok,,canonical matches source route
remodelacao-casa-banho-rebordelo.html,https://canalizador-norte-reparos.pt/remodelacao-casa-banho-rebordelo,self-ref-ok,,canonical matches source route
remodelacao-casa-banho-ribeira-de-pena.html,https://canalizador-norte-reparos.pt/remodelacao-casa-banho-ribeira-de-pena,self-ref-ok,,canonical matches source route
remodelacao-casa-banho-santa-marta-penaguiao.html,https://canalizador-norte-reparos.pt/remodelacao-casa-banho-santa-marta-penaguiao,self-ref-ok,,canonical matches source route
remodelacao-casa-banho-sendim.html,https://canalizador-norte-reparos.pt/remodelacao-casa-banho-sendim,self-ref-ok,,canonical matches source route
remodelacao-casa-banho-sernancelhe.html,https://canalizador-norte-reparos.pt/remodelacao-casa-banho-sernancelhe,self-ref-ok,,canonical matches source route
remodelacao-casa-banho-tabuaco.html,https://canalizador-norte-reparos.pt/remodelacao-casa-banho-tabuaco,self-ref-ok,,canonical matches source route
remodelacao-casa-banho-torre-de-moncorvo.html,https://canalizador-norte-reparos.pt/remodelacao-casa-banho-torre-de-moncorvo,self-ref-ok,,canonical matches source route
remodelacao-casa-banho-valpacos.html,https://canalizador-norte-reparos.pt/remodelacao-casa-banho-valpacos,self-ref-ok,,canonical matches source route
remodelacao-casa-banho-vila-flor.html,https://canalizador-norte-reparos.pt/remodelacao-casa-banho-vila-flor,self-ref-ok,,canonical matches source route
remodelacao-casa-banho-vila-pouca-de-aguiar.html,https://canalizador-norte-reparos.pt/remodelacao-casa-banho-vila-pouca-de-aguiar,self-ref-ok,,canonical matches source route
remodelacao-casa-banho-vila-real.html,https://canalizador-norte-reparos.pt/urgencia-canalizador-vila-real,hub-money-same-concelho,,same official concelho=vila-real; target retained
remodelacao-casa-banho-vimioso.html,https://canalizador-norte-reparos.pt/remodelacao-casa-banho-vimioso,self-ref-ok,,canonical matches source route
remodelacao-casa-banho-vinhais.html,https://canalizador-norte-reparos.pt/remodelacao-casa-banho-vinhais,self-ref-ok,,canonical matches source route
reparacao-esquentador-braganca.html,https://canalizador-norte-reparos.pt/reparacao-esquentador-braganca,self-ref-ok,,canonical matches source route
reparacao-esquentador-chaves.html,https://canalizador-norte-reparos.pt/reparacao-esquentador-chaves,self-ref-ok,,canonical matches source route
reparacao-esquentador-lamego.html,https://canalizador-norte-reparos.pt/reparacao-esquentador-lamego,self-ref-ok,,canonical matches source route
reparacao-esquentador-macedo-cavaleiros.html,https://canalizador-norte-reparos.pt/reparacao-esquentador-macedo-cavaleiros,self-ref-ok,,canonical matches source route
reparacao-esquentador-miranda-douro.html,https://canalizador-norte-reparos.pt/reparacao-esquentador-miranda-douro,self-ref-ok,,canonical matches source route
reparacao-esquentador-mirandela.html,https://canalizador-norte-reparos.pt/reparacao-esquentador-mirandela,self-ref-ok,,canonical matches source route
reparacao-esquentador-mogadouro.html,https://canalizador-norte-reparos.pt/reparacao-esquentador-mogadouro,self-ref-ok,,canonical matches source route
reparacao-esquentador-vila-real.html,https://canalizador-norte-reparos.pt/reparacao-esquentador-vila-real,self-ref-ok,,canonical matches source route
reparacao-esquentador-vimioso.html,https://canalizador-norte-reparos.pt/reparacao-esquentador-vimioso,self-ref-ok,,canonical matches source route
reparacao-esquentador-vinhais.html,https://canalizador-norte-reparos.pt/reparacao-esquentador-vinhais,self-ref-ok,,canonical matches source route
reparacao-esquentadores-braganca.html,https://canalizador-norte-reparos.pt/urgencia-canalizador-braganca,hub-money-same-concelho,,same official concelho=braganca; target retained
reparacao-esquentadores-caldeiras.html,https://canalizador-norte-reparos.pt/reparacao-esquentadores-caldeiras,self-ref-ok,,canonical matches source route
reparacao-esquentadores-chaves.html,https://canalizador-norte-reparos.pt/urgencia-canalizador-chaves,hub-money-same-concelho,,same official concelho=chaves; target retained
reparacao-esquentadores-lamego.html,https://canalizador-norte-reparos.pt/reparacao-esquentadores-lamego,self-ref-ok,,canonical matches source route
reparacao-esquentadores-macedo-de-cavaleiros.html,https://canalizador-norte-reparos.pt/reparacao-esquentadores-macedo-de-cavaleiros,self-ref-ok,,canonical matches source route
reparacao-esquentadores-mirandela.html,https://canalizador-norte-reparos.pt/reparacao-esquentadores-mirandela,self-ref-ok,,canonical matches source route
reparacao-esquentadores-vila-real.html,https://canalizador-norte-reparos.pt/urgencia-canalizador-vila-real,hub-money-same-concelho,,same official concelho=vila-real; target retained
reparacao-fugas-alfandega-da-fe.html,https://canalizador-norte-reparos.pt/reparacao-fugas-alfandega-da-fe,self-ref-ok,,canonical matches source route
reparacao-fugas-alfandega-fe.html,https://canalizador-norte-reparos.pt/reparacao-fugas-alfandega-fe,self-ref-ok,,canonical matches source route
reparacao-fugas-algoso.html,https://canalizador-norte-reparos.pt/reparacao-fugas-algoso,self-ref-ok,,canonical matches source route
reparacao-fugas-alijo.html,https://canalizador-norte-reparos.pt/reparacao-fugas-pressao-baixa-alijo,hub-money-same-concelho,,same official concelho=alijo; target retained
reparacao-fugas-armamar.html,https://canalizador-norte-reparos.pt/reparacao-fugas-armamar,self-ref-ok,,canonical matches source route
reparacao-fugas-boticas.html,https://canalizador-norte-reparos.pt/reparacao-fugas-boticas,self-ref-ok,,canonical matches source route
reparacao-fugas-braganca.html,https://canalizador-norte-reparos.pt/urgencia-canalizador-braganca,hub-money-same-concelho,,same official concelho=braganca; target retained
reparacao-fugas-cano-rebentado-alfandega-fe.html,https://canalizador-norte-reparos.pt/reparacao-fugas-cano-rebentado-alfandega-fe,self-ref-ok,,canonical matches source route
reparacao-fugas-cano-rebentado-algoso.html,https://canalizador-norte-reparos.pt/reparacao-fugas-cano-rebentado-algoso,self-ref-ok,,canonical matches source route
reparacao-fugas-cano-rebentado-alijo.html,https://canalizador-norte-reparos.pt/reparacao-fugas-pressao-baixa-alijo,hub-money-same-concelho,,same official concelho=alijo; target retained
reparacao-fugas-cano-rebentado-armamar.html,https://canalizador-norte-reparos.pt/reparacao-fugas-cano-rebentado-armamar,self-ref-ok,,canonical matches source route
reparacao-fugas-cano-rebentado-boticas.html,https://canalizador-norte-reparos.pt/reparacao-fugas-cano-rebentado-boticas,self-ref-ok,,canonical matches source route
reparacao-fugas-cano-rebentado-braganca.html,https://canalizador-norte-reparos.pt/urgencia-canalizador-braganca,hub-money-same-concelho,,same official concelho=braganca; target retained
reparacao-fugas-cano-rebentado-carrazeda-ansiaes.html,https://canalizador-norte-reparos.pt/reparacao-fugas-cano-rebentado-carrazeda-ansiaes,self-ref-ok,,canonical matches source route
reparacao-fugas-cano-rebentado-chaves.html,https://canalizador-norte-reparos.pt/urgencia-canalizador-chaves,hub-money-same-concelho,,same official concelho=chaves; target retained
reparacao-fugas-cano-rebentado-duas-igrejas.html,https://canalizador-norte-reparos.pt/reparacao-fugas-cano-rebentado-duas-igrejas,self-ref-ok,,canonical matches source route
reparacao-fugas-cano-rebentado-foz-coa.html,https://canalizador-norte-reparos.pt/reparacao-fugas-cano-rebentado-foz-coa,self-ref-ok,,canonical matches source route
reparacao-fugas-cano-rebentado-freixo-espada-cinta.html,https://canalizador-norte-reparos.pt/reparacao-fugas-cano-rebentado-freixo-espada-cinta,self-ref-ok,,canonical matches source route
reparacao-fugas-cano-rebentado-lagoaca.html,https://canalizador-norte-reparos.pt/reparacao-fugas-cano-rebentado-lagoaca,self-ref-ok,,canonical matches source route
reparacao-fugas-cano-rebentado-lamego.html,https://canalizador-norte-reparos.pt/sem-agua-quente-lamego,hub-money-same-concelho,,same official concelho=lamego; target retained
reparacao-fugas-cano-rebentado-macedo-cavaleiros.html,https://canalizador-norte-reparos.pt/reparacao-fugas-cano-rebentado-macedo-cavaleiros,self-ref-ok,,canonical matches source route
reparacao-fugas-cano-rebentado-mesao-frio.html,https://canalizador-norte-reparos.pt/reparacao-fugas-cano-rebentado-mesao-frio,self-ref-ok,,canonical matches source route
reparacao-fugas-cano-rebentado-miranda-douro.html,https://canalizador-norte-reparos.pt/reparacao-fugas-cano-rebentado-miranda-douro,self-ref-ok,,canonical matches source route
reparacao-fugas-cano-rebentado-mirandela.html,https://canalizador-norte-reparos.pt/urgencia-canalizador-mirandela,hub-money-same-concelho,,same official concelho=mirandela; target retained
reparacao-fugas-cano-rebentado-mogadouro.html,https://canalizador-norte-reparos.pt/urgencia-canalizador-mogadouro,hub-money-same-concelho,,same official concelho=mogadouro; target retained
reparacao-fugas-cano-rebentado-moimenta-beira.html,https://canalizador-norte-reparos.pt/reparacao-fugas-cano-rebentado-moimenta-beira,self-ref-ok,,canonical matches source route
reparacao-fugas-cano-rebentado-moncorvo.html,https://canalizador-norte-reparos.pt/reparacao-fugas-cano-rebentado-moncorvo,self-ref-ok,,canonical matches source route
reparacao-fugas-cano-rebentado-mondim-basto.html,https://canalizador-norte-reparos.pt/reparacao-fugas-cano-rebentado-mondim-basto,self-ref-ok,,canonical matches source route
reparacao-fugas-cano-rebentado-monforte-rio-livre.html,https://canalizador-norte-reparos.pt/reparacao-fugas-cano-rebentado-monforte-rio-livre,self-ref-ok,,canonical matches source route
reparacao-fugas-cano-rebentado-montalegre.html,https://canalizador-norte-reparos.pt/reparacao-fugas-cano-rebentado-montalegre,self-ref-ok,,canonical matches source route
reparacao-fugas-cano-rebentado-murca.html,https://canalizador-norte-reparos.pt/reparacao-fugas-cano-rebentado-murca,self-ref-ok,,canonical matches source route
reparacao-fugas-cano-rebentado-penedono.html,https://canalizador-norte-reparos.pt/reparacao-fugas-cano-rebentado-penedono,self-ref-ok,,canonical matches source route
reparacao-fugas-cano-rebentado-rebordelo.html,https://canalizador-norte-reparos.pt/reparacao-fugas-cano-rebentado-rebordelo,self-ref-ok,,canonical matches source route
reparacao-fugas-cano-rebentado-regua.html,https://canalizador-norte-reparos.pt/reparacao-fugas-cano-rebentado-regua,self-ref-ok,,canonical matches source route
reparacao-fugas-cano-rebentado-ribeira-pena.html,https://canalizador-norte-reparos.pt/reparacao-fugas-cano-rebentado-ribeira-pena,self-ref-ok,,canonical matches source route
reparacao-fugas-cano-rebentado-sabrosa.html,https://canalizador-norte-reparos.pt/reparacao-fugas-cano-rebentado-sabrosa,self-ref-ok,,canonical matches source route
reparacao-fugas-cano-rebentado-santa-marta-penaguiao.html,https://canalizador-norte-reparos.pt/reparacao-fugas-cano-rebentado-santa-marta-penaguiao,self-ref-ok,,canonical matches source route
reparacao-fugas-cano-rebentado-sao-joao-pesqueira.html,https://canalizador-norte-reparos.pt/reparacao-fugas-cano-rebentado-sao-joao-pesqueira,self-ref-ok,,canonical matches source route
reparacao-fugas-cano-rebentado-sendim.html,https://canalizador-norte-reparos.pt/reparacao-fugas-cano-rebentado-sendim,self-ref-ok,,canonical matches source route
reparacao-fugas-cano-rebentado-sernancelhe.html,https://canalizador-norte-reparos.pt/reparacao-fugas-cano-rebentado-sernancelhe,self-ref-ok,,canonical matches source route
reparacao-fugas-cano-rebentado-tabuaco.html,https://canalizador-norte-reparos.pt/reparacao-fugas-cano-rebentado-tabuaco,self-ref-ok,,canonical matches source route
reparacao-fugas-cano-rebentado-torre-moncorvo.html,https://canalizador-norte-reparos.pt/reparacao-fugas-cano-rebentado-torre-moncorvo,self-ref-ok,,canonical matches source route
reparacao-fugas-cano-rebentado-valpacos.html,https://canalizador-norte-reparos.pt/urgencia-canalizador-valpacos,hub-money-same-concelho,,same official concelho=valpacos; target retained
reparacao-fugas-cano-rebentado-vila-flor.html,https://canalizador-norte-reparos.pt/reparacao-fugas-cano-rebentado-vila-flor,self-ref-ok,,canonical matches source route
reparacao-fugas-cano-rebentado-vila-pouca-aguiar.html,https://canalizador-norte-reparos.pt/reparacao-fugas-cano-rebentado-vila-pouca-aguiar,self-ref-ok,,canonical matches source route
reparacao-fugas-cano-rebentado-vila-real.html,https://canalizador-norte-reparos.pt/urgencia-canalizador-vila-real,hub-money-same-concelho,,same official concelho=vila-real; target retained
reparacao-fugas-cano-rebentado-vimioso.html,https://canalizador-norte-reparos.pt/reparacao-fugas-cano-rebentado-vimioso,self-ref-ok,,canonical matches source route
reparacao-fugas-cano-rebentado-vinhais.html,https://canalizador-norte-reparos.pt/urgencia-canalizador-vinhais,hub-money-same-concelho,,same official concelho=vinhais; target retained
reparacao-fugas-carrazeda-ansiaes.html,https://canalizador-norte-reparos.pt/reparacao-fugas-carrazeda-ansiaes,self-ref-ok,,canonical matches source route
reparacao-fugas-carrazeda-de-ansiaes.html,https://canalizador-norte-reparos.pt/reparacao-fugas-carrazeda-de-ansiaes,self-ref-ok,,canonical matches source route
reparacao-fugas-chaves.html,https://canalizador-norte-reparos.pt/urgencia-canalizador-chaves,hub-money-same-concelho,,same official concelho=chaves; target retained
reparacao-fugas-duas-igrejas.html,https://canalizador-norte-reparos.pt/reparacao-fugas-duas-igrejas,self-ref-ok,,canonical matches source route
reparacao-fugas-esquentador-fuga-alfandega-fe.html,https://canalizador-norte-reparos.pt/reparacao-fugas-esquentador-fuga-alfandega-fe,self-ref-ok,,canonical matches source route
reparacao-fugas-esquentador-fuga-algoso.html,https://canalizador-norte-reparos.pt/reparacao-fugas-esquentador-fuga-algoso,self-ref-ok,,canonical matches source route
reparacao-fugas-esquentador-fuga-alijo.html,https://canalizador-norte-reparos.pt/reparacao-fugas-pressao-baixa-alijo,hub-money-same-concelho,,same official concelho=alijo; target retained
reparacao-fugas-esquentador-fuga-armamar.html,https://canalizador-norte-reparos.pt/reparacao-fugas-esquentador-fuga-armamar,self-ref-ok,,canonical matches source route
reparacao-fugas-esquentador-fuga-boticas.html,https://canalizador-norte-reparos.pt/reparacao-fugas-esquentador-fuga-boticas,self-ref-ok,,canonical matches source route
reparacao-fugas-esquentador-fuga-braganca.html,https://canalizador-norte-reparos.pt/urgencia-canalizador-braganca,hub-money-same-concelho,,same official concelho=braganca; target retained
reparacao-fugas-esquentador-fuga-carrazeda-ansiaes.html,https://canalizador-norte-reparos.pt/reparacao-fugas-esquentador-fuga-carrazeda-ansiaes,self-ref-ok,,canonical matches source route
reparacao-fugas-esquentador-fuga-chaves.html,https://canalizador-norte-reparos.pt/urgencia-canalizador-chaves,hub-money-same-concelho,,same official concelho=chaves; target retained
reparacao-fugas-esquentador-fuga-duas-igrejas.html,https://canalizador-norte-reparos.pt/reparacao-fugas-esquentador-fuga-duas-igrejas,self-ref-ok,,canonical matches source route
reparacao-fugas-esquentador-fuga-foz-coa.html,https://canalizador-norte-reparos.pt/reparacao-fugas-esquentador-fuga-foz-coa,self-ref-ok,,canonical matches source route
reparacao-fugas-esquentador-fuga-freixo-espada-cinta.html,https://canalizador-norte-reparos.pt/reparacao-fugas-esquentador-fuga-freixo-espada-cinta,self-ref-ok,,canonical matches source route
reparacao-fugas-esquentador-fuga-lagoaca.html,https://canalizador-norte-reparos.pt/reparacao-fugas-esquentador-fuga-lagoaca,self-ref-ok,,canonical matches source route
reparacao-fugas-esquentador-fuga-lamego.html,https://canalizador-norte-reparos.pt/sem-agua-quente-lamego,hub-money-same-concelho,,same official concelho=lamego; target retained
reparacao-fugas-esquentador-fuga-macedo-cavaleiros.html,https://canalizador-norte-reparos.pt/reparacao-fugas-esquentador-fuga-macedo-cavaleiros,self-ref-ok,,canonical matches source route
reparacao-fugas-esquentador-fuga-mesao-frio.html,https://canalizador-norte-reparos.pt/reparacao-fugas-esquentador-fuga-mesao-frio,self-ref-ok,,canonical matches source route
reparacao-fugas-esquentador-fuga-miranda-douro.html,https://canalizador-norte-reparos.pt/reparacao-fugas-esquentador-fuga-miranda-douro,self-ref-ok,,canonical matches source route
reparacao-fugas-esquentador-fuga-mirandela.html,https://canalizador-norte-reparos.pt/urgencia-canalizador-mirandela,hub-money-same-concelho,,same official concelho=mirandela; target retained
reparacao-fugas-esquentador-fuga-mogadouro.html,https://canalizador-norte-reparos.pt/urgencia-canalizador-mogadouro,hub-money-same-concelho,,same official concelho=mogadouro; target retained
reparacao-fugas-esquentador-fuga-moimenta-beira.html,https://canalizador-norte-reparos.pt/reparacao-fugas-esquentador-fuga-moimenta-beira,self-ref-ok,,canonical matches source route
reparacao-fugas-esquentador-fuga-moncorvo.html,https://canalizador-norte-reparos.pt/reparacao-fugas-esquentador-fuga-moncorvo,self-ref-ok,,canonical matches source route
reparacao-fugas-esquentador-fuga-mondim-basto.html,https://canalizador-norte-reparos.pt/reparacao-fugas-esquentador-fuga-mondim-basto,self-ref-ok,,canonical matches source route
reparacao-fugas-esquentador-fuga-monforte-rio-livre.html,https://canalizador-norte-reparos.pt/reparacao-fugas-esquentador-fuga-monforte-rio-livre,self-ref-ok,,canonical matches source route
reparacao-fugas-esquentador-fuga-montalegre.html,https://canalizador-norte-reparos.pt/reparacao-fugas-esquentador-fuga-montalegre,self-ref-ok,,canonical matches source route
reparacao-fugas-esquentador-fuga-murca.html,https://canalizador-norte-reparos.pt/reparacao-fugas-esquentador-fuga-murca,self-ref-ok,,canonical matches source route
reparacao-fugas-esquentador-fuga-penedono.html,https://canalizador-norte-reparos.pt/reparacao-fugas-esquentador-fuga-penedono,self-ref-ok,,canonical matches source route
reparacao-fugas-esquentador-fuga-rebordelo.html,https://canalizador-norte-reparos.pt/reparacao-fugas-esquentador-fuga-rebordelo,self-ref-ok,,canonical matches source route
reparacao-fugas-esquentador-fuga-regua.html,https://canalizador-norte-reparos.pt/reparacao-fugas-esquentador-fuga-regua,self-ref-ok,,canonical matches source route
reparacao-fugas-esquentador-fuga-ribeira-pena.html,https://canalizador-norte-reparos.pt/reparacao-fugas-esquentador-fuga-ribeira-pena,self-ref-ok,,canonical matches source route
reparacao-fugas-esquentador-fuga-sabrosa.html,https://canalizador-norte-reparos.pt/reparacao-fugas-esquentador-fuga-sabrosa,self-ref-ok,,canonical matches source route
reparacao-fugas-esquentador-fuga-santa-marta-penaguiao.html,https://canalizador-norte-reparos.pt/reparacao-fugas-esquentador-fuga-santa-marta-penaguiao,self-ref-ok,,canonical matches source route
reparacao-fugas-esquentador-fuga-sao-joao-pesqueira.html,https://canalizador-norte-reparos.pt/reparacao-fugas-esquentador-fuga-sao-joao-pesqueira,self-ref-ok,,canonical matches source route
reparacao-fugas-esquentador-fuga-sendim.html,https://canalizador-norte-reparos.pt/reparacao-fugas-esquentador-fuga-sendim,self-ref-ok,,canonical matches source route
reparacao-fugas-esquentador-fuga-sernancelhe.html,https://canalizador-norte-reparos.pt/reparacao-fugas-esquentador-fuga-sernancelhe,self-ref-ok,,canonical matches source route
reparacao-fugas-esquentador-fuga-tabuaco.html,https://canalizador-norte-reparos.pt/reparacao-fugas-esquentador-fuga-tabuaco,self-ref-ok,,canonical matches source route
reparacao-fugas-esquentador-fuga-torre-moncorvo.html,https://canalizador-norte-reparos.pt/reparacao-fugas-esquentador-fuga-torre-moncorvo,self-ref-ok,,canonical matches source route
reparacao-fugas-esquentador-fuga-valpacos.html,https://canalizador-norte-reparos.pt/urgencia-canalizador-valpacos,hub-money-same-concelho,,same official concelho=valpacos; target retained
reparacao-fugas-esquentador-fuga-vila-flor.html,https://canalizador-norte-reparos.pt/reparacao-fugas-esquentador-fuga-vila-flor,self-ref-ok,,canonical matches source route
reparacao-fugas-esquentador-fuga-vila-pouca-aguiar.html,https://canalizador-norte-reparos.pt/reparacao-fugas-esquentador-fuga-vila-pouca-aguiar,self-ref-ok,,canonical matches source route
reparacao-fugas-esquentador-fuga-vila-real.html,https://canalizador-norte-reparos.pt/urgencia-canalizador-vila-real,hub-money-same-concelho,,same official concelho=vila-real; target retained
reparacao-fugas-esquentador-fuga-vimioso.html,https://canalizador-norte-reparos.pt/reparacao-fugas-esquentador-fuga-vimioso,self-ref-ok,,canonical matches source route
reparacao-fugas-esquentador-fuga-vinhais.html,https://canalizador-norte-reparos.pt/urgencia-canalizador-vinhais,hub-money-same-concelho,,same official concelho=vinhais; target retained
reparacao-fugas-foz-coa.html,https://canalizador-norte-reparos.pt/reparacao-fugas-foz-coa,self-ref-ok,,canonical matches source route
reparacao-fugas-freixo-de-espada-a-cinta.html,https://canalizador-norte-reparos.pt/reparacao-fugas-freixo-de-espada-a-cinta,self-ref-ok,,canonical matches source route
reparacao-fugas-freixo-espada-cinta.html,https://canalizador-norte-reparos.pt/reparacao-fugas-freixo-espada-cinta,self-ref-ok,,canonical matches source route
reparacao-fugas-fuga-agua-alfandega-fe.html,https://canalizador-norte-reparos.pt/reparacao-fugas-fuga-agua-alfandega-fe,self-ref-ok,,canonical matches source route
reparacao-fugas-fuga-agua-algoso.html,https://canalizador-norte-reparos.pt/reparacao-fugas-fuga-agua-algoso,self-ref-ok,,canonical matches source route
reparacao-fugas-fuga-agua-alijo.html,https://canalizador-norte-reparos.pt/reparacao-fugas-pressao-baixa-alijo,hub-money-same-concelho,,same official concelho=alijo; target retained
reparacao-fugas-fuga-agua-armamar.html,https://canalizador-norte-reparos.pt/reparacao-fugas-fuga-agua-armamar,self-ref-ok,,canonical matches source route
reparacao-fugas-fuga-agua-boticas.html,https://canalizador-norte-reparos.pt/reparacao-fugas-fuga-agua-boticas,self-ref-ok,,canonical matches source route
reparacao-fugas-fuga-agua-braganca.html,https://canalizador-norte-reparos.pt/urgencia-canalizador-braganca,hub-money-same-concelho,,same official concelho=braganca; target retained
reparacao-fugas-fuga-agua-carrazeda-ansiaes.html,https://canalizador-norte-reparos.pt/reparacao-fugas-fuga-agua-carrazeda-ansiaes,self-ref-ok,,canonical matches source route
reparacao-fugas-fuga-agua-chaves.html,https://canalizador-norte-reparos.pt/urgencia-canalizador-chaves,hub-money-same-concelho,,same official concelho=chaves; target retained
reparacao-fugas-fuga-agua-duas-igrejas.html,https://canalizador-norte-reparos.pt/reparacao-fugas-fuga-agua-duas-igrejas,self-ref-ok,,canonical matches source route
reparacao-fugas-fuga-agua-foz-coa.html,https://canalizador-norte-reparos.pt/reparacao-fugas-fuga-agua-foz-coa,self-ref-ok,,canonical matches source route
reparacao-fugas-fuga-agua-freixo-espada-cinta.html,https://canalizador-norte-reparos.pt/reparacao-fugas-fuga-agua-freixo-espada-cinta,self-ref-ok,,canonical matches source route
reparacao-fugas-fuga-agua-lagoaca.html,https://canalizador-norte-reparos.pt/reparacao-fugas-fuga-agua-lagoaca,self-ref-ok,,canonical matches source route
reparacao-fugas-fuga-agua-lamego.html,https://canalizador-norte-reparos.pt/sem-agua-quente-lamego,hub-money-same-concelho,,same official concelho=lamego; target retained
reparacao-fugas-fuga-agua-macedo-cavaleiros.html,https://canalizador-norte-reparos.pt/reparacao-fugas-fuga-agua-macedo-cavaleiros,self-ref-ok,,canonical matches source route
reparacao-fugas-fuga-agua-mesao-frio.html,https://canalizador-norte-reparos.pt/reparacao-fugas-fuga-agua-mesao-frio,self-ref-ok,,canonical matches source route
reparacao-fugas-fuga-agua-miranda-douro.html,https://canalizador-norte-reparos.pt/reparacao-fugas-fuga-agua-miranda-douro,self-ref-ok,,canonical matches source route
reparacao-fugas-fuga-agua-mirandela.html,https://canalizador-norte-reparos.pt/urgencia-canalizador-mirandela,hub-money-same-concelho,,same official concelho=mirandela; target retained
reparacao-fugas-fuga-agua-mogadouro.html,https://canalizador-norte-reparos.pt/urgencia-canalizador-mogadouro,hub-money-same-concelho,,same official concelho=mogadouro; target retained
reparacao-fugas-fuga-agua-moimenta-beira.html,https://canalizador-norte-reparos.pt/reparacao-fugas-fuga-agua-moimenta-beira,self-ref-ok,,canonical matches source route
reparacao-fugas-fuga-agua-moncorvo.html,https://canalizador-norte-reparos.pt/reparacao-fugas-fuga-agua-moncorvo,self-ref-ok,,canonical matches source route
reparacao-fugas-fuga-agua-mondim-basto.html,https://canalizador-norte-reparos.pt/reparacao-fugas-fuga-agua-mondim-basto,self-ref-ok,,canonical matches source route
reparacao-fugas-fuga-agua-monforte-rio-livre.html,https://canalizador-norte-reparos.pt/reparacao-fugas-fuga-agua-monforte-rio-livre,self-ref-ok,,canonical matches source route
reparacao-fugas-fuga-agua-montalegre.html,https://canalizador-norte-reparos.pt/reparacao-fugas-fuga-agua-montalegre,self-ref-ok,,canonical matches source route
reparacao-fugas-fuga-agua-murca.html,https://canalizador-norte-reparos.pt/reparacao-fugas-fuga-agua-murca,self-ref-ok,,canonical matches source route
reparacao-fugas-fuga-agua-penedono.html,https://canalizador-norte-reparos.pt/reparacao-fugas-fuga-agua-penedono,self-ref-ok,,canonical matches source route
reparacao-fugas-fuga-agua-rebordelo.html,https://canalizador-norte-reparos.pt/reparacao-fugas-fuga-agua-rebordelo,self-ref-ok,,canonical matches source route
reparacao-fugas-fuga-agua-regua.html,https://canalizador-norte-reparos.pt/reparacao-fugas-fuga-agua-regua,self-ref-ok,,canonical matches source route
reparacao-fugas-fuga-agua-ribeira-pena.html,https://canalizador-norte-reparos.pt/reparacao-fugas-fuga-agua-ribeira-pena,self-ref-ok,,canonical matches source route
reparacao-fugas-fuga-agua-sabrosa.html,https://canalizador-norte-reparos.pt/reparacao-fugas-fuga-agua-sabrosa,self-ref-ok,,canonical matches source route
reparacao-fugas-fuga-agua-santa-marta-penaguiao.html,https://canalizador-norte-reparos.pt/reparacao-fugas-fuga-agua-santa-marta-penaguiao,self-ref-ok,,canonical matches source route
reparacao-fugas-fuga-agua-sao-joao-pesqueira.html,https://canalizador-norte-reparos.pt/reparacao-fugas-fuga-agua-sao-joao-pesqueira,self-ref-ok,,canonical matches source route
reparacao-fugas-fuga-agua-sendim.html,https://canalizador-norte-reparos.pt/reparacao-fugas-fuga-agua-sendim,self-ref-ok,,canonical matches source route
reparacao-fugas-fuga-agua-sernancelhe.html,https://canalizador-norte-reparos.pt/reparacao-fugas-fuga-agua-sernancelhe,self-ref-ok,,canonical matches source route
reparacao-fugas-fuga-agua-tabuaco.html,https://canalizador-norte-reparos.pt/reparacao-fugas-fuga-agua-tabuaco,self-ref-ok,,canonical matches source route
reparacao-fugas-fuga-agua-torre-moncorvo.html,https://canalizador-norte-reparos.pt/reparacao-fugas-fuga-agua-torre-moncorvo,self-ref-ok,,canonical matches source route
reparacao-fugas-fuga-agua-valpacos.html,https://canalizador-norte-reparos.pt/urgencia-canalizador-valpacos,hub-money-same-concelho,,same official concelho=valpacos; target retained
reparacao-fugas-fuga-agua-vila-flor.html,https://canalizador-norte-reparos.pt/reparacao-fugas-fuga-agua-vila-flor,self-ref-ok,,canonical matches source route
reparacao-fugas-fuga-agua-vila-pouca-aguiar.html,https://canalizador-norte-reparos.pt/reparacao-fugas-fuga-agua-vila-pouca-aguiar,self-ref-ok,,canonical matches source route
reparacao-fugas-fuga-agua-vila-real.html,https://canalizador-norte-reparos.pt/urgencia-canalizador-vila-real,hub-money-same-concelho,,same official concelho=vila-real; target retained
reparacao-fugas-fuga-agua-vimioso.html,https://canalizador-norte-reparos.pt/reparacao-fugas-fuga-agua-vimioso,self-ref-ok,,canonical matches source route
reparacao-fugas-fuga-agua-vinhais.html,https://canalizador-norte-reparos.pt/urgencia-canalizador-vinhais,hub-money-same-concelho,,same official concelho=vinhais; target retained
reparacao-fugas-lagoaca.html,https://canalizador-norte-reparos.pt/reparacao-fugas-lagoaca,self-ref-ok,,canonical matches source route
reparacao-fugas-lamego.html,https://canalizador-norte-reparos.pt/sem-agua-quente-lamego,hub-money-same-concelho,,same official concelho=lamego; target retained
reparacao-fugas-macedo-cavaleiros.html,https://canalizador-norte-reparos.pt/reparacao-fugas-macedo-cavaleiros,self-ref-ok,,canonical matches source route
reparacao-fugas-macedo-de-cavaleiros.html,https://canalizador-norte-reparos.pt/reparacao-fugas-macedo-de-cavaleiros,self-ref-ok,,canonical matches source route
reparacao-fugas-mesao-frio.html,https://canalizador-norte-reparos.pt/reparacao-fugas-mesao-frio,self-ref-ok,,canonical matches source route
reparacao-fugas-miranda-do-douro.html,https://canalizador-norte-reparos.pt/reparacao-fugas-miranda-do-douro,self-ref-ok,,canonical matches source route
reparacao-fugas-miranda-douro.html,https://canalizador-norte-reparos.pt/reparacao-fugas-miranda-douro,self-ref-ok,,canonical matches source route
reparacao-fugas-mirandela.html,https://canalizador-norte-reparos.pt/urgencia-canalizador-mirandela,hub-money-same-concelho,,same official concelho=mirandela; target retained
reparacao-fugas-mogadouro.html,https://canalizador-norte-reparos.pt/urgencia-canalizador-mogadouro,hub-money-same-concelho,,same official concelho=mogadouro; target retained
reparacao-fugas-moimenta-beira.html,https://canalizador-norte-reparos.pt/reparacao-fugas-moimenta-beira,self-ref-ok,,canonical matches source route
reparacao-fugas-moncorvo.html,https://canalizador-norte-reparos.pt/reparacao-fugas-moncorvo,self-ref-ok,,canonical matches source route
reparacao-fugas-mondim-basto.html,https://canalizador-norte-reparos.pt/reparacao-fugas-mondim-basto,self-ref-ok,,canonical matches source route
reparacao-fugas-mondim-de-basto.html,https://canalizador-norte-reparos.pt/reparacao-fugas-mondim-de-basto,self-ref-ok,,canonical matches source route
reparacao-fugas-monforte-de-rio-livre.html,https://canalizador-norte-reparos.pt/reparacao-fugas-monforte-de-rio-livre,self-ref-ok,,canonical matches source route
reparacao-fugas-monforte-rio-livre.html,https://canalizador-norte-reparos.pt/reparacao-fugas-monforte-rio-livre,self-ref-ok,,canonical matches source route
reparacao-fugas-montalegre.html,https://canalizador-norte-reparos.pt/reparacao-fugas-montalegre,self-ref-ok,,canonical matches source route
reparacao-fugas-murca.html,https://canalizador-norte-reparos.pt/reparacao-fugas-murca,self-ref-ok,,canonical matches source route
reparacao-fugas-penedono.html,https://canalizador-norte-reparos.pt/reparacao-fugas-penedono,self-ref-ok,,canonical matches source route
reparacao-fugas-pressao-baixa-alfandega-fe.html,https://canalizador-norte-reparos.pt/reparacao-fugas-pressao-baixa-alfandega-fe,self-ref-ok,,canonical matches source route
reparacao-fugas-pressao-baixa-algoso.html,https://canalizador-norte-reparos.pt/reparacao-fugas-pressao-baixa-algoso,self-ref-ok,,canonical matches source route
reparacao-fugas-pressao-baixa-alijo.html,https://canalizador-norte-reparos.pt/reparacao-fugas-pressao-baixa-alijo,self-ref-ok,,canonical matches source route
reparacao-fugas-pressao-baixa-armamar.html,https://canalizador-norte-reparos.pt/reparacao-fugas-pressao-baixa-armamar,self-ref-ok,,canonical matches source route
reparacao-fugas-pressao-baixa-boticas.html,https://canalizador-norte-reparos.pt/reparacao-fugas-pressao-baixa-boticas,self-ref-ok,,canonical matches source route
reparacao-fugas-pressao-baixa-braganca.html,https://canalizador-norte-reparos.pt/urgencia-canalizador-braganca,hub-money-same-concelho,,same official concelho=braganca; target retained
reparacao-fugas-pressao-baixa-carrazeda-ansiaes.html,https://canalizador-norte-reparos.pt/reparacao-fugas-pressao-baixa-carrazeda-ansiaes,self-ref-ok,,canonical matches source route
reparacao-fugas-pressao-baixa-chaves.html,https://canalizador-norte-reparos.pt/urgencia-canalizador-chaves,hub-money-same-concelho,,same official concelho=chaves; target retained
reparacao-fugas-pressao-baixa-duas-igrejas.html,https://canalizador-norte-reparos.pt/reparacao-fugas-pressao-baixa-duas-igrejas,self-ref-ok,,canonical matches source route
reparacao-fugas-pressao-baixa-foz-coa.html,https://canalizador-norte-reparos.pt/reparacao-fugas-pressao-baixa-foz-coa,self-ref-ok,,canonical matches source route
reparacao-fugas-pressao-baixa-freixo-espada-cinta.html,https://canalizador-norte-reparos.pt/reparacao-fugas-pressao-baixa-freixo-espada-cinta,self-ref-ok,,canonical matches source route
reparacao-fugas-pressao-baixa-lagoaca.html,https://canalizador-norte-reparos.pt/reparacao-fugas-pressao-baixa-lagoaca,self-ref-ok,,canonical matches source route
reparacao-fugas-pressao-baixa-lamego.html,https://canalizador-norte-reparos.pt/sem-agua-quente-lamego,hub-money-same-concelho,,same official concelho=lamego; target retained
reparacao-fugas-pressao-baixa-macedo-cavaleiros.html,https://canalizador-norte-reparos.pt/reparacao-fugas-pressao-baixa-macedo-cavaleiros,self-ref-ok,,canonical matches source route
reparacao-fugas-pressao-baixa-mesao-frio.html,https://canalizador-norte-reparos.pt/reparacao-fugas-pressao-baixa-mesao-frio,self-ref-ok,,canonical matches source route
reparacao-fugas-pressao-baixa-miranda-douro.html,https://canalizador-norte-reparos.pt/reparacao-fugas-pressao-baixa-miranda-douro,self-ref-ok,,canonical matches source route
reparacao-fugas-pressao-baixa-mirandela.html,https://canalizador-norte-reparos.pt/urgencia-canalizador-mirandela,hub-money-same-concelho,,same official concelho=mirandela; target retained
reparacao-fugas-pressao-baixa-mogadouro.html,https://canalizador-norte-reparos.pt/urgencia-canalizador-mogadouro,hub-money-same-concelho,,same official concelho=mogadouro; target retained
reparacao-fugas-pressao-baixa-moimenta-beira.html,https://canalizador-norte-reparos.pt/reparacao-fugas-pressao-baixa-moimenta-beira,self-ref-ok,,canonical matches source route
reparacao-fugas-pressao-baixa-moncorvo.html,https://canalizador-norte-reparos.pt/reparacao-fugas-pressao-baixa-moncorvo,self-ref-ok,,canonical matches source route
reparacao-fugas-pressao-baixa-mondim-basto.html,https://canalizador-norte-reparos.pt/reparacao-fugas-pressao-baixa-mondim-basto,self-ref-ok,,canonical matches source route
reparacao-fugas-pressao-baixa-monforte-rio-livre.html,https://canalizador-norte-reparos.pt/reparacao-fugas-pressao-baixa-monforte-rio-livre,self-ref-ok,,canonical matches source route
reparacao-fugas-pressao-baixa-montalegre.html,https://canalizador-norte-reparos.pt/reparacao-fugas-pressao-baixa-montalegre,self-ref-ok,,canonical matches source route
reparacao-fugas-pressao-baixa-murca.html,https://canalizador-norte-reparos.pt/reparacao-fugas-pressao-baixa-murca,self-ref-ok,,canonical matches source route
reparacao-fugas-pressao-baixa-penedono.html,https://canalizador-norte-reparos.pt/reparacao-fugas-pressao-baixa-penedono,self-ref-ok,,canonical matches source route
reparacao-fugas-pressao-baixa-rebordelo.html,https://canalizador-norte-reparos.pt/reparacao-fugas-pressao-baixa-rebordelo,self-ref-ok,,canonical matches source route
reparacao-fugas-pressao-baixa-regua.html,https://canalizador-norte-reparos.pt/reparacao-fugas-pressao-baixa-regua,self-ref-ok,,canonical matches source route
reparacao-fugas-pressao-baixa-ribeira-pena.html,https://canalizador-norte-reparos.pt/reparacao-fugas-pressao-baixa-ribeira-pena,self-ref-ok,,canonical matches source route
reparacao-fugas-pressao-baixa-sabrosa.html,https://canalizador-norte-reparos.pt/reparacao-fugas-pressao-baixa-sabrosa,self-ref-ok,,canonical matches source route
reparacao-fugas-pressao-baixa-santa-marta-penaguiao.html,https://canalizador-norte-reparos.pt/reparacao-fugas-pressao-baixa-santa-marta-penaguiao,self-ref-ok,,canonical matches source route
reparacao-fugas-pressao-baixa-sao-joao-pesqueira.html,https://canalizador-norte-reparos.pt/reparacao-fugas-pressao-baixa-sao-joao-pesqueira,self-ref-ok,,canonical matches source route
reparacao-fugas-pressao-baixa-sendim.html,https://canalizador-norte-reparos.pt/reparacao-fugas-pressao-baixa-sendim,self-ref-ok,,canonical matches source route
reparacao-fugas-pressao-baixa-sernancelhe.html,https://canalizador-norte-reparos.pt/reparacao-fugas-pressao-baixa-sernancelhe,self-ref-ok,,canonical matches source route
reparacao-fugas-pressao-baixa-tabuaco.html,https://canalizador-norte-reparos.pt/reparacao-fugas-pressao-baixa-tabuaco,self-ref-ok,,canonical matches source route
reparacao-fugas-pressao-baixa-torre-moncorvo.html,https://canalizador-norte-reparos.pt/reparacao-fugas-pressao-baixa-torre-moncorvo,self-ref-ok,,canonical matches source route
reparacao-fugas-pressao-baixa-valpacos.html,https://canalizador-norte-reparos.pt/urgencia-canalizador-valpacos,hub-money-same-concelho,,same official concelho=valpacos; target retained
reparacao-fugas-pressao-baixa-vila-flor.html,https://canalizador-norte-reparos.pt/reparacao-fugas-pressao-baixa-vila-flor,self-ref-ok,,canonical matches source route
reparacao-fugas-pressao-baixa-vila-pouca-aguiar.html,https://canalizador-norte-reparos.pt/reparacao-fugas-pressao-baixa-vila-pouca-aguiar,self-ref-ok,,canonical matches source route
reparacao-fugas-pressao-baixa-vila-real.html,https://canalizador-norte-reparos.pt/urgencia-canalizador-vila-real,hub-money-same-concelho,,same official concelho=vila-real; target retained
reparacao-fugas-pressao-baixa-vimioso.html,https://canalizador-norte-reparos.pt/reparacao-fugas-pressao-baixa-vimioso,self-ref-ok,,canonical matches source route
reparacao-fugas-pressao-baixa-vinhais.html,https://canalizador-norte-reparos.pt/urgencia-canalizador-vinhais,hub-money-same-concelho,,same official concelho=vinhais; target retained
reparacao-fugas-rebordelo.html,https://canalizador-norte-reparos.pt/reparacao-fugas-rebordelo,self-ref-ok,,canonical matches source route
reparacao-fugas-regua.html,https://canalizador-norte-reparos.pt/reparacao-fugas-regua,self-ref-ok,,canonical matches source route
reparacao-fugas-ribeira-de-pena.html,https://canalizador-norte-reparos.pt/reparacao-fugas-ribeira-de-pena,self-ref-ok,,canonical matches source route
reparacao-fugas-ribeira-pena.html,https://canalizador-norte-reparos.pt/reparacao-fugas-ribeira-pena,self-ref-ok,,canonical matches source route
reparacao-fugas-sabrosa.html,https://canalizador-norte-reparos.pt/reparacao-fugas-sabrosa,self-ref-ok,,canonical matches source route
reparacao-fugas-santa-marta-penaguiao.html,https://canalizador-norte-reparos.pt/reparacao-fugas-santa-marta-penaguiao,self-ref-ok,,canonical matches source route
reparacao-fugas-sao-joao-pesqueira.html,https://canalizador-norte-reparos.pt/reparacao-fugas-sao-joao-pesqueira,self-ref-ok,,canonical matches source route
reparacao-fugas-sendim.html,https://canalizador-norte-reparos.pt/reparacao-fugas-sendim,self-ref-ok,,canonical matches source route
reparacao-fugas-sernancelhe.html,https://canalizador-norte-reparos.pt/reparacao-fugas-sernancelhe,self-ref-ok,,canonical matches source route
reparacao-fugas-tabuaco.html,https://canalizador-norte-reparos.pt/reparacao-fugas-tabuaco,self-ref-ok,,canonical matches source route
reparacao-fugas-torneira-pinga-alfandega-fe.html,https://canalizador-norte-reparos.pt/reparacao-fugas-torneira-pinga-alfandega-fe,self-ref-ok,,canonical matches source route
reparacao-fugas-torneira-pinga-algoso.html,https://canalizador-norte-reparos.pt/reparacao-fugas-torneira-pinga-algoso,self-ref-ok,,canonical matches source route
reparacao-fugas-torneira-pinga-alijo.html,https://canalizador-norte-reparos.pt/reparacao-fugas-pressao-baixa-alijo,hub-money-same-concelho,,same official concelho=alijo; target retained
reparacao-fugas-torneira-pinga-armamar.html,https://canalizador-norte-reparos.pt/reparacao-fugas-torneira-pinga-armamar,self-ref-ok,,canonical matches source route
reparacao-fugas-torneira-pinga-boticas.html,https://canalizador-norte-reparos.pt/reparacao-fugas-torneira-pinga-boticas,self-ref-ok,,canonical matches source route
reparacao-fugas-torneira-pinga-braganca.html,https://canalizador-norte-reparos.pt/urgencia-canalizador-braganca,hub-money-same-concelho,,same official concelho=braganca; target retained
reparacao-fugas-torneira-pinga-carrazeda-ansiaes.html,https://canalizador-norte-reparos.pt/reparacao-fugas-torneira-pinga-carrazeda-ansiaes,self-ref-ok,,canonical matches source route
reparacao-fugas-torneira-pinga-chaves.html,https://canalizador-norte-reparos.pt/urgencia-canalizador-chaves,hub-money-same-concelho,,same official concelho=chaves; target retained
reparacao-fugas-torneira-pinga-duas-igrejas.html,https://canalizador-norte-reparos.pt/reparacao-fugas-torneira-pinga-duas-igrejas,self-ref-ok,,canonical matches source route
reparacao-fugas-torneira-pinga-foz-coa.html,https://canalizador-norte-reparos.pt/reparacao-fugas-torneira-pinga-foz-coa,self-ref-ok,,canonical matches source route
reparacao-fugas-torneira-pinga-freixo-espada-cinta.html,https://canalizador-norte-reparos.pt/reparacao-fugas-torneira-pinga-freixo-espada-cinta,self-ref-ok,,canonical matches source route
reparacao-fugas-torneira-pinga-lagoaca.html,https://canalizador-norte-reparos.pt/reparacao-fugas-torneira-pinga-lagoaca,self-ref-ok,,canonical matches source route
reparacao-fugas-torneira-pinga-lamego.html,https://canalizador-norte-reparos.pt/sem-agua-quente-lamego,hub-money-same-concelho,,same official concelho=lamego; target retained
reparacao-fugas-torneira-pinga-macedo-cavaleiros.html,https://canalizador-norte-reparos.pt/reparacao-fugas-torneira-pinga-macedo-cavaleiros,self-ref-ok,,canonical matches source route
reparacao-fugas-torneira-pinga-mesao-frio.html,https://canalizador-norte-reparos.pt/reparacao-fugas-torneira-pinga-mesao-frio,self-ref-ok,,canonical matches source route
reparacao-fugas-torneira-pinga-miranda-douro.html,https://canalizador-norte-reparos.pt/reparacao-fugas-torneira-pinga-miranda-douro,self-ref-ok,,canonical matches source route
reparacao-fugas-torneira-pinga-mirandela.html,https://canalizador-norte-reparos.pt/urgencia-canalizador-mirandela,hub-money-same-concelho,,same official concelho=mirandela; target retained
reparacao-fugas-torneira-pinga-mogadouro.html,https://canalizador-norte-reparos.pt/urgencia-canalizador-mogadouro,hub-money-same-concelho,,same official concelho=mogadouro; target retained
reparacao-fugas-torneira-pinga-moimenta-beira.html,https://canalizador-norte-reparos.pt/reparacao-fugas-torneira-pinga-moimenta-beira,self-ref-ok,,canonical matches source route
reparacao-fugas-torneira-pinga-moncorvo.html,https://canalizador-norte-reparos.pt/reparacao-fugas-torneira-pinga-moncorvo,self-ref-ok,,canonical matches source route
reparacao-fugas-torneira-pinga-mondim-basto.html,https://canalizador-norte-reparos.pt/reparacao-fugas-torneira-pinga-mondim-basto,self-ref-ok,,canonical matches source route
reparacao-fugas-torneira-pinga-monforte-rio-livre.html,https://canalizador-norte-reparos.pt/reparacao-fugas-torneira-pinga-monforte-rio-livre,self-ref-ok,,canonical matches source route
reparacao-fugas-torneira-pinga-montalegre.html,https://canalizador-norte-reparos.pt/reparacao-fugas-torneira-pinga-montalegre,self-ref-ok,,canonical matches source route
reparacao-fugas-torneira-pinga-murca.html,https://canalizador-norte-reparos.pt/reparacao-fugas-torneira-pinga-murca,self-ref-ok,,canonical matches source route
reparacao-fugas-torneira-pinga-penedono.html,https://canalizador-norte-reparos.pt/reparacao-fugas-torneira-pinga-penedono,self-ref-ok,,canonical matches source route
reparacao-fugas-torneira-pinga-rebordelo.html,https://canalizador-norte-reparos.pt/reparacao-fugas-torneira-pinga-rebordelo,self-ref-ok,,canonical matches source route
reparacao-fugas-torneira-pinga-regua.html,https://canalizador-norte-reparos.pt/reparacao-fugas-torneira-pinga-regua,self-ref-ok,,canonical matches source route
reparacao-fugas-torneira-pinga-ribeira-pena.html,https://canalizador-norte-reparos.pt/reparacao-fugas-torneira-pinga-ribeira-pena,self-ref-ok,,canonical matches source route
reparacao-fugas-torneira-pinga-sabrosa.html,https://canalizador-norte-reparos.pt/reparacao-fugas-torneira-pinga-sabrosa,self-ref-ok,,canonical matches source route
reparacao-fugas-torneira-pinga-santa-marta-penaguiao.html,https://canalizador-norte-reparos.pt/reparacao-fugas-torneira-pinga-santa-marta-penaguiao,self-ref-ok,,canonical matches source route
reparacao-fugas-torneira-pinga-sao-joao-pesqueira.html,https://canalizador-norte-reparos.pt/reparacao-fugas-torneira-pinga-sao-joao-pesqueira,self-ref-ok,,canonical matches source route
reparacao-fugas-torneira-pinga-sendim.html,https://canalizador-norte-reparos.pt/reparacao-fugas-torneira-pinga-sendim,self-ref-ok,,canonical matches source route
reparacao-fugas-torneira-pinga-sernancelhe.html,https://canalizador-norte-reparos.pt/reparacao-fugas-torneira-pinga-sernancelhe,self-ref-ok,,canonical matches source route
reparacao-fugas-torneira-pinga-tabuaco.html,https://canalizador-norte-reparos.pt/reparacao-fugas-torneira-pinga-tabuaco,self-ref-ok,,canonical matches source route
reparacao-fugas-torneira-pinga-torre-moncorvo.html,https://canalizador-norte-reparos.pt/reparacao-fugas-torneira-pinga-torre-moncorvo,self-ref-ok,,canonical matches source route
reparacao-fugas-torneira-pinga-valpacos.html,https://canalizador-norte-reparos.pt/urgencia-canalizador-valpacos,hub-money-same-concelho,,same official concelho=valpacos; target retained
reparacao-fugas-torneira-pinga-vila-flor.html,https://canalizador-norte-reparos.pt/reparacao-fugas-torneira-pinga-vila-flor,self-ref-ok,,canonical matches source route
reparacao-fugas-torneira-pinga-vila-pouca-aguiar.html,https://canalizador-norte-reparos.pt/reparacao-fugas-torneira-pinga-vila-pouca-aguiar,self-ref-ok,,canonical matches source route
reparacao-fugas-torneira-pinga-vila-real.html,https://canalizador-norte-reparos.pt/urgencia-canalizador-vila-real,hub-money-same-concelho,,same official concelho=vila-real; target retained
reparacao-fugas-torneira-pinga-vimioso.html,https://canalizador-norte-reparos.pt/reparacao-fugas-torneira-pinga-vimioso,self-ref-ok,,canonical matches source route
reparacao-fugas-torneira-pinga-vinhais.html,https://canalizador-norte-reparos.pt/urgencia-canalizador-vinhais,hub-money-same-concelho,,same official concelho=vinhais; target retained
reparacao-fugas-torre-de-moncorvo.html,https://canalizador-norte-reparos.pt/reparacao-fugas-torre-de-moncorvo,self-ref-ok,,canonical matches source route
reparacao-fugas-torre-moncorvo.html,https://canalizador-norte-reparos.pt/reparacao-fugas-torre-moncorvo,self-ref-ok,,canonical matches source route
reparacao-fugas-valpacos.html,https://canalizador-norte-reparos.pt/urgencia-canalizador-valpacos,hub-money-same-concelho,,same official concelho=valpacos; target retained
reparacao-fugas-vila-flor.html,https://canalizador-norte-reparos.pt/reparacao-fugas-vila-flor,self-ref-ok,,canonical matches source route
reparacao-fugas-vila-pouca-aguiar.html,https://canalizador-norte-reparos.pt/reparacao-fugas-vila-pouca-aguiar,self-ref-ok,,canonical matches source route
reparacao-fugas-vila-pouca-de-aguiar.html,https://canalizador-norte-reparos.pt/reparacao-fugas-vila-pouca-de-aguiar,self-ref-ok,,canonical matches source route
reparacao-fugas-vila-real.html,https://canalizador-norte-reparos.pt/urgencia-canalizador-vila-real,hub-money-same-concelho,,same official concelho=vila-real; target retained
reparacao-fugas-vimioso.html,https://canalizador-norte-reparos.pt/reparacao-fugas-vimioso,self-ref-ok,,canonical matches source route
reparacao-fugas-vinhais.html,https://canalizador-norte-reparos.pt/urgencia-canalizador-vinhais,hub-money-same-concelho,,same official concelho=vinhais; target retained
reparacao-fugas-vs-canalizacao-nova.html,https://canalizador-norte-reparos.pt/reparacao-fugas-vs-canalizacao-nova,self-ref-ok,,canonical matches source route
reparacao-urgente-alfandega-da-fe.html,https://canalizador-norte-reparos.pt/reparacao-urgente-alfandega-da-fe,self-ref-ok,,canonical matches source route
reparacao-urgente-alijo.html,https://canalizador-norte-reparos.pt/reparacao-urgente-alijo,self-ref-ok,,canonical matches source route
reparacao-urgente-almendra.html,https://canalizador-norte-reparos.pt/reparacao-urgente-almendra,self-ref-ok,,canonical matches source route
reparacao-urgente-argozelo.html,https://canalizador-norte-reparos.pt/reparacao-urgente-argozelo,self-ref-ok,,canonical matches source route
reparacao-urgente-armamar.html,https://canalizador-norte-reparos.pt/reparacao-urgente-armamar,self-ref-ok,,canonical matches source route
reparacao-urgente-boticas.html,https://canalizador-norte-reparos.pt/reparacao-urgente-boticas,self-ref-ok,,canonical matches source route
reparacao-urgente-braganca.html,https://canalizador-norte-reparos.pt/reparacao-urgente-braganca,self-ref-ok,,canonical matches source route
reparacao-urgente-britiande.html,https://canalizador-norte-reparos.pt/reparacao-urgente-britiande,self-ref-ok,,canonical matches source route
reparacao-urgente-cambres.html,https://canalizador-norte-reparos.pt/reparacao-urgente-cambres,self-ref-ok,,canonical matches source route
reparacao-urgente-carrazeda-de-ansiaes.html,https://canalizador-norte-reparos.pt/reparacao-urgente-carrazeda-de-ansiaes,self-ref-ok,,canonical matches source route
reparacao-urgente-carrazedo-de-montenegro.html,https://canalizador-norte-reparos.pt/reparacao-urgente-carrazedo-de-montenegro,self-ref-ok,,canonical matches source route
reparacao-urgente-cedovim.html,https://canalizador-norte-reparos.pt/reparacao-urgente-cedovim,self-ref-ok,,canonical matches source route
reparacao-urgente-chaves.html,https://canalizador-norte-reparos.pt/reparacao-urgente-chaves,self-ref-ok,,canonical matches source route
reparacao-urgente-cumieira.html,https://canalizador-norte-reparos.pt/reparacao-urgente-cumieira,self-ref-ok,,canonical matches source route
reparacao-urgente-ervedosa-do-douro.html,https://canalizador-norte-reparos.pt/reparacao-urgente-ervedosa-do-douro,self-ref-ok,,canonical matches source route
reparacao-urgente-favaios.html,https://canalizador-norte-reparos.pt/reparacao-urgente-favaios,self-ref-ok,,canonical matches source route
reparacao-urgente-figueira-de-castelo-rodrigo.html,https://canalizador-norte-reparos.pt/reparacao-urgente-figueira-de-castelo-rodrigo,self-ref-ok,,canonical matches source route
reparacao-urgente-freixo-de-espada-a-cinta.html,https://canalizador-norte-reparos.pt/reparacao-urgente-freixo-de-espada-a-cinta,self-ref-ok,,canonical matches source route
reparacao-urgente-freixo-de-numao.html,https://canalizador-norte-reparos.pt/reparacao-urgente-freixo-de-numao,self-ref-ok,,canonical matches source route
reparacao-urgente-izeda.html,https://canalizador-norte-reparos.pt/reparacao-urgente-izeda,self-ref-ok,,canonical matches source route
reparacao-urgente-lalim.html,https://canalizador-norte-reparos.pt/reparacao-urgente-lalim,self-ref-ok,,canonical matches source route
reparacao-urgente-lamego.html,https://canalizador-norte-reparos.pt/reparacao-urgente-lamego,self-ref-ok,,canonical matches source route
reparacao-urgente-lazarim.html,https://canalizador-norte-reparos.pt/reparacao-urgente-lazarim,self-ref-ok,,canonical matches source route
reparacao-urgente-lordelo.html,https://canalizador-norte-reparos.pt/reparacao-urgente-lordelo,self-ref-ok,,canonical matches source route
reparacao-urgente-macedo-de-cavaleiros.html,https://canalizador-norte-reparos.pt/reparacao-urgente-macedo-de-cavaleiros,self-ref-ok,,canonical matches source route
reparacao-urgente-marialva.html,https://canalizador-norte-reparos.pt/reparacao-urgente-marialva,self-ref-ok,,canonical matches source route
reparacao-urgente-mesao-frio.html,https://canalizador-norte-reparos.pt/reparacao-urgente-mesao-frio,self-ref-ok,,canonical matches source route
reparacao-urgente-miranda-do-douro.html,https://canalizador-norte-reparos.pt/reparacao-urgente-miranda-do-douro,self-ref-ok,,canonical matches source route
reparacao-urgente-mirandela.html,https://canalizador-norte-reparos.pt/reparacao-urgente-mirandela,self-ref-ok,,canonical matches source route
reparacao-urgente-mogadouro.html,https://canalizador-norte-reparos.pt/reparacao-urgente-mogadouro,self-ref-ok,,canonical matches source route
reparacao-urgente-mondim-da-beira.html,https://canalizador-norte-reparos.pt/reparacao-urgente-mondim-da-beira,self-ref-ok,,canonical matches source route
reparacao-urgente-montalegre.html,https://canalizador-norte-reparos.pt/reparacao-urgente-montalegre,self-ref-ok,,canonical matches source route
reparacao-urgente-moucos.html,https://canalizador-norte-reparos.pt/reparacao-urgente-moucos,self-ref-ok,,canonical matches source route
reparacao-urgente-murca.html,https://canalizador-norte-reparos.pt/reparacao-urgente-murca,self-ref-ok,,canonical matches source route
reparacao-urgente-pedras-salgadas.html,https://canalizador-norte-reparos.pt/reparacao-urgente-pedras-salgadas,self-ref-ok,,canonical matches source route
reparacao-urgente-penedono.html,https://canalizador-norte-reparos.pt/reparacao-urgente-penedono,self-ref-ok,,canonical matches source route
reparacao-urgente-peso-da-regua.html,https://canalizador-norte-reparos.pt/reparacao-urgente-peso-da-regua,self-ref-ok,,canonical matches source route
reparacao-urgente-pinhao.html,https://canalizador-norte-reparos.pt/reparacao-urgente-pinhao,self-ref-ok,,canonical matches source route
reparacao-urgente-ribeira-de-pena.html,https://canalizador-norte-reparos.pt/reparacao-urgente-ribeira-de-pena,self-ref-ok,,canonical matches source route
reparacao-urgente-sabrosa.html,https://canalizador-norte-reparos.pt/reparacao-urgente-sabrosa,self-ref-ok,,canonical matches source route
reparacao-urgente-salzedas.html,https://canalizador-norte-reparos.pt/reparacao-urgente-salzedas,self-ref-ok,,canonical matches source route
reparacao-urgente-sanfins-do-douro.html,https://canalizador-norte-reparos.pt/reparacao-urgente-sanfins-do-douro,self-ref-ok,,canonical matches source route
reparacao-urgente-santa-marta-de-penaguiao.html,https://canalizador-norte-reparos.pt/reparacao-urgente-santa-marta-de-penaguiao,self-ref-ok,,canonical matches source route
reparacao-urgente-santo-estevao.html,https://canalizador-norte-reparos.pt/reparacao-urgente-santo-estevao,self-ref-ok,,canonical matches source route
reparacao-urgente-sao-cosmado.html,https://canalizador-norte-reparos.pt/reparacao-urgente-sao-cosmado,self-ref-ok,,canonical matches source route
reparacao-urgente-sao-joao-da-pesqueira.html,https://canalizador-norte-reparos.pt/reparacao-urgente-sao-joao-da-pesqueira,self-ref-ok,,canonical matches source route
reparacao-urgente-sao-joao-de-tarouca.html,https://canalizador-norte-reparos.pt/reparacao-urgente-sao-joao-de-tarouca,self-ref-ok,,canonical matches source route
reparacao-urgente-sao-martinho-de-anta.html,https://canalizador-norte-reparos.pt/reparacao-urgente-sao-martinho-de-anta,self-ref-ok,,canonical matches source route
reparacao-urgente-sendim.html,https://canalizador-norte-reparos.pt/reparacao-urgente-sendim,self-ref-ok,,canonical matches source route
reparacao-urgente-sernancelhe.html,https://canalizador-norte-reparos.pt/reparacao-urgente-sernancelhe,self-ref-ok,,canonical matches source route
reparacao-urgente-tabuaco.html,https://canalizador-norte-reparos.pt/reparacao-urgente-tabuaco,self-ref-ok,,canonical matches source route
reparacao-urgente-tarouca.html,https://canalizador-norte-reparos.pt/reparacao-urgente-tarouca,self-ref-ok,,canonical matches source route
reparacao-urgente-torre-de-dona-chama.html,https://canalizador-norte-reparos.pt/reparacao-urgente-torre-de-dona-chama,self-ref-ok,,canonical matches source route
reparacao-urgente-torre-de-moncorvo.html,https://canalizador-norte-reparos.pt/reparacao-urgente-torre-de-moncorvo,self-ref-ok,,canonical matches source route
reparacao-urgente-trevoes.html,https://canalizador-norte-reparos.pt/reparacao-urgente-trevoes,self-ref-ok,,canonical matches source route
reparacao-urgente-valdigem.html,https://canalizador-norte-reparos.pt/reparacao-urgente-valdigem,self-ref-ok,,canonical matches source route
reparacao-urgente-valpacos.html,https://canalizador-norte-reparos.pt/reparacao-urgente-valpacos,self-ref-ok,,canonical matches source route
reparacao-urgente-vidago.html,https://canalizador-norte-reparos.pt/reparacao-urgente-vidago,self-ref-ok,,canonical matches source route
reparacao-urgente-vila-flor.html,https://canalizador-norte-reparos.pt/reparacao-urgente-vila-flor,self-ref-ok,,canonical matches source route
reparacao-urgente-vila-franca-das-naves.html,https://canalizador-norte-reparos.pt/reparacao-urgente-vila-franca-das-naves,self-ref-ok,,canonical matches source route
reparacao-urgente-vila-nova-de-foz-coa.html,https://canalizador-norte-reparos.pt/reparacao-urgente-vila-nova-de-foz-coa,self-ref-ok,,canonical matches source route
reparacao-urgente-vila-pouca-de-aguiar.html,https://canalizador-norte-reparos.pt/reparacao-urgente-vila-pouca-de-aguiar,self-ref-ok,,canonical matches source route
reparacao-urgente-vila-real.html,https://canalizador-norte-reparos.pt/reparacao-urgente-vila-real,self-ref-ok,,canonical matches source route
reparacao-urgente-vilar-de-macada.html,https://canalizador-norte-reparos.pt/reparacao-urgente-vilar-de-macada,self-ref-ok,,canonical matches source route
reparacao-urgente-vilarandelo.html,https://canalizador-norte-reparos.pt/reparacao-urgente-vilarandelo,self-ref-ok,,canonical matches source route
reparacao-urgente-vimioso.html,https://canalizador-norte-reparos.pt/reparacao-urgente-vimioso,self-ref-ok,,canonical matches source route
reparacao-urgente-vinhais.html,https://canalizador-norte-reparos.pt/reparacao-urgente-vinhais,self-ref-ok,,canonical matches source route
reparar-vs-substituir-canalizacao.html,https://canalizador-norte-reparos.pt/reparar-vs-substituir-canalizacao,self-ref-ok,,canonical matches source route
reparar-vs-substituir-canalização.html,https://canalizador-norte-reparos.pt/reparar-vs-substituir-canalizacao,self-ref-ok,,canonical matches source route
sanita-entupida-alfandega-fe.html,https://canalizador-norte-reparos.pt/sanita-entupida-alfandega-fe,self-ref-ok,,canonical matches source route
sanita-entupida-algoso.html,https://canalizador-norte-reparos.pt/sanita-entupida-algoso,self-ref-ok,,canonical matches source route
sanita-entupida-alijo.html,https://canalizador-norte-reparos.pt/reparacao-fugas-pressao-baixa-alijo,hub-money-same-concelho,,same official concelho=alijo; target retained
sanita-entupida-armamar.html,https://canalizador-norte-reparos.pt/sanita-entupida-armamar,self-ref-ok,,canonical matches source route
sanita-entupida-boticas.html,https://canalizador-norte-reparos.pt/sanita-entupida-boticas,self-ref-ok,,canonical matches source route
sanita-entupida-braganca.html,https://canalizador-norte-reparos.pt/urgencia-canalizador-braganca,hub-money-same-concelho,,same official concelho=braganca; target retained
sanita-entupida-carrazeda-ansiaes.html,https://canalizador-norte-reparos.pt/sanita-entupida-carrazeda-ansiaes,self-ref-ok,,canonical matches source route
sanita-entupida-chaves.html,https://canalizador-norte-reparos.pt/urgencia-canalizador-chaves,hub-money-same-concelho,,same official concelho=chaves; target retained
sanita-entupida-duas-igrejas.html,https://canalizador-norte-reparos.pt/sanita-entupida-duas-igrejas,self-ref-ok,,canonical matches source route
sanita-entupida-foz-coa.html,https://canalizador-norte-reparos.pt/sanita-entupida-foz-coa,self-ref-ok,,canonical matches source route
sanita-entupida-freixo-espada-cinta.html,https://canalizador-norte-reparos.pt/sanita-entupida-freixo-espada-cinta,self-ref-ok,,canonical matches source route
sanita-entupida-lagoaca.html,https://canalizador-norte-reparos.pt/sanita-entupida-lagoaca,self-ref-ok,,canonical matches source route
sanita-entupida-lamego.html,https://canalizador-norte-reparos.pt/sem-agua-quente-lamego,hub-money-same-concelho,,same official concelho=lamego; target retained
sanita-entupida-macedo-cavaleiros.html,https://canalizador-norte-reparos.pt/sanita-entupida-macedo-cavaleiros,self-ref-ok,,canonical matches source route
sanita-entupida-macedo-de-cavaleiros.html,https://canalizador-norte-reparos.pt/urgencia-canalizador-macedo-de-cavaleiros,hub-money-same-concelho,,same official concelho=macedo-de-cavaleiros; target retained
sanita-entupida-mesao-frio.html,https://canalizador-norte-reparos.pt/sanita-entupida-mesao-frio,self-ref-ok,,canonical matches source route
sanita-entupida-miranda-douro.html,https://canalizador-norte-reparos.pt/sanita-entupida-miranda-douro,self-ref-ok,,canonical matches source route
sanita-entupida-mirandela.html,https://canalizador-norte-reparos.pt/urgencia-canalizador-mirandela,hub-money-same-concelho,,same official concelho=mirandela; target retained
sanita-entupida-mogadouro.html,https://canalizador-norte-reparos.pt/urgencia-canalizador-mogadouro,hub-money-same-concelho,,same official concelho=mogadouro; target retained
sanita-entupida-moimenta-beira.html,https://canalizador-norte-reparos.pt/sanita-entupida-moimenta-beira,self-ref-ok,,canonical matches source route
sanita-entupida-moncorvo.html,https://canalizador-norte-reparos.pt/sanita-entupida-moncorvo,self-ref-ok,,canonical matches source route
sanita-entupida-mondim-basto.html,https://canalizador-norte-reparos.pt/sanita-entupida-mondim-basto,self-ref-ok,,canonical matches source route
sanita-entupida-monforte-rio-livre.html,https://canalizador-norte-reparos.pt/sanita-entupida-monforte-rio-livre,self-ref-ok,,canonical matches source route
sanita-entupida-montalegre.html,https://canalizador-norte-reparos.pt/sanita-entupida-montalegre,self-ref-ok,,canonical matches source route
sanita-entupida-murca.html,https://canalizador-norte-reparos.pt/sanita-entupida-murca,self-ref-ok,,canonical matches source route
sanita-entupida-penedono.html,https://canalizador-norte-reparos.pt/sanita-entupida-penedono,self-ref-ok,,canonical matches source route
sanita-entupida-rebordelo.html,https://canalizador-norte-reparos.pt/sanita-entupida-rebordelo,self-ref-ok,,canonical matches source route
sanita-entupida-regua.html,https://canalizador-norte-reparos.pt/sanita-entupida-regua,self-ref-ok,,canonical matches source route
sanita-entupida-ribeira-pena.html,https://canalizador-norte-reparos.pt/sanita-entupida-ribeira-pena,self-ref-ok,,canonical matches source route
sanita-entupida-sabrosa.html,https://canalizador-norte-reparos.pt/sanita-entupida-sabrosa,self-ref-ok,,canonical matches source route
sanita-entupida-santa-marta-penaguiao.html,https://canalizador-norte-reparos.pt/sanita-entupida-santa-marta-penaguiao,self-ref-ok,,canonical matches source route
sanita-entupida-sao-joao-pesqueira.html,https://canalizador-norte-reparos.pt/sanita-entupida-sao-joao-pesqueira,self-ref-ok,,canonical matches source route
sanita-entupida-sendim.html,https://canalizador-norte-reparos.pt/sanita-entupida-sendim,self-ref-ok,,canonical matches source route
sanita-entupida-sernancelhe.html,https://canalizador-norte-reparos.pt/sanita-entupida-sernancelhe,self-ref-ok,,canonical matches source route
sanita-entupida-tabuaco.html,https://canalizador-norte-reparos.pt/sanita-entupida-tabuaco,self-ref-ok,,canonical matches source route
sanita-entupida-torre-moncorvo.html,https://canalizador-norte-reparos.pt/sanita-entupida-torre-moncorvo,self-ref-ok,,canonical matches source route
sanita-entupida-valpacos.html,https://canalizador-norte-reparos.pt/urgencia-canalizador-valpacos,hub-money-same-concelho,,same official concelho=valpacos; target retained
sanita-entupida-vila-flor.html,https://canalizador-norte-reparos.pt/sanita-entupida-vila-flor,self-ref-ok,,canonical matches source route
sanita-entupida-vila-pouca-aguiar.html,https://canalizador-norte-reparos.pt/sanita-entupida-vila-pouca-aguiar,self-ref-ok,,canonical matches source route
sanita-entupida-vila-real.html,https://canalizador-norte-reparos.pt/urgencia-canalizador-vila-real,hub-money-same-concelho,,same official concelho=vila-real; target retained
sanita-entupida-vimioso.html,https://canalizador-norte-reparos.pt/sanita-entupida-vimioso,self-ref-ok,,canonical matches source route
sanita-entupida-vinhais.html,https://canalizador-norte-reparos.pt/urgencia-canalizador-vinhais,hub-money-same-concelho,,same official concelho=vinhais; target retained
sem-agua-quente-alfandega-fe.html,https://canalizador-norte-reparos.pt/sem-agua-quente-alfandega-fe,self-ref-ok,,canonical matches source route
sem-agua-quente-algoso.html,https://canalizador-norte-reparos.pt/sem-agua-quente-algoso,self-ref-ok,,canonical matches source route
sem-agua-quente-alijo.html,https://canalizador-norte-reparos.pt/reparacao-fugas-pressao-baixa-alijo,hub-money-same-concelho,,same official concelho=alijo; target retained
sem-agua-quente-armamar.html,https://canalizador-norte-reparos.pt/sem-agua-quente-armamar,self-ref-ok,,canonical matches source route
sem-agua-quente-boticas.html,https://canalizador-norte-reparos.pt/sem-agua-quente-boticas,self-ref-ok,,canonical matches source route
sem-agua-quente-braganca.html,https://canalizador-norte-reparos.pt/urgencia-canalizador-braganca,hub-money-same-concelho,,same official concelho=braganca; target retained
sem-agua-quente-carrazeda-ansiaes.html,https://canalizador-norte-reparos.pt/sem-agua-quente-carrazeda-ansiaes,self-ref-ok,,canonical matches source route
sem-agua-quente-chaves.html,https://canalizador-norte-reparos.pt/urgencia-canalizador-chaves,hub-money-same-concelho,,same official concelho=chaves; target retained
sem-agua-quente-duas-igrejas.html,https://canalizador-norte-reparos.pt/sem-agua-quente-duas-igrejas,self-ref-ok,,canonical matches source route
sem-agua-quente-foz-coa.html,https://canalizador-norte-reparos.pt/sem-agua-quente-foz-coa,self-ref-ok,,canonical matches source route
sem-agua-quente-freixo-espada-cinta.html,https://canalizador-norte-reparos.pt/sem-agua-quente-freixo-espada-cinta,self-ref-ok,,canonical matches source route
sem-agua-quente-lagoaca.html,https://canalizador-norte-reparos.pt/sem-agua-quente-lagoaca,self-ref-ok,,canonical matches source route
sem-agua-quente-lamego.html,https://canalizador-norte-reparos.pt/sem-agua-quente-lamego,self-ref-ok,,canonical matches source route
sem-agua-quente-macedo-cavaleiros.html,https://canalizador-norte-reparos.pt/sem-agua-quente-macedo-cavaleiros,self-ref-ok,,canonical matches source route
sem-agua-quente-mesao-frio.html,https://canalizador-norte-reparos.pt/sem-agua-quente-mesao-frio,self-ref-ok,,canonical matches source route
sem-agua-quente-miranda-douro.html,https://canalizador-norte-reparos.pt/sem-agua-quente-miranda-douro,self-ref-ok,,canonical matches source route
sem-agua-quente-mirandela.html,https://canalizador-norte-reparos.pt/urgencia-canalizador-mirandela,hub-money-same-concelho,,same official concelho=mirandela; target retained
sem-agua-quente-mogadouro.html,https://canalizador-norte-reparos.pt/urgencia-canalizador-mogadouro,hub-money-same-concelho,,same official concelho=mogadouro; target retained
sem-agua-quente-moimenta-beira.html,https://canalizador-norte-reparos.pt/sem-agua-quente-moimenta-beira,self-ref-ok,,canonical matches source route
sem-agua-quente-moncorvo.html,https://canalizador-norte-reparos.pt/sem-agua-quente-moncorvo,self-ref-ok,,canonical matches source route
sem-agua-quente-mondim-basto.html,https://canalizador-norte-reparos.pt/sem-agua-quente-mondim-basto,self-ref-ok,,canonical matches source route
sem-agua-quente-monforte-rio-livre.html,https://canalizador-norte-reparos.pt/sem-agua-quente-monforte-rio-livre,self-ref-ok,,canonical matches source route
sem-agua-quente-montalegre.html,https://canalizador-norte-reparos.pt/sem-agua-quente-montalegre,self-ref-ok,,canonical matches source route
sem-agua-quente-murca.html,https://canalizador-norte-reparos.pt/sem-agua-quente-murca,self-ref-ok,,canonical matches source route
sem-agua-quente-penedono.html,https://canalizador-norte-reparos.pt/sem-agua-quente-penedono,self-ref-ok,,canonical matches source route
sem-agua-quente-rebordelo.html,https://canalizador-norte-reparos.pt/sem-agua-quente-rebordelo,self-ref-ok,,canonical matches source route
sem-agua-quente-regua.html,https://canalizador-norte-reparos.pt/sem-agua-quente-regua,self-ref-ok,,canonical matches source route
sem-agua-quente-ribeira-pena.html,https://canalizador-norte-reparos.pt/sem-agua-quente-ribeira-pena,self-ref-ok,,canonical matches source route
sem-agua-quente-sabrosa.html,https://canalizador-norte-reparos.pt/sem-agua-quente-sabrosa,self-ref-ok,,canonical matches source route
sem-agua-quente-santa-marta-penaguiao.html,https://canalizador-norte-reparos.pt/sem-agua-quente-santa-marta-penaguiao,self-ref-ok,,canonical matches source route
sem-agua-quente-sao-joao-pesqueira.html,https://canalizador-norte-reparos.pt/sem-agua-quente-sao-joao-pesqueira,self-ref-ok,,canonical matches source route
sem-agua-quente-sendim.html,https://canalizador-norte-reparos.pt/sem-agua-quente-sendim,self-ref-ok,,canonical matches source route
sem-agua-quente-sernancelhe.html,https://canalizador-norte-reparos.pt/sem-agua-quente-sernancelhe,self-ref-ok,,canonical matches source route
sem-agua-quente-tabuaco.html,https://canalizador-norte-reparos.pt/sem-agua-quente-tabuaco,self-ref-ok,,canonical matches source route
sem-agua-quente-torre-moncorvo.html,https://canalizador-norte-reparos.pt/sem-agua-quente-torre-moncorvo,self-ref-ok,,canonical matches source route
sem-agua-quente-valpacos.html,https://canalizador-norte-reparos.pt/urgencia-canalizador-valpacos,hub-money-same-concelho,,same official concelho=valpacos; target retained
sem-agua-quente-vila-flor.html,https://canalizador-norte-reparos.pt/sem-agua-quente-vila-flor,self-ref-ok,,canonical matches source route
sem-agua-quente-vila-pouca-aguiar.html,https://canalizador-norte-reparos.pt/sem-agua-quente-vila-pouca-aguiar,self-ref-ok,,canonical matches source route
sem-agua-quente-vila-real.html,https://canalizador-norte-reparos.pt/urgencia-canalizador-vila-real,hub-money-same-concelho,,same official concelho=vila-real; target retained
sem-agua-quente-vimioso.html,https://canalizador-norte-reparos.pt/sem-agua-quente-vimioso,self-ref-ok,,canonical matches source route
sem-agua-quente-vinhais.html,https://canalizador-norte-reparos.pt/urgencia-canalizador-vinhais,hub-money-same-concelho,,same official concelho=vinhais; target retained
servicos-condominios.html,https://canalizador-norte-reparos.pt/servicos-condominios,self-ref-ok,,canonical matches source route
servicos-hotelaria.html,https://canalizador-norte-reparos.pt/servicos-hotelaria,self-ref-ok,,canonical matches source route
servicos-restauracao.html,https://canalizador-norte-reparos.pt/servicos-restauracao,self-ref-ok,,canonical matches source route
servicos.html,https://canalizador-norte-reparos.pt/servicos,self-ref-ok,,canonical matches source route
simulador-preco.html,https://canalizador-norte-reparos.pt/simulador-preco,self-ref-ok,,canonical matches source route
sinais-alerta-casa-antiga.html,https://canalizador-norte-reparos.pt/sinais-alerta-casa-antiga,self-ref-ok,,canonical matches source route
sobre-mim.html,https://canalizador-norte-reparos.pt/sobre-mim,self-ref-ok,,canonical matches source route
sobre.html,https://canalizador-norte-reparos.pt/sobre,self-ref-ok,,canonical matches source route
tecnologia-endoscopio-inspeccao-video.html,https://canalizador-norte-reparos.pt/tecnologia-endoscopio-inspeccao-video,self-ref-ok,,canonical matches source route
tecnologia-flir-deteccao-fugas.html,https://canalizador-norte-reparos.pt/tecnologia-flir-deteccao-fugas,self-ref-ok,,canonical matches source route
tecnologia-premium.html,https://canalizador-norte-reparos.pt/tecnologia-premium,self-ref-ok,,canonical matches source route
tecnologia-ridgid-k9-102-desentupimento.html,https://canalizador-norte-reparos.pt/tecnologia-ridgid-k9-102-desentupimento,self-ref-ok,,canonical matches source route
tecnologia-roleak-acustica.html,https://canalizador-norte-reparos.pt/tecnologia-roleak-acustica,self-ref-ok,,canonical matches source route
termoacumulador-alfandega-da-fe.html,https://canalizador-norte-reparos.pt/termoacumulador-alfandega-da-fe,self-ref-ok,,canonical matches source route
termoacumulador-algoso.html,https://canalizador-norte-reparos.pt/termoacumulador-algoso,self-ref-ok,,canonical matches source route
termoacumulador-armamar.html,https://canalizador-norte-reparos.pt/termoacumulador-armamar,self-ref-ok,,canonical matches source route
termoacumulador-boticas.html,https://canalizador-norte-reparos.pt/termoacumulador-boticas,self-ref-ok,,canonical matches source route
termoacumulador-braganca.html,https://canalizador-norte-reparos.pt/urgencia-canalizador-braganca,hub-money-same-concelho,,same official concelho=braganca; target retained
termoacumulador-carrazeda-de-ansiaes.html,https://canalizador-norte-reparos.pt/termoacumulador-carrazeda-de-ansiaes,self-ref-ok,,canonical matches source route
termoacumulador-chaves.html,https://canalizador-norte-reparos.pt/urgencia-canalizador-chaves,hub-money-same-concelho,,same official concelho=chaves; target retained
termoacumulador-duas-igrejas.html,https://canalizador-norte-reparos.pt/termoacumulador-duas-igrejas,self-ref-ok,,canonical matches source route
termoacumulador-freixo-de-espada-a-cinta.html,https://canalizador-norte-reparos.pt/termoacumulador-freixo-de-espada-a-cinta,self-ref-ok,,canonical matches source route
termoacumulador-lagoaca.html,https://canalizador-norte-reparos.pt/termoacumulador-lagoaca,self-ref-ok,,canonical matches source route
termoacumulador-macedo-de-cavaleiros.html,https://canalizador-norte-reparos.pt/termoacumulador-macedo-de-cavaleiros,self-ref-ok,,canonical matches source route
termoacumulador-mesao-frio.html,https://canalizador-norte-reparos.pt/termoacumulador-mesao-frio,self-ref-ok,,canonical matches source route
termoacumulador-miranda-do-douro.html,https://canalizador-norte-reparos.pt/termoacumulador-miranda-do-douro,self-ref-ok,,canonical matches source route
termoacumulador-mirandela.html,https://canalizador-norte-reparos.pt/termoacumulador-mirandela,self-ref-ok,,canonical matches source route
termoacumulador-mogadouro.html,https://canalizador-norte-reparos.pt/termoacumulador-mogadouro,self-ref-ok,,canonical matches source route
termoacumulador-moncorvo.html,https://canalizador-norte-reparos.pt/termoacumulador-moncorvo,self-ref-ok,,canonical matches source route
termoacumulador-mondim-de-basto.html,https://canalizador-norte-reparos.pt/termoacumulador-mondim-de-basto,self-ref-ok,,canonical matches source route
termoacumulador-monforte-de-rio-livre.html,https://canalizador-norte-reparos.pt/termoacumulador-monforte-de-rio-livre,self-ref-ok,,canonical matches source route
termoacumulador-montalegre.html,https://canalizador-norte-reparos.pt/termoacumulador-montalegre,self-ref-ok,,canonical matches source route
termoacumulador-murca.html,https://canalizador-norte-reparos.pt/termoacumulador-murca,self-ref-ok,,canonical matches source route
termoacumulador-penedono.html,https://canalizador-norte-reparos.pt/termoacumulador-penedono,self-ref-ok,,canonical matches source route
termoacumulador-rebordelo.html,https://canalizador-norte-reparos.pt/termoacumulador-rebordelo,self-ref-ok,,canonical matches source route
termoacumulador-ribeira-de-pena.html,https://canalizador-norte-reparos.pt/termoacumulador-ribeira-de-pena,self-ref-ok,,canonical matches source route
termoacumulador-santa-marta-penaguiao.html,https://canalizador-norte-reparos.pt/termoacumulador-santa-marta-penaguiao,self-ref-ok,,canonical matches source route
termoacumulador-sendim.html,https://canalizador-norte-reparos.pt/termoacumulador-sendim,self-ref-ok,,canonical matches source route
termoacumulador-sernancelhe.html,https://canalizador-norte-reparos.pt/termoacumulador-sernancelhe,self-ref-ok,,canonical matches source route
termoacumulador-tabuaco.html,https://canalizador-norte-reparos.pt/termoacumulador-tabuaco,self-ref-ok,,canonical matches source route
termoacumulador-torre-de-moncorvo.html,https://canalizador-norte-reparos.pt/termoacumulador-torre-de-moncorvo,self-ref-ok,,canonical matches source route
termoacumulador-valpacos.html,https://canalizador-norte-reparos.pt/termoacumulador-valpacos,self-ref-ok,,canonical matches source route
termoacumulador-vila-flor.html,https://canalizador-norte-reparos.pt/termoacumulador-vila-flor,self-ref-ok,,canonical matches source route
termoacumulador-vila-pouca-de-aguiar.html,https://canalizador-norte-reparos.pt/termoacumulador-vila-pouca-de-aguiar,self-ref-ok,,canonical matches source route
termoacumulador-vila-real.html,https://canalizador-norte-reparos.pt/urgencia-canalizador-vila-real,hub-money-same-concelho,,same official concelho=vila-real; target retained
termoacumulador-vimioso.html,https://canalizador-norte-reparos.pt/termoacumulador-vimioso,self-ref-ok,,canonical matches source route
termoacumulador-vinhais.html,https://canalizador-norte-reparos.pt/termoacumulador-vinhais,self-ref-ok,,canonical matches source route
termos-condicoes.html,https://canalizador-norte-reparos.pt/termos-condicoes,self-ref-ok,,canonical matches source route
testemunhos.html,https://canalizador-norte-reparos.pt/testemunhos,self-ref-ok,,canonical matches source route
todas-perguntas-frequentes.html,https://canalizador-norte-reparos.pt/todas-perguntas-frequentes,self-ref-ok,,canonical matches source route
torneira-pinga-alfandega-fe.html,https://canalizador-norte-reparos.pt/torneira-pinga-alfandega-fe,self-ref-ok,,canonical matches source route
torneira-pinga-algoso.html,https://canalizador-norte-reparos.pt/torneira-pinga-algoso,self-ref-ok,,canonical matches source route
torneira-pinga-alijo.html,https://canalizador-norte-reparos.pt/reparacao-fugas-pressao-baixa-alijo,hub-money-same-concelho,,same official concelho=alijo; target retained
torneira-pinga-armamar.html,https://canalizador-norte-reparos.pt/torneira-pinga-armamar,self-ref-ok,,canonical matches source route
torneira-pinga-boticas.html,https://canalizador-norte-reparos.pt/torneira-pinga-boticas,self-ref-ok,,canonical matches source route
torneira-pinga-braganca.html,https://canalizador-norte-reparos.pt/urgencia-canalizador-braganca,hub-money-same-concelho,,same official concelho=braganca; target retained
torneira-pinga-carrazeda-ansiaes.html,https://canalizador-norte-reparos.pt/torneira-pinga-carrazeda-ansiaes,self-ref-ok,,canonical matches source route
torneira-pinga-chaves.html,https://canalizador-norte-reparos.pt/urgencia-canalizador-chaves,hub-money-same-concelho,,same official concelho=chaves; target retained
torneira-pinga-duas-igrejas.html,https://canalizador-norte-reparos.pt/torneira-pinga-duas-igrejas,self-ref-ok,,canonical matches source route
torneira-pinga-foz-coa.html,https://canalizador-norte-reparos.pt/torneira-pinga-foz-coa,self-ref-ok,,canonical matches source route
torneira-pinga-freixo-espada-cinta.html,https://canalizador-norte-reparos.pt/torneira-pinga-freixo-espada-cinta,self-ref-ok,,canonical matches source route
torneira-pinga-lagoaca.html,https://canalizador-norte-reparos.pt/torneira-pinga-lagoaca,self-ref-ok,,canonical matches source route
torneira-pinga-lamego.html,https://canalizador-norte-reparos.pt/sem-agua-quente-lamego,hub-money-same-concelho,,same official concelho=lamego; target retained
torneira-pinga-macedo-cavaleiros.html,https://canalizador-norte-reparos.pt/torneira-pinga-macedo-cavaleiros,self-ref-ok,,canonical matches source route
torneira-pinga-mesao-frio.html,https://canalizador-norte-reparos.pt/torneira-pinga-mesao-frio,self-ref-ok,,canonical matches source route
torneira-pinga-miranda-douro.html,https://canalizador-norte-reparos.pt/torneira-pinga-miranda-douro,self-ref-ok,,canonical matches source route
torneira-pinga-mirandela.html,https://canalizador-norte-reparos.pt/urgencia-canalizador-mirandela,hub-money-same-concelho,,same official concelho=mirandela; target retained
torneira-pinga-mogadouro.html,https://canalizador-norte-reparos.pt/urgencia-canalizador-mogadouro,hub-money-same-concelho,,same official concelho=mogadouro; target retained
torneira-pinga-moimenta-beira.html,https://canalizador-norte-reparos.pt/torneira-pinga-moimenta-beira,self-ref-ok,,canonical matches source route
torneira-pinga-moncorvo.html,https://canalizador-norte-reparos.pt/torneira-pinga-moncorvo,self-ref-ok,,canonical matches source route
torneira-pinga-mondim-basto.html,https://canalizador-norte-reparos.pt/torneira-pinga-mondim-basto,self-ref-ok,,canonical matches source route
torneira-pinga-monforte-rio-livre.html,https://canalizador-norte-reparos.pt/torneira-pinga-monforte-rio-livre,self-ref-ok,,canonical matches source route
torneira-pinga-montalegre.html,https://canalizador-norte-reparos.pt/torneira-pinga-montalegre,self-ref-ok,,canonical matches source route
torneira-pinga-murca.html,https://canalizador-norte-reparos.pt/torneira-pinga-murca,self-ref-ok,,canonical matches source route
torneira-pinga-penedono.html,https://canalizador-norte-reparos.pt/torneira-pinga-penedono,self-ref-ok,,canonical matches source route
torneira-pinga-rebordelo.html,https://canalizador-norte-reparos.pt/torneira-pinga-rebordelo,self-ref-ok,,canonical matches source route
torneira-pinga-regua.html,https://canalizador-norte-reparos.pt/torneira-pinga-regua,self-ref-ok,,canonical matches source route
torneira-pinga-ribeira-pena.html,https://canalizador-norte-reparos.pt/torneira-pinga-ribeira-pena,self-ref-ok,,canonical matches source route
torneira-pinga-sabrosa.html,https://canalizador-norte-reparos.pt/torneira-pinga-sabrosa,self-ref-ok,,canonical matches source route
torneira-pinga-santa-marta-penaguiao.html,https://canalizador-norte-reparos.pt/torneira-pinga-santa-marta-penaguiao,self-ref-ok,,canonical matches source route
torneira-pinga-sao-joao-pesqueira.html,https://canalizador-norte-reparos.pt/torneira-pinga-sao-joao-pesqueira,self-ref-ok,,canonical matches source route
torneira-pinga-sendim.html,https://canalizador-norte-reparos.pt/torneira-pinga-sendim,self-ref-ok,,canonical matches source route
torneira-pinga-sernancelhe.html,https://canalizador-norte-reparos.pt/torneira-pinga-sernancelhe,self-ref-ok,,canonical matches source route
torneira-pinga-tabuaco.html,https://canalizador-norte-reparos.pt/torneira-pinga-tabuaco,self-ref-ok,,canonical matches source route
torneira-pinga-torre-moncorvo.html,https://canalizador-norte-reparos.pt/torneira-pinga-torre-moncorvo,self-ref-ok,,canonical matches source route
torneira-pinga-valpacos.html,https://canalizador-norte-reparos.pt/urgencia-canalizador-valpacos,hub-money-same-concelho,,same official concelho=valpacos; target retained
torneira-pinga-vila-flor.html,https://canalizador-norte-reparos.pt/torneira-pinga-vila-flor,self-ref-ok,,canonical matches source route
torneira-pinga-vila-pouca-aguiar.html,https://canalizador-norte-reparos.pt/torneira-pinga-vila-pouca-aguiar,self-ref-ok,,canonical matches source route
torneira-pinga-vila-real.html,https://canalizador-norte-reparos.pt/urgencia-canalizador-vila-real,hub-money-same-concelho,,same official concelho=vila-real; target retained
torneira-pinga-vimioso.html,https://canalizador-norte-reparos.pt/torneira-pinga-vimioso,self-ref-ok,,canonical matches source route
torneira-pinga-vinhais.html,https://canalizador-norte-reparos.pt/urgencia-canalizador-vinhais,hub-money-same-concelho,,same official concelho=vinhais; target retained
trabalhar-conosco.html,https://canalizador-norte-reparos.pt/trabalhar-conosco,self-ref-ok,,canonical matches source route
tuto/como-desentupir-lava-loica.html,https://canalizador-norte-reparos.pt/tuto/como-desentupir-lava-loica,self-ref-ok,,canonical matches source route
tuto/como-desentupir-ralo-duche.html,https://canalizador-norte-reparos.pt/tuto/como-desentupir-ralo-duche,self-ref-ok,,canonical matches source route
tuto/como-desentupir-sanita.html,https://canalizador-norte-reparos.pt/tuto/como-desentupir-sanita,self-ref-ok,,canonical matches source route
tuto/como-evitar-canos-congelados.html,https://canalizador-norte-reparos.pt/tuto/como-evitar-canos-congelados,self-ref-ok,,canonical matches source route
tuto/como-instalar-filtro-agua.html,https://canalizador-norte-reparos.pt/tuto/como-instalar-filtro-agua,self-ref-ok,,canonical matches source route
tuto/como-instalar-maquina-lavar.html,https://canalizador-norte-reparos.pt/tuto/como-instalar-maquina-lavar,self-ref-ok,,canonical matches source route
tuto/como-limpar-fossa-septica.html,https://canalizador-norte-reparos.pt/tuto/como-limpar-fossa-septica,self-ref-ok,,canonical matches source route
tuto/como-manter-esquentador.html,https://canalizador-norte-reparos.pt/tuto/como-manter-esquentador,self-ref-ok,,canonical matches source route
tuto/como-purgar-radiadores.html,https://canalizador-norte-reparos.pt/tuto/como-purgar-radiadores,self-ref-ok,,canonical matches source route
tuto/como-reparar-autoclismo.html,https://canalizador-norte-reparos.pt/tuto/como-reparar-autoclismo,self-ref-ok,,canonical matches source route
tuto/como-reparar-fuga-agua.html,https://canalizador-norte-reparos.pt/tuto/como-reparar-fuga-agua,self-ref-ok,,canonical matches source route
tuto/como-trocar-chuveiro.html,https://canalizador-norte-reparos.pt/tuto/como-trocar-chuveiro,self-ref-ok,,canonical matches source route
tuto/como-trocar-sifao.html,https://canalizador-norte-reparos.pt/tuto/como-trocar-sifao,self-ref-ok,,canonical matches source route
tuto/como-trocar-torneira.html,https://canalizador-norte-reparos.pt/tuto/como-trocar-torneira,self-ref-ok,,canonical matches source route
tuto/como-verificar-pressao-agua.html,https://canalizador-norte-reparos.pt/tuto/como-verificar-pressao-agua,self-ref-ok,,canonical matches source route
urgencia-24h-braganca.html,https://canalizador-norte-reparos.pt/urgencia-canalizador-braganca,hub-money-same-concelho,,same official concelho=braganca; target retained
urgencia-24h-chaves.html,https://canalizador-norte-reparos.pt/urgencia-canalizador-chaves,hub-money-same-concelho,,same official concelho=chaves; target retained
urgencia-24h-lamego.html,https://canalizador-norte-reparos.pt/sem-agua-quente-lamego,hub-money-same-concelho,,same official concelho=lamego; target retained
urgencia-24h-macedo-cavaleiros.html,https://canalizador-norte-reparos.pt/urgencia-24h-macedo-cavaleiros,self-ref-ok,,canonical matches source route
urgencia-24h-miranda-douro.html,https://canalizador-norte-reparos.pt/urgencia-24h-miranda-douro,self-ref-ok,,canonical matches source route
urgencia-24h-mirandela.html,https://canalizador-norte-reparos.pt/urgencia-canalizador-mirandela,hub-money-same-concelho,,same official concelho=mirandela; target retained
urgencia-24h-mogadouro.html,https://canalizador-norte-reparos.pt/urgencia-canalizador-mogadouro,hub-money-same-concelho,,same official concelho=mogadouro; target retained
urgencia-24h-regua.html,https://canalizador-norte-reparos.pt/urgencia-24h-regua,self-ref-ok,,canonical matches source route
urgencia-24h-vila-real.html,https://canalizador-norte-reparos.pt/urgencia-canalizador-vila-real,hub-money-same-concelho,,same official concelho=vila-real; target retained
urgencia-24h-vinhais.html,https://canalizador-norte-reparos.pt/urgencia-canalizador-vinhais,hub-money-same-concelho,,same official concelho=vinhais; target retained
urgencia-canalizador-alfandega-da-fe.html,https://canalizador-norte-reparos.pt/urgencia-canalizador-alfandega-da-fe,self-ref-ok,,canonical matches source route
urgencia-canalizador-algoso.html,https://canalizador-norte-reparos.pt/urgencia-canalizador-algoso,self-ref-ok,,canonical matches source route
urgencia-canalizador-armamar.html,https://canalizador-norte-reparos.pt/urgencia-canalizador-armamar,self-ref-ok,,canonical matches source route
urgencia-canalizador-boticas.html,https://canalizador-norte-reparos.pt/urgencia-canalizador-boticas,self-ref-ok,,canonical matches source route
urgencia-canalizador-braganca.html,https://canalizador-norte-reparos.pt/urgencia-canalizador-braganca,self-ref-ok,,canonical matches source route
urgencia-canalizador-carrazeda-de-ansiaes.html,https://canalizador-norte-reparos.pt/urgencia-canalizador-carrazeda-de-ansiaes,self-ref-ok,,canonical matches source route
urgencia-canalizador-chaves.html,https://canalizador-norte-reparos.pt/urgencia-canalizador-chaves,self-ref-ok,,canonical matches source route
urgencia-canalizador-duas-igrejas.html,https://canalizador-norte-reparos.pt/urgencia-canalizador-duas-igrejas,self-ref-ok,,canonical matches source route
urgencia-canalizador-freixo-de-espada-a-cinta.html,https://canalizador-norte-reparos.pt/urgencia-canalizador-freixo-de-espada-a-cinta,self-ref-ok,,canonical matches source route
urgencia-canalizador-lagoaca.html,https://canalizador-norte-reparos.pt/urgencia-canalizador-lagoaca,self-ref-ok,,canonical matches source route
urgencia-canalizador-macedo-de-cavaleiros.html,https://canalizador-norte-reparos.pt/urgencia-canalizador-macedo-de-cavaleiros,self-ref-ok,,canonical matches source route
urgencia-canalizador-mesao-frio.html,https://canalizador-norte-reparos.pt/urgencia-canalizador-mesao-frio,self-ref-ok,,canonical matches source route
urgencia-canalizador-miranda-do-douro.html,https://canalizador-norte-reparos.pt/urgencia-canalizador-miranda-do-douro,self-ref-ok,,canonical matches source route
urgencia-canalizador-mirandela.html,https://canalizador-norte-reparos.pt/urgencia-canalizador-mirandela,self-ref-ok,,canonical matches source route
urgencia-canalizador-mogadouro.html,https://canalizador-norte-reparos.pt/urgencia-canalizador-mogadouro,self-ref-ok,,canonical matches source route
urgencia-canalizador-moncorvo.html,https://canalizador-norte-reparos.pt/urgencia-canalizador-moncorvo,self-ref-ok,,canonical matches source route
urgencia-canalizador-mondim-de-basto.html,https://canalizador-norte-reparos.pt/urgencia-canalizador-mondim-de-basto,self-ref-ok,,canonical matches source route
urgencia-canalizador-monforte-de-rio-livre.html,https://canalizador-norte-reparos.pt/urgencia-canalizador-monforte-de-rio-livre,self-ref-ok,,canonical matches source route
urgencia-canalizador-montalegre.html,https://canalizador-norte-reparos.pt/urgencia-canalizador-montalegre,self-ref-ok,,canonical matches source route
urgencia-canalizador-murca.html,https://canalizador-norte-reparos.pt/urgencia-canalizador-murca,self-ref-ok,,canonical matches source route
urgencia-canalizador-penedono.html,https://canalizador-norte-reparos.pt/urgencia-canalizador-penedono,self-ref-ok,,canonical matches source route
urgencia-canalizador-rebordelo.html,https://canalizador-norte-reparos.pt/urgencia-canalizador-rebordelo,self-ref-ok,,canonical matches source route
urgencia-canalizador-ribeira-de-pena.html,https://canalizador-norte-reparos.pt/urgencia-canalizador-ribeira-de-pena,self-ref-ok,,canonical matches source route
urgencia-canalizador-santa-marta-penaguiao.html,https://canalizador-norte-reparos.pt/urgencia-canalizador-santa-marta-penaguiao,self-ref-ok,,canonical matches source route
urgencia-canalizador-sendim.html,https://canalizador-norte-reparos.pt/urgencia-canalizador-sendim,self-ref-ok,,canonical matches source route
urgencia-canalizador-sernancelhe.html,https://canalizador-norte-reparos.pt/urgencia-canalizador-sernancelhe,self-ref-ok,,canonical matches source route
urgencia-canalizador-tabuaco.html,https://canalizador-norte-reparos.pt/urgencia-canalizador-tabuaco,self-ref-ok,,canonical matches source route
urgencia-canalizador-torre-de-moncorvo.html,https://canalizador-norte-reparos.pt/urgencia-canalizador-torre-de-moncorvo,self-ref-ok,,canonical matches source route
urgencia-canalizador-valpacos.html,https://canalizador-norte-reparos.pt/urgencia-canalizador-valpacos,self-ref-ok,,canonical matches source route
urgencia-canalizador-vila-flor.html,https://canalizador-norte-reparos.pt/urgencia-canalizador-vila-flor,self-ref-ok,,canonical matches source route
urgencia-canalizador-vila-pouca-de-aguiar.html,https://canalizador-norte-reparos.pt/urgencia-canalizador-vila-pouca-de-aguiar,self-ref-ok,,canonical matches source route
urgencia-canalizador-vila-real.html,https://canalizador-norte-reparos.pt/urgencia-canalizador-vila-real,self-ref-ok,,canonical matches source route
urgencia-canalizador-vimioso.html,https://canalizador-norte-reparos.pt/urgencia-canalizador-vimioso,self-ref-ok,,canonical matches source route
urgencia-canalizador-vinhais.html,https://canalizador-norte-reparos.pt/urgencia-canalizador-vinhais,self-ref-ok,,canonical matches source route
urgencias/canalizacao-entupida-resolver.html,https://canalizador-norte-reparos.pt/urgencias/canalizacao-entupida-resolver,self-ref-ok,,canonical matches source route
urgencias/esquentador-avariado-reparar.html,https://canalizador-norte-reparos.pt/urgencias/esquentador-avariado-reparar,self-ref-ok,,canonical matches source route
urgencias/fuga-agua-oculta-detetar.html,https://canalizador-norte-reparos.pt/urgencias/fuga-agua-oculta-detetar,self-ref-ok,,canonical matches source route
urgencias/picheleiro-braganca-urgente.html,https://canalizador-norte-reparos.pt/urgencias/picheleiro-braganca-urgente,self-ref-ok,,canonical matches source route
urgencias/torneira-pinga-reparar.html,https://canalizador-norte-reparos.pt/urgencias/torneira-pinga-reparar,self-ref-ok,,canonical matches source route
urgencias/wc-entupido-desentupir.html,https://canalizador-norte-reparos.pt/urgencias/wc-entupido-desentupir,self-ref-ok,,canonical matches source route
urgencias-24h.html,https://canalizador-norte-reparos.pt/urgencias-24h,self-ref-ok,,canonical matches source route
zona-intervencao.html,https://canalizador-norte-reparos.pt/zona-intervencao,self-ref-ok,,canonical matches source route
zonas-deslocacao.html,https://canalizador-norte-reparos.pt/zonas-deslocacao,self-ref-ok,,canonical matches source route
zonas-e-precos.html,https://canalizador-norte-reparos.pt/zonas-e-precos,self-ref-ok,,canonical matches source route
zonas.html,https://canalizador-norte-reparos.pt/zonas,self-ref-ok,,canonical matches source route
